Workbook

Sheet spmv_1_weak
A1: Matrix | B1: Rank | D1: LocalNNZ | E1: GFLOPS | G1: Run_1 | H1: Run_2 | I1: Run_3 | J1: Run_4 | K1: Run_5 | L1: Run_6 | M1: Run_7 | N1: Run_8 | O1: Run_9 | P1: Run_10 | R1: 90 percentile
A2: weak_scaling_1P.mtx | B2: 0 | D2: 2000000 | E2: 0.921597 | G2: 0.00380373 | H2: 0.004653931 | I2: 0.004559994 | J2: 0.004509687 | K2: 0.004440546 | L2: 0.004385471 | M2: 0.004307032 | N2: 0.004283428 | O2: 0.004284382 | P2: 0.004174709 | R2: =PERCENTILE(G2:P2,0.9) -> 0.0045693877

Sheet spmv_2_weak
A1: Matrix | B1: Rank | D1: LocalNNZ | E1: GFLOPS | G1: Run_1 | H1: Run_2 | I1: Run_3 | J1: Run_4 | K1: Run_5 | L1: Run_6 | M1: Run_7 | N1: Run_8 | O1: Run_9 | P1: Run_10 | R1: 90 percentile | T1: max time
A2: weak_scaling_2P.mtx | B2: 0 | D2: 2000000 | E2: 0.717585 | G2: 0.005844355 | H2: 0.010682821 | I2: 0.005143642 | J2: 0.005107164 | K2: 0.004974604 | L2: 0.004859924 | M2: 0.004845381 | N2: 0.004829407 | O2: 0.004766226 | P2: 0.004688978 | R2: =PERCENTILE(G2:P2,0.9) -> 0.0063282016 | T2: =MAX(R2:R129) -> 0.0063282016
A3: weak_scaling_2P.mtx | B3: 1 | D3: 2000000 | E3: 0.760199 | G3: 0.009187222 | H3: 0.005640745 | I3: 0.004925966 | J3: 0.004897356 | K3: 0.004805803 | L3: 0.004702091 | M3: 0.004653692 | N3: 0.004605532 | O3: 0.004624605 | P3: 0.004574776 | R3: =PERCENTILE(G3:P3,0.9) -> 0.0059953927

Sheet spmv_4_weak
A1: Matrix | B1: Rank | D1: LocalNNZ | E1: GFLOPS | G1: Run_1 | H1: Run_2 | I1: Run_3 | J1: Run_4 | K1: Run_5 | L1: Run_6 | M1: Run_7 | N1: Run_8 | O1: Run_9 | P1: Run_10 | R1: 90 percentile | T1: max time
A2: weak_scaling_4P.mtx | B2: 0 | D2: 2000000 | E2: 0.426798 | G2: 0.009268522 | H2: 0.0089252 | I2: 0.009833097 | J2: 0.009390116 | K2: 0.009954214 | L2: 0.009279728 | M2: 0.009119034 | N2: 0.008934498 | O2: 0.008836985 | P2: 0.010179758 | R2: =PERCENTILE(G2:P2,0.9) -> 0.0099767684 | T2: =MAX(R2:R129) -> 0.01014235
A3: weak_scaling_4P.mtx | B3: 1 | D3: 2000000 | E3: 0.420194 | G3: 0.009523153 | H3: 0.009109735 | I3: 0.00997138 | J3: 0.009533167 | K3: 0.010115147 | L3: 0.009420395 | M3: 0.009248734 | N3: 0.00901866 | O3: 0.008967638 | P3: 0.010286093 | R3: =PERCENTILE(G3:P3,0.9) -> 0.010132242
A4: weak_scaling_4P.mtx | B4: 2 | D4: 2000000 | E4: 0.527113 | G4: 0.010471582 | H4: 0.00852108 | I4: 0.007857084 | J4: 0.007546663 | K4: 0.007138014 | L4: 0.006937504 | M4: 0.00676775 | N4: 0.006673098 | O4: 0.006942749 | P4: 0.007029533 | R4: =PERCENTILE(G4:P4,0.9) -> 0.0087161302
A5: weak_scaling_4P.mtx | B5: 3 | D5: 2000000 | E5: 0.420442 | G5: 0.009477377 | H5: 0.00905323 | I5: 0.009881258 | J5: 0.009572029 | K5: 0.010118008 | L5: 0.009404421 | M5: 0.009198189 | N5: 0.009081364 | O5: 0.008990765 | P5: 0.010361433 | R5: =PERCENTILE(G5:P5,0.9) -> 0.01014235

Sheet spmv_8_weak
A1: Matrix | B1: Rank | D1: LocalNNZ | E1: GFLOPS | G1: Run_1 | H1: Run_2 | I1: Run_3 | J1: Run_4 | K1: Run_5 | L1: Run_6 | M1: Run_7 | N1: Run_8 | O1: Run_9 | P1: Run_10 | R1: 90 percentile | T1: max time
A2: weak_scaling_8P.mtx | B2: 0 | D2: 2000000 | E2: 0.375317 | G2: 0.010737181 | H2: 0.010481358 | I2: 0.010581255 | J2: 0.010307074 | K2: 0.010619879 | L2: 0.010508776 | M2: 0.010451555 | N2: 0.010818958 | O2: 0.011099577 | P2: 0.010970831 | R2: =PERCENTILE(G2:P2,0.9) -> 0.010983706 | T2: =MAX(R2:R129) -> 0.010983706
A3: weak_scaling_8P.mtx | B3: 1 | D3: 2000000 | E3: 0.385729 | G3: 0.010580063 | H3: 0.010235548 | I3: 0.010293722 | J3: 0.010072231 | K3: 0.010296106 | L3: 0.010222673 | M3: 0.010187864 | N3: 0.010527372 | O3: 0.010700703 | P3: 0.010583401 | R3: =PERCENTILE(G3:P3,0.9) -> 0.010595131
A4: weak_scaling_8P.mtx | B4: 2 | D4: 2000000 | E4: 0.391304 | G4: 0.01043129 | H4: 0.010014534 | I4: 0.010203123 | J4: 0.009934664 | K4: 0.010227919 | L4: 0.010029793 | M4: 0.00999856 | N4: 0.010390759 | O4: 0.010480165 | P4: 0.010511398 | R4: =PERCENTILE(G4:P4,0.9) -> 0.010483288
A5: weak_scaling_8P.mtx | B5: 3 | D5: 2000000 | E5: 0.388033 | G5: 0.010823727 | H5: 0.010209084 | I5: 0.010078192 | J5: 0.009969234 | K5: 0.010087252 | L5: 0.010155916 | M5: 0.010427475 | N5: 0.010632515 | O5: 0.010345459 | P5: 0.010355234 | R5: =PERCENTILE(G5:P5,0.9) -> 0.010651636
A6: weak_scaling_8P.mtx | B6: 4 | D6: 2000000 | E6: 0.402321 | G6: 0.01045084 | H6: 0.009830952 | I6: 0.00974369 | J6: 0.009743452 | K6: 0.009749651 | L6: 0.00978756 | M6: 0.009763241 | N6: 0.010142565 | O6: 0.010171175 | P6: 0.010040045 | R6: =PERCENTILE(G6:P6,0.9) -> 0.010199141
A7: weak_scaling_8P.mtx | B7: 5 | D7: 2000000 | E7: 0.387722 | G7: 0.010674 | H7: 0.010133743 | I7: 0.010216951 | J7: 0.010136843 | K7: 0.010216951 | L7: 0.010150671 | M7: 0.010166645 | N7: 0.010513067 | O7: 0.010457277 | P7: 0.010500431 | R7: =PERCENTILE(G7:P7,0.9) -> 0.01052916
A8: weak_scaling_8P.mtx | B8: 6 | D8: 2000000 | E8: 0.382703 | G8: 0.010883093 | H8: 0.010311365 | I8: 0.0102911 | J8: 0.010218859 | K8: 0.010287285 | L8: 0.010307312 | M8: 0.010403633 | N8: 0.010689259 | O8: 0.010543346 | P8: 0.010584354 | R8: =PERCENTILE(G8:P8,0.9) -> 0.010708642
A9: weak_scaling_8P.mtx | B9: 7 | D9: 2000000 | E9: 0.475312 | G9: 0.009008408 | H9: 0.008554697 | I9: 0.00823164 | J9: 0.007911682 | K9: 0.008076906 | L9: 0.007973433 | M9: 0.007888794 | N9: 0.008696556 | O9: 0.008874178 | P9: 0.008939028 | R9: =PERCENTILE(G9:P9,0.9) -> 0.008945966

Sheet spmv_1x16_weak
A1: Matrix | B1: Rank | D1: LocalNNZ | E1: GFLOPS | G1: Run_1 | H1: Run_2 | I1: Run_3 | J1: Run_4 | K1: Run_5 | L1: Run_6 | M1: Run_7 | N1: Run_8 | O1: Run_9 | P1: Run_10 | R1: 90 percentile | T1: max time
A2: weak_scaling_16P.mtx | B2: 0 | D2: 2000000 | E2: 0.219226 | G2: 0.019597292 | H2: 0.018279552 | I2: 0.018852949 | J2: 0.017785311 | K2: 0.018571377 | L2: 0.018335342 | M2: 0.017858028 | N2: 0.017515659 | O2: 0.018122435 | P2: 0.017542362 | R2: =PERCENTILE(G2:P2,0.9) -> 0.018927383 | T2: =MAX(R2:R129) -> 0.049514985
A3: weak_scaling_16P.mtx | B3: 1 | D3: 2000000 | E3: 0.084231 | G3: 0.048767567 | H3: 0.045843601 | I3: 0.047382116 | J3: 0.047570705 | K3: 0.047908306 | L3: 0.04706502 | M3: 0.047633171 | N3: 0.048651695 | O3: 0.04628706 | P3: 0.047774315 | R3: =PERCENTILE(G3:P3,0.9) -> 0.048663282
A4: weak_scaling_16P.mtx | B4: 2 | D4: 2000000 | E4: 0.084754 | G4: 0.04853797 | H4: 0.045589924 | I4: 0.046831131 | J4: 0.047219038 | K4: 0.047387362 | L4: 0.046575785 | M4: 0.047590733 | N4: 0.04867363 | O4: 0.045848608 | P4: 0.047702312 | R4: =PERCENTILE(G4:P4,0.9) -> 0.048551536
A5: weak_scaling_16P.mtx | B5: 3 | D5: 2000000 | E5: 0.083737 | G5: 0.049036503 | H5: 0.046094894 | I5: 0.047469854 | J5: 0.047873735 | K5: 0.048009396 | L5: 0.047278404 | M5: 0.047959805 | N5: 0.049150944 | O5: 0.046538591 | P5: 0.048272371 | R5: =PERCENTILE(G5:P5,0.9) -> 0.049047947
A6: weak_scaling_16P.mtx | B6: 4 | D6: 2000000 | E6: 0.083303 | G6: 0.049277782 | H6: 0.046432018 | I6: 0.047726393 | J6: 0.048088312 | K6: 0.048321009 | L6: 0.047517776 | M6: 0.048235893 | N6: 0.04936862 | O6: 0.046775818 | P6: 0.048432827 | R6: =PERCENTILE(G6:P6,0.9) -> 0.049286866
A7: weak_scaling_16P.mtx | B7: 5 | D7: 2000000 | E7: 0.083005 | G7: 0.049415827 | H7: 0.046626329 | I7: 0.047918797 | J7: 0.048298836 | K7: 0.048440695 | L7: 0.047644854 | M7: 0.048415184 | N7: 0.049549818 | O7: 0.046943188 | P7: 0.048644066 | R7: =PERCENTILE(G7:P7,0.9) -> 0.049429226
A8: weak_scaling_16P.mtx | B8: 6 | D8: 2000000 | E8: 0.083009 | G8: 0.049401522 | H8: 0.046704769 | I8: 0.047905207 | J8: 0.048242807 | K8: 0.04853797 | L8: 0.047623158 | M8: 0.048455477 | N8: 0.04946208 | O8: 0.046881914 | P8: 0.048662663 | R8: =PERCENTILE(G8:P8,0.9) -> 0.049407578
A9: weak_scaling_16P.mtx | B9: 7 | D9: 2000000 | E9: 0.210234 | G9: 0.020034552 | H9: 0.019433498 | I9: 0.01926899 | J9: 0.01841855 | K9: 0.019528627 | L9: 0.018861055 | M9: 0.019121885 | N9: 0.018458605 | O9: 0.018665314 | P9: 0.018472672 | R9: =PERCENTILE(G9:P9,0.9) -> 0.01957922
A10: weak_scaling_16P.mtx | B10: 8 | D10: 2000000 | E10: 0.083308 | G10: 0.049037933 | H10: 0.046456814 | I10: 0.047770262 | J10: 0.048145294 | K10: 0.048352003 | L10: 0.047523737 | M10: 0.048275232 | N10: 0.04943037 | O10: 0.046742201 | P10: 0.048411846 | R10: =PERCENTILE(G10:P10,0.9) -> 0.049077177
A11: weak_scaling_16P.mtx | B11: 9 | D11: 2000000 | E11: 0.083101 | G11: 0.049248695 | H11: 0.046603203 | I11: 0.047889233 | J11: 0.048207998 | K11: 0.048456907 | L11: 0.047595978 | M11: 0.048404217 | N11: 0.049518347 | O11: 0.046888113 | P11: 0.048529148 | R11: =PERCENTILE(G11:P11,0.9) -> 0.04927566
A12: weak_scaling_16P.mtx | B12: 10 | D12: 2000000 | E12: 0.083669 | G12: 0.048897505 | H12: 0.046216965 | I12: 0.047616482 | J12: 0.047907352 | K12: 0.04809165 | L12: 0.047344923 | M12: 0.048070669 | N12: 0.049293518 | O12: 0.046554089 | P12: 0.048083544 | R12: =PERCENTILE(G12:P12,0.9) -> 0.048937106
A13: weak_scaling_16P.mtx | B13: 11 | D13: 2000000 | E13: 0.083313 | G13: 0.049338341 | H13: 0.0465765 | I13: 0.047742844 | J13: 0.047929049 | K13: 0.048289537 | L13: 0.047454834 | M13: 0.048250198 | N13: 0.04935503 | O13: 0.046750307 | P13: 0.048433304 | R13: =PERCENTILE(G13:P13,0.9) -> 0.04934001
A14: weak_scaling_16P.mtx | B14: 12 | D14: 2000000 | E14: 0.083238 | G14: 0.049331427 | H14: 0.046500444 | I14: 0.047812462 | J14: 0.048156023 | K14: 0.048320532 | L14: 0.047529697 | M14: 0.048261404 | N14: 0.04941678 | O14: 0.046761036 | P14: 0.048458338 | R14: =PERCENTILE(G14:P14,0.9) -> 0.049339962
... A17: weak_scaling_16P.mtx | B17: 15 | D17: 2000000 | E17: 0.218161 | G17: 0.019727468 | H17: 0.018286943 | I17: 0.018990517 | J17: 0.017910004 | K17: 0.018694401 | L17: 0.018575907 | M17: 0.017743587 | N17: 0.017578363 | O17: 0.018279791 | P17: 0.017564058 | R17: =PERCENTILE(G17:P17,0.9) -> 0.019064212

Sheet spmv_2x8_weak
A1: Matrix | B1: Rank | D1: LocalNNZ | E1: GFLOPS | G1: Run_1 | H1: Run_2 | I1: Run_3 | J1: Run_4 | K1: Run_5 | L1: Run_6 | M1: Run_7 | N1: Run_8 | O1: Run_9 | P1: Run_10 | R1: 90 percentile | T1: max time
A2: weak_scaling_16P.mtx | B2: 0 | D2: 2000000 | E2: 0.204268 | G2: 0.02016139 | H2: 0.020273685 | I2: 0.019392729 | J2: 0.018891335 | K2: 0.019458532 | L2: 0.019795179 | M2: 0.019168615 | N2: 0.020107508 | O2: 0.019467592 | P2: 0.019104242 | R2: =PERCENTILE(G2:P2,0.9) -> 0.020172619 | T2: =MAX(R2:R129) -> 0.041941619
A3: weak_scaling_16P.mtx | B3: 1 | D3: 2000000 | E3: 0.205219 | G3: 0.020041943 | H3: 0.02026391 | I3: 0.01928997 | J3: 0.018763304 | K3: 0.019385099 | L3: 0.019636393 | M3: 0.019055128 | N3: 0.020087481 | O3: 0.019374371 | P3: 0.019015789 | R3: =PERCENTILE(G3:P3,0.9) -> 0.020105124
A4: weak_scaling_16P.mtx | B4: 2 | D4: 2000000 | E4: 0.09978 | G4: 0.039317846 | H4: 0.040555477 | I4: 0.038217783 | J4: 0.036883116 | K4: 0.040357351 | L4: 0.040169954 | M4: 0.041152716 | N4: 0.042155981 | O4: 0.040153742 | P4: 0.041917801 | R4: =PERCENTILE(G4:P4,0.9) -> 0.041941619
A5: weak_scaling_16P.mtx | B5: 3 | D5: 2000000 | E5: 0.25182 | G5: 0.016809464 | H5: 0.017078876 | I5: 0.015612125 | J5: 0.014841557 | K5: 0.015498638 | L5: 0.016014576 | M5: 0.01533699 | N5: 0.016523123 | O5: 0.015688181 | P5: 0.015439987 | R5: =PERCENTILE(G5:P5,0.9) -> 0.016836405
A6: weak_scaling_16P.mtx | B6: 4 | D6: 2000000 | E6: 0.204058 | G6: 0.020203829 | H6: 0.020400524 | I6: 0.019399166 | J6: 0.018843889 | K6: 0.019487143 | L6: 0.019767761 | M6: 0.019114256 | N6: 0.020218611 | O6: 0.019442558 | P6: 0.019144535 | R6: =PERCENTILE(G6:P6,0.9) -> 0.020236802
A7: weak_scaling_16P.mtx | B7: 5 | D7: 2000000 | E7: 0.100565 | G7: 0.038966179 | H7: 0.04022789 | I7: 0.03791213 | J7: 0.036573887 | K7: 0.040108681 | L7: 0.039895773 | M7: 0.040828228 | N7: 0.041769505 | O7: 0.039825916 | P7: 0.041643381 | R7: =PERCENTILE(G7:P7,0.9) -> 0.041655993
A8: weak_scaling_16P.mtx | B8: 6 | D8: 2000000 | E8: 0.10034 | G8: 0.039041519 | H8: 0.040322781 | I8: 0.038066864 | J8: 0.036645651 | K8: 0.04020834 | L8: 0.039994717 | M8: 0.040892124 | N8: 0.041868925 | O8: 0.040008545 | P8: 0.04159379 | R8: =PERCENTILE(G8:P8,0.9) -> 0.041621303
A9: weak_scaling_16P.mtx | B9: 7 | D9: 2000000 | E9: 0.100452 | G9: 0.039079905 | H9: 0.040173054 | I9: 0.03796792 | J9: 0.036569118 | K9: 0.040073633 | L9: 0.039991856 | M9: 0.040819883 | N9: 0.041802168 | O9: 0.040054321 | P9: 0.041666985 | R9: =PERCENTILE(G9:P9,0.9) -> 0.041680503
A10: weak_scaling_16P.mtx | B10: 8 | D10: 2000000 | E10: 0.100242 | G10: 0.039102793 | H10: 0.040379286 | I10: 0.038049459 | J10: 0.036650896 | K10: 0.040196657 | L10: 0.040071011 | M10: 0.040874958 | N10: 0.041976452 | O10: 0.040025711 | P10: 0.041705608 | R10: =PERCENTILE(G10:P10,0.9) -> 0.041732692
A11: weak_scaling_16P.mtx | B11: 9 | D11: 2000000 | E11: 0.202221 | G11: 0.020390987 | H11: 0.020715714 | I11: 0.019639969 | J11: 0.019007683 | K11: 0.019537449 | L11: 0.02001667 | M11: 0.018942595 | N11: 0.020554066 | O11: 0.019658089 | P11: 0.019340038 | R11: =PERCENTILE(G11:P11,0.9) -> 0.020570231
A12: weak_scaling_16P.mtx | B12: 10 | D12: 2000000 | E12: 0.100397 | G12: 0.039069176 | H12: 0.040379286 | I12: 0.037960291 | J12: 0.036530972 | K12: 0.040095329 | L12: 0.039950371 | M12: 0.040820599 | N12: 0.041982174 | O12: 0.040012121 | P12: 0.04161787 | R12: =PERCENTILE(G12:P12,0.9) -> 0.0416543
A13: weak_scaling_16P.mtx | B13: 11 | D13: 2000000 | E13: 0.100392 | G13: 0.039085627 | H13: 0.040404081 | I13: 0.037992477 | J13: 0.036538124 | K13: 0.040142536 | L13: 0.039910078 | M13: 0.040856361 | N13: 0.041938543 | O13: 0.039973021 | P13: 0.041598558 | R13: =PERCENTILE(G13:P13,0.9) -> 0.041632557
A14: weak_scaling_16P.mtx | B14: 12 | D14: 2000000 | E14: 0.101222 | G14: 0.038631678 | H14: 0.040102959 | I14: 0.0376966 | J14: 0.036192417 | K14: 0.039742231 | L14: 0.039633512 | M14: 0.040456057 | N14: 0.0417068 | O14: 0.03976965 | P14: 0.041239977 | R14: =PERCENTILE(G14:P14,0.9) -> 0.041286659
... A17: weak_scaling_16P.mtx | B17: 15 | D17: 2000000 | E17: 0.100556 | G17: 0.039009333 | H17: 0.040190458 | I17: 0.03791523 | J17: 0.036618948 | K17: 0.040053844 | L17: 0.039963961 | M17: 0.040864944 | N17: 0.04178071 | O17: 0.039828539 | P17: 0.04156065 | R17: =PERCENTILE(G17:P17,0.9) -> 0.041582656

Sheet spmv_2x16_weak
A1: Matrix | B1: Rank | D1: LocalNNZ | E1: GFLOPS | G1: Run_1 | H1: Run_2 | I1: Run_3 | J1: Run_4 | K1: Run_5 | L1: Run_6 | M1: Run_7 | N1: Run_8 | O1: Run_9 | P1: Run_10 | R1: 90 percentile | T1: max time
A2: weak_scaling_32P.mtx | B2: 0 | D2: 2000000 | E2: 0.104415 | G2: 0.038635731 | H2: 0.037085056 | I2: 0.039270401 | J2: 0.042072535 | K2: 0.040414572 | L2: 0.038973093 | M2: 0.035637856 | N2: 0.035351992 | O2: 0.03774786 | P2: 0.037897587 | R2: =PERCENTILE(G2:P2,0.9) -> 0.040580368 | T2: =MAX(R2:R129) -> 0.1030755
A3: weak_scaling_32P.mtx | B3: 1 | D3: 2000000 | E3: 0.074958 | G3: 0.052893162 | H3: 0.055401564 | I3: 0.054755449 | J3: 0.055513859 | K3: 0.052580833 | L3: 0.054295301 | M3: 0.051426172 | N3: 0.050777912 | O3: 0.052879095 | P3: 0.053109407 | R3: =PERCENTILE(G3:P3,0.9) -> 0.055412794
A4: weak_scaling_32P.mtx | B4: 2 | D4: 2000000 | E4: 0.111854 | G4: 0.035917282 | H4: 0.034695148 | I4: 0.035660267 | J4: 0.038416147 | K4: 0.038573265 | L4: 0.036922932 | M4: 0.03365159 | N4: 0.033033371 | O4: 0.035315037 | P4: 0.035424709 | R4: =PERCENTILE(G4:P4,0.9) -> 0.038431859
A5: weak_scaling_32P.mtx | B5: 3 | D5: 2000000 | E5: 0.065301 | G5: 0.062657595 | H5: 0.060673237 | I5: 0.060791969 | J5: 0.063394547 | K5: 0.061434269 | L5: 0.06257391 | M5: 0.059090376 | N5: 0.059483528 | O5: 0.061376095 | P5: 0.061074257 | R5: =PERCENTILE(G5:P5,0.9) -> 0.06273129
A6: weak_scaling_32P.mtx | B6: 4 | D6: 2000000 | E6: 0.065479 | G6: 0.062907696 | H6: 0.060456753 | I6: 0.060826778 | J6: 0.063234329 | K6: 0.061148167 | L6: 0.062758684 | M6: 0.058628321 | N6: 0.059112072 | O6: 0.061136246 | P6: 0.060669661 | R6: =PERCENTILE(G6:P6,0.9) -> 0.062940359
A7: weak_scaling_32P.mtx | B7: 5 | D7: 2000000 | E7: 0.070847 | G7: 0.057503462 | H7: 0.056828737 | I7: 0.056937695 | J7: 0.058894396 | K7: 0.056452274 | L7: 0.05815959 | M7: 0.053692579 | N7: 0.054098845 | O7: 0.056345463 | P7: 0.055686235 | R7: =PERCENTILE(G7:P7,0.9) -> 0.058233071
A8: weak_scaling_32P.mtx | B8: 6 | D8: 2000000 | E8: 0.069335 | G8: 0.058509827 | H8: 0.05857563 | I8: 0.05816865 | J8: 0.060024977 | K8: 0.057592869 | L8: 0.059683561 | M8: 0.054519653 | N8: 0.055117607 | O8: 0.057576656 | P8: 0.057139874 | R8: =PERCENTILE(G8:P8,0.9) -> 0.059717703
A9: weak_scaling_32P.mtx | B9: 7 | D9: 2000000 | E9: 0.068482 | G9: 0.059240103 | H9: 0.058953047 | I9: 0.058826447 | J9: 0.061163902 | K9: 0.058169365 | L9: 0.060393572 | M9: 0.055445433 | N9: 0.055770874 | O9: 0.058481216 | P9: 0.057650089 | R9: =PERCENTILE(G9:P9,0.9) -> 0.060470605
A10: weak_scaling_32P.mtx | B10: 8 | D10: 2000000 | E10: 0.067971 | G10: 0.059670687 | H10: 0.0595541 | I10: 0.059350729 | J10: 0.061571598 | K10: 0.058517694 | L10: 0.060959101 | M10: 0.055663824 | N10: 0.05624485 | O10: 0.058990479 | P10: 0.057959557 | R10: =PERCENTILE(G10:P10,0.9) -> 0.061020351
A11: weak_scaling_32P.mtx | B11: 9 | D11: 2000000 | E11: 0.061282 | G11: 0.066776991 | H11: 0.064807177 | I11: 0.065057039 | J11: 0.067513466 | K11: 0.064691544 | L11: 0.067551374 | M11: 0.062688589 | N11: 0.063105106 | O11: 0.065262318 | P11: 0.065271378 | R11: =PERCENTILE(G11:P11,0.9) -> 0.067517257
A12: weak_scaling_32P.mtx | B12: 10 | D12: 2000000 | E12: 0.040728 | G12: 0.096332312 | H12: 0.10385847 | I12: 0.096100092 | J12: 0.10259557 | K12: 0.095293522 | L12: 0.1028862 | M12: 0.092920065 | N12: 0.093425035 | O12: 0.099441051 | P12: 0.099283218 | R12: =PERCENTILE(G12:P12,0.9) -> 0.10298343
A13: weak_scaling_32P.mtx | B13: 11 | D13: 2000000 | E13: 0.060339 | G13: 0.06766963 | H13: 0.065825701 | I13: 0.06612587 | J13: 0.06850791 | K13: 0.065617323 | L13: 0.068639755 | M13: 0.063836575 | N13: 0.064131975 | O13: 0.066251755 | P13: 0.066316843 | R13: =PERCENTILE(G13:P13,0.9) -> 0.068521095
A14: weak_scaling_32P.mtx | B14: 12 | D14: 2000000 | E14: 0.067728 | G14: 0.059879065 | H14: 0.059731245 | I14: 0.059475183 | J14: 0.061825037 | K14: 0.058549643 | L14: 0.061161041 | M14: 0.056067944 | N14: 0.056454897 | O14: 0.058992863 | P14: 0.058463097 | R14: =PERCENTILE(G14:P14,0.9) -> 0.061227441
... A33: weak_scaling_32P.mtx | B33: 31 | D33: 2000000 | E33: 0.063228 | G33: 0.064399242 | H33: 0.063529968 | I33: 0.063670874 | J33: 0.065459013 | K33: 0.062395334 | L33: 0.064552546 | M33: 0.060987473 | N33: 0.061108589 | O33: 0.063011408 | P33: 0.063519716 | R33: =PERCENTILE(G33:P33,0.9) -> 0.064643193

Sheet spmv_4x8_weak
A1: Matrix | B1: Rank | D1: LocalNNZ | E1: GFLOPS | G1: Run_1 | H1: Run_2 | I1: Run_3 | J1: Run_4 | K1: Run_5 | L1: Run_6 | M1: Run_7 | N1: Run_8 | O1: Run_9 | P1: Run_10 | R1: 90 percentile | T1: max time
A2: weak_scaling_32P.mtx | B2: 0 | D2: 2000000 | E2: 0.123746 | G2: 0.034105062 | H2: 0.031878948 | I2: 0.032621861 | J2: 0.031922817 | K2: 0.031598806 | L2: 0.032365322 | M2: 0.032067299 | N2: 0.032420874 | O2: 0.032124758 | P2: 0.032137632 | R2: =PERCENTILE(G2:P2,0.9) -> 0.032770181 | T2: =MAX(R2:R129) -> 0.046315861
A3: weak_scaling_32P.mtx | B3: 1 | D3: 2000000 | E3: 0.099917 | G3: 0.041784286 | H3: 0.039787769 | I3: 0.041535854 | J3: 0.041059017 | K3: 0.039087772 | L3: 0.040132999 | M3: 0.038611174 | N3: 0.040398836 | O3: 0.038868904 | P3: 0.039065838 | R3: =PERCENTILE(G3:P3,0.9) -> 0.041560697
A4: weak_scaling_32P.mtx | B4: 2 | D4: 2000000 | E4: 0.090529 | G4: 0.043223381 | H4: 0.045506001 | I4: 0.046723127 | J4: 0.046270609 | K4: 0.045327663 | L4: 0.045944452 | M4: 0.041146278 | N4: 0.043365955 | O4: 0.041538 | P4: 0.042801857 | R4: =PERCENTILE(G4:P4,0.9) -> 0.046315861
A5: weak_scaling_32P.mtx | B5: 3 | D5: 2000000 | E5: 0.14038 | G5: 0.029349804 | H5: 0.027503729 | I5: 0.027438164 | J5: 0.027572393 | K5: 0.026867151 | L5: 0.029490948 | M5: 0.028394222 | N5: 0.029503822 | O5: 0.029174328 | P5: 0.029646397 | R5: =PERCENTILE(G5:P5,0.9) -> 0.029518079
A6: weak_scaling_32P.mtx | B6: 4 | D6: 2000000 | E6: 0.128945 | G6: 0.032946348 | H6: 0.030817032 | I6: 0.031048536 | J6: 0.030680656 | K6: 0.030010223 | L6: 0.031010628 | M6: 0.0313375 | N6: 0.031161785 | O6: 0.029883385 | P6: 0.03131485 | R6: =PERCENTILE(G6:P6,0.9) -> 0.031498385
A7: weak_scaling_32P.mtx | B7: 5 | D7: 2000000 | E7: 0.102334 | G7: 0.041363239 | H7: 0.038165808 | I7: 0.039978266 | J7: 0.040023088 | K7: 0.039903164 | L7: 0.03907156 | M7: 0.037925959 | N7: 0.03915906 | O7: 0.036825418 | P7: 0.038460016 | R7: =PERCENTILE(G7:P7,0.9) -> 0.040157103
A8: weak_scaling_32P.mtx | B8: 6 | D8: 2000000 | E8: 0.100008 | G8: 0.042623043 | H8: 0.038214207 | I8: 0.041066885 | J8: 0.040924072 | K8: 0.040685892 | L8: 0.040136576 | M8: 0.038925886 | N8: 0.039892912 | O8: 0.038080931 | P8: 0.039417267 | R8: =PERCENTILE(G8:P8,0.9) -> 0.041222501
A9: weak_scaling_32P.mtx | B9: 7 | D9: 2000000 | E9: 0.0988 | G9: 0.042975426 | H9: 0.038795233 | I9: 0.041806221 | J9: 0.041290283 | K9: 0.041233301 | L9: 0.040623665 | M9: 0.039413214 | N9: 0.040256739 | O9: 0.038578987 | P9: 0.039886236 | R9: =PERCENTILE(G9:P9,0.9) -> 0.041923141
A10: weak_scaling_32P.mtx | B10: 8 | D10: 2000000 | E10: 0.125499 | G10: 0.034588814 | H10: 0.029987335 | I10: 0.03297925 | J10: 0.030845881 | K10: 0.033804655 | L10: 0.030943632 | M10: 0.031195879 | N10: 0.030515194 | O10: 0.029936075 | P10: 0.033929825 | R10: =PERCENTILE(G10:P10,0.9) -> 0.033995724
A11: weak_scaling_32P.mtx | B11: 9 | D11: 2000000 | E11: 0.10707 | G11: 0.04003644 | H11: 0.035313606 | I11: 0.038045168 | J11: 0.036139011 | K11: 0.039232731 | L11: 0.038087606 | M11: 0.037571192 | N11: 0.036324739 | O11: 0.035440445 | P11: 0.037394762 | R11: =PERCENTILE(G11:P11,0.9) -> 0.039313102
A12: weak_scaling_32P.mtx | B12: 10 | D12: 2000000 | E12: 0.107088 | G12: 0.040047169 | H12: 0.035531521 | I12: 0.038481236 | J12: 0.036059141 | K12: 0.039473772 | L12: 0.038352966 | M12: 0.036890507 | N12: 0.03679657 | O12: 0.035601139 | P12: 0.036288977 | R12: =PERCENTILE(G12:P12,0.9) -> 0.039531112
A13: weak_scaling_32P.mtx | B13: 11 | D13: 2000000 | E13: 0.122013 | G13: 0.035143375 | H13: 0.034290314 | I13: 0.034444809 | J13: 0.032505035 | K13: 0.03535223 | L13: 0.032106161 | M13: 0.030865192 | N13: 0.031451702 | O13: 0.029820442 | P13: 0.031855345 | R13: =PERCENTILE(G13:P13,0.9) -> 0.035164261
A14: weak_scaling_32P.mtx | B14: 12 | D14: 2000000 | E14: 0.093726 | G14: 0.041014194 | H14: 0.043702602 | I14: 0.043335438 | J14: 0.042829037 | K14: 0.045188665 | L14: 0.043007612 | M14: 0.041859627 | N14: 0.042055607 | O14: 0.040949583 | P14: 0.042833328 | R14: =PERCENTILE(G14:P14,0.9) -> 0.043851208
... A33: weak_scaling_32P.mtx | B33: 31 | D33: 2000000 | E33: 0.100108 | G33: 0.040690899 | H33: 0.039342642 | I33: 0.040332556 | J33: 0.039836407 | K33: 0.039179087 | L33: 0.039812088 | M33: 0.039620638 | N33: 0.04004097 | O33: 0.040357351 | P33: 0.04035759 | R33: =PERCENTILE(G33:P33,0.9) -> 0.040390921

Sheet spmv_4x16_weak
A1: Matrix | B1: Rank | D1: LocalNNZ | E1: GFLOPS | G1: Run_1 | H1: Run_2 | I1: Run_3 | J1: Run_4 | K1: Run_5 | L1: Run_6 | M1: Run_7 | N1: Run_8 | O1: Run_9 | P1: Run_10 | R1: 90 percentile | T1: max time
A2: weak_scaling_64P.mtx | B2: 0 | D2: 2000000 | E2: 0.041201 | G2: 0.15302229 | H2: 0.090039968 | I2: 0.094146252 | J2: 0.094573736 | K2: 0.086048841 | L2: 0.087558746 | M2: 0.100209 | N2: 0.096280098 | O2: 0.083898306 | P2: 0.085078478 | R2: =PERCENTILE(G2:P2,0.9) -> 0.10549033 | T2: =MAX(R2:R129) -> 0.11061773
A3: weak_scaling_64P.mtx | B3: 1 | D3: 2000000 | E3: 0.041815 | G3: 0.15332842 | H3: 0.090573788 | I3: 0.09472084 | J3: 0.095052958 | K3: 0.086319923 | L3: 0.088382483 | M3: 0.087730646 | N3: 0.091545343 | O3: 0.0838027 | P3: 0.085135221 | R3: =PERCENTILE(G3:P3,0.9) -> 0.1008805
A4: weak_scaling_64P.mtx | B4: 2 | D4: 2000000 | E4: 0.042342 | G4: 0.15172338 | H4: 0.089203358 | I4: 0.09333849 | J4: 0.093728304 | K4: 0.084981918 | L4: 0.087321043 | M4: 0.088223457 | N4: 0.090444565 | O4: 0.08202219 | P4: 0.08371067 | R4: =PERCENTILE(G4:P4,0.9) -> 0.099527812
A5: weak_scaling_64P.mtx | B5: 3 | D5: 2000000 | E5: 0.062288 | G5: 0.12392354 | H5: 0.060442209 | I5: 0.06546545 | J5: 0.059949875 | K5: 0.054057837 | L5: 0.057099581 | M5: 0.057326317 | N5: 0.059037447 | O5: 0.05198431 | P5: 0.052889824 | R5: =PERCENTILE(G5:P5,0.9) -> 0.071311259
A6: weak_scaling_64P.mtx | B6: 4 | D6: 2000000 | E6: 0.042438 | G6: 0.15158367 | H6: 0.088791609 | I6: 0.093149185 | J6: 0.093541861 | K6: 0.085590363 | L6: 0.087539196 | M6: 0.087889671 | N6: 0.090039968 | O6: 0.081466913 | P6: 0.082960129 | R6: =PERCENTILE(G6:P6,0.9) -> 0.099346042
A7: weak_scaling_64P.mtx | B7: 5 | D7: 2000000 | E7: 0.042373 | G7: 0.15146923 | H7: 0.088643312 | I7: 0.09312439 | J7: 0.093484879 | K7: 0.08617115 | L7: 0.08788085 | M7: 0.087674618 | N7: 0.090354681 | O7: 0.081907034 | P7: 0.083296537 | R7: =PERCENTILE(G7:P7,0.9) -> 0.099283314
A8: weak_scaling_64P.mtx | B8: 6 | D8: 2000000 | E8: 0.042277 | G8: 0.15138268 | H8: 0.088456154 | I8: 0.092931747 | J8: 0.093231201 | K8: 0.086602211 | L8: 0.088416576 | M8: 0.087719917 | N8: 0.090729713 | O8: 0.082699299 | P8: 0.083974123 | R8: =PERCENTILE(G8:P8,0.9) -> 0.099046349
A9: weak_scaling_64P.mtx | B9: 7 | D9: 2000000 | E9: 0.042183 | G9: 0.15134263 | H9: 0.088829517 | I9: 0.092914343 | J9: 0.09313941 | K9: 0.086879253 | L9: 0.088700533 | M9: 0.088237524 | N9: 0.090953827 | O9: 0.083011627 | P9: 0.084242821 | R9: =PERCENTILE(G9:P9,0.9) -> 0.098959732
A10: weak_scaling_64P.mtx | B10: 8 | D10: 2000000 | E10: 0.042178 | G10: 0.15103459 | H10: 0.089217901 | I10: 0.09213376 | J10: 0.092346668 | K10: 0.087158442 | L10: 0.088908911 | M10: 0.088208199 | N10: 0.091204643 | O10: 0.083550215 | P10: 0.084590673 | R10: =PERCENTILE(G10:P10,0.9) -> 0.098215461
A11: weak_scaling_64P.mtx | B11: 9 | D11: 2000000 | E11: 0.042099 | G11: 0.15093231 | H11: 0.089389086 | I11: 0.092641592 | J11: 0.09261775 | K11: 0.087368011 | L11: 0.089040041 | M11: 0.088303804 | N11: 0.091380358 | O11: 0.083764791 | P11: 0.08470726 | R11: =PERCENTILE(G11:P11,0.9) -> 0.098470664
A12: weak_scaling_64P.mtx | B12: 10 | D12: 2000000 | E12: 0.042083 | G12: 0.15038705 | H12: 0.089486361 | I12: 0.092671633 | J12: 0.092932224 | K12: 0.087520361 | L12: 0.089131355 | M12: 0.088247538 | N12: 0.09143281 | O12: 0.083922625 | P12: 0.084767818 | R12: =PERCENTILE(G12:P12,0.9) -> 0.098677707
A13: weak_scaling_64P.mtx | B13: 11 | D13: 2000000 | E13: 0.060393 | G13: 0.12069273 | H13: 0.061927795 | I13: 0.06423378 | J13: 0.058771849 | K13: 0.060282469 | L13: 0.061763048 | M13: 0.058335781 | N13: 0.06284523 | O13: 0.056599379 | P13: 0.056874037 | R13: =PERCENTILE(G13:P13,0.9) -> 0.069879675
A14: weak_scaling_64P.mtx | B14: 12 | D14: 2000000 | E14: 0.041908 | G14: 0.15017128 | H14: 0.089884281 | I14: 0.093196392 | J14: 0.093530893 | K14: 0.08792305 | L14: 0.08955574 | M14: 0.088464975 | N14: 0.091898918 | O14: 0.084660053 | P14: 0.085190773 | R14: =PERCENTILE(G14:P14,0.9) -> 0.099194932
... A65: weak_scaling_64P.mtx | B65: 63 | D65: 2000000 | E65: 0.060714 | G65: 0.12491322 | H65: 0.06190443 | I65: 0.063971758 | J65: 0.06117487 | K65: 0.057270288 | L65: 0.059174299 | M65: 0.057950497 | N65: 0.05807662 | O65: 0.056889772 | P65: 0.057506084 | R65: =PERCENTILE(G65:P65,0.9) -> 0.070065904

Sheet spmv_8x8_weak
A1: Matrix | B1: Rank | D1: LocalNNZ | E1: GFLOPS | G1: Run_1 | H1: Run_2 | I1: Run_3 | J1: Run_4 | K1: Run_5 | L1: Run_6 | M1: Run_7 | N1: Run_8 | O1: Run_9 | P1: Run_10 | R1: 90 percentile | T1: max time
A2: weak_scaling_64P.mtx | B2: 0 | D2: 2000000 | E2: 0.051512 | G2: 0.072214127 | H2: 0.093294859 | I2: 0.089851856 | J2: 0.08148551 | K2: 0.094402075 | L2: 0.095341921 | M2: 0.062906981 | N2: 0.0627141 | O2: 0.062265158 | P2: 0.062034369 | R2: =PERCENTILE(G2:P2,0.9) -> 0.09449606 | T2: =MAX(R2:R129) -> 0.10783861
A3: weak_scaling_64P.mtx | B3: 1 | D3: 2000000 | E3: 0.054157 | G3: 0.069373369 | H3: 0.080851316 | I3: 0.085696936 | J3: 0.077966213 | K3: 0.09202075 | L3: 0.092790127 | M3: 0.061456919 | N3: 0.060234547 | O3: 0.059570789 | P3: 0.058630466 | R3: =PERCENTILE(G3:P3,0.9) -> 0.092097688
A4: weak_scaling_64P.mtx | B4: 2 | D4: 2000000 | E4: 0.051866 | G4: 0.066310406 | H4: 0.093713522 | I4: 0.08997941 | J4: 0.082623482 | K4: 0.094703674 | L4: 0.095298529 | M4: 0.064013481 | N4: 0.062002897 | O4: 0.061384916 | P4: 0.061187744 | R4: =PERCENTILE(G4:P4,0.9) -> 0.094763159
A5: weak_scaling_64P.mtx | B5: 3 | D5: 2000000 | E5: 0.051642 | G5: 0.071152449 | H5: 0.093743563 | I5: 0.090123415 | J5: 0.082897663 | K5: 0.094743729 | L5: 0.095461845 | M5: 0.064372063 | N5: 0.061136961 | O5: 0.060560226 | P5: 0.060364246 | R5: =PERCENTILE(G5:P5,0.9) -> 0.094815541
A6: weak_scaling_64P.mtx | B6: 4 | D6: 2000000 | E6: 0.051309 | G6: 0.071016312 | H6: 0.094398737 | I6: 0.090896368 | J6: 0.083710432 | K6: 0.095497131 | L6: 0.096171618 | M6: 0.064966917 | N6: 0.060843229 | O6: 0.060830832 | P6: 0.061264277 | R6: =PERCENTILE(G6:P6,0.9) -> 0.09556458
A7: weak_scaling_64P.mtx | B7: 5 | D7: 2000000 | E7: 0.05393 | G7: 0.067792416 | H7: 0.081739187 | I7: 0.087187767 | J7: 0.079724312 | K7: 0.092921019 | L7: 0.093952179 | M7: 0.062987089 | N7: 0.058704853 | O7: 0.058417559 | P7: 0.058282137 | R7: =PERCENTILE(G7:P7,0.9) -> 0.093024135
A8: weak_scaling_64P.mtx | B8: 6 | D8: 2000000 | E8: 0.048112 | G8: 0.066562891 | H8: 0.10562205 | I8: 0.11293459 | J8: 0.10727239 | K8: 0.10531712 | L8: 0.094070196 | M8: 0.063166857 | N8: 0.059089422 | O8: 0.058793306 | P8: 0.058562756 | R8: =PERCENTILE(G8:P8,0.9) -> 0.10783861
A9: weak_scaling_64P.mtx | B9: 7 | D9: 2000000 | E9: 0.048942 | G9: 0.091869354 | H9: 0.095237017 | I9: 0.091688633 | J9: 0.093914747 | K9: 0.096090794 | L9: 0.096967459 | M9: 0.065671444 | N9: 0.061838865 | O9: 0.06178093 | P9: 0.062238693 | R9: =PERCENTILE(G9:P9,0.9) -> 0.09617846
A10: weak_scaling_64P.mtx | B10: 8 | D10: 2000000 | E10: 0.054438 | G10: 0.065342903 | H10: 0.088592529 | I10: 0.086620092 | J10: 0.080079317 | K10: 0.089813948 | L10: 0.092446804 | M10: 0.060993433 | N10: 0.056820154 | O10: 0.056667566 | P10: 0.05740571 | R10: =PERCENTILE(G10:P10,0.9) -> 0.090077234
A11: weak_scaling_64P.mtx | B11: 9 | D11: 2000000 | E11: 0.055768 | G11: 0.063771725 | H11: 0.088153601 | I11: 0.084200144 | J11: 0.077438116 | K11: 0.089356422 | L11: 0.090820312 | M11: 0.058949471 | N11: 0.054118872 | O11: 0.054844141 | P11: 0.055602074 | R11: =PERCENTILE(G11:P11,0.9) -> 0.089502811
A12: weak_scaling_64P.mtx | B12: 10 | D12: 2000000 | E12: 0.056016 | G12: 0.063481808 | H12: 0.087821245 | I12: 0.083910227 | J12: 0.077112198 | K12: 0.089010477 | L12: 0.090553761 | M12: 0.058602571 | N12: 0.053801775 | O12: 0.054523945 | P12: 0.055262089 | R12: =PERCENTILE(G12:P12,0.9) -> 0.089164805
A13: weak_scaling_64P.mtx | B13: 11 | D13: 2000000 | E13: 0.055097 | G13: 0.064751387 | H13: 0.087944031 | I13: 0.085375071 | J13: 0.078863859 | K13: 0.089389563 | L13: 0.0918293 | M13: 0.0602386 | N13: 0.055132389 | O13: 0.055838585 | P13: 0.056629896 | R13: =PERCENTILE(G13:P13,0.9) -> 0.089633537
A14: weak_scaling_64P.mtx | B14: 12 | D14: 2000000 | E14: 0.055464 | G14: 0.064151049 | H14: 0.087482929 | I14: 0.085247517 | J14: 0.078788757 | K14: 0.088598967 | L14: 0.091161013 | M14: 0.059675217 | N14: 0.054816484 | O14: 0.055196762 | P14: 0.056065798 | R14: =PERCENTILE(G14:P14,0.9) -> 0.088855172
... A65: weak_scaling_64P.mtx | B65: 63 | D65: 2000000 | E65: 0.057984 | G65: 0.066541433 | H65: 0.075556278 | I65: 0.083082914 | J65: 0.075590611 | K65: 0.076103687 | L65: 0.089224815 | M65: 0.05620718 | N65: 0.056115866 | O65: 0.055740833 | P65: 0.055680037 | R65: =PERCENTILE(G65:P65,0.9) -> 0.083697104

Sheet spmv_8x16_weak
A1: Matrix | B1: Rank | D1: LocalNNZ | E1: GFLOPS | G1: Run_1 | H1: Run_2 | I1: Run_3 | J1: Run_4 | K1: Run_5 | L1: Run_6 | M1: Run_7 | N1: Run_8 | O1: Run_9 | P1: Run_10 | R1: 90 percentile | T1: max time
A2: weak_scaling_128P.mtx | B2: 0 | D2: 2000000 | E2: 0.037426 | G2: 0.10660243 | H2: 0.10680175 | I2: 0.10703349 | J2: 0.10752463 | K2: 0.10604644 | L2: 0.10712218 | M2: 0.10789514 | N2: 0.1076107 | O2: 0.10592723 | P2: 0.10622215 | R2: =PERCENTILE(G2:P2,0.9) -> 0.10763915 | T2: =MAX(R2:R129) -> 0.11847262
A3: weak_scaling_128P.mtx | B3: 1 | D3: 2000000 | E3: 0.035844 | G3: 0.10864091 | H3: 0.11197066 | I3: 0.11210966 | J3: 0.11269856 | K3: 0.1112659 | L3: 0.11233401 | M3: 0.11278844 | N3: 0.11232758 | O3: 0.11078429 | P3: 0.11102724 | R3: =PERCENTILE(G3:P3,0.9) -> 0.11270754
A4: weak_scaling_128P.mtx | B4: 2 | D4: 2000000 | E4: 0.041757 | G4: 0.095151663 | H4: 0.095977783 | I4: 0.096279144 | J4: 0.096244812 | K4: 0.095213413 | L4: 0.096472263 | M4: 0.096534014 | N4: 0.096243382 | O4: 0.095024347 | P4: 0.094776869 | R4: =PERCENTILE(G4:P4,0.9) -> 0.096478438
A5: weak_scaling_128P.mtx | B5: 3 | D5: 2000000 | E5: 0.036114 | G5: 0.11074471 | H5: 0.11077356 | I5: 0.11107135 | J5: 0.11161709 | K5: 0.10993457 | L5: 0.11105967 | M5: 0.11170125 | N5: 0.11089253 | O5: 0.10975194 | P5: 0.11006975 | R5: =PERCENTILE(G5:P5,0.9) -> 0.1116255
A6: weak_scaling_128P.mtx | B6: 4 | D6: 2000000 | E6: 0.035226 | G6: 0.11201286 | H6: 0.11399698 | I6: 0.11385775 | J6: 0.11448622 | K6: 0.11326313 | L6: 0.11384153 | M6: 0.11456656 | N6: 0.11368394 | O6: 0.11286378 | P6: 0.11296797 | R6: =PERCENTILE(G6:P6,0.9) -> 0.11449425
A7: weak_scaling_128P.mtx | B7: 5 | D7: 2000000 | E7: 0.042294 | G7: 0.09389329 | H7: 0.095022678 | I7: 0.095119238 | J7: 0.094711304 | K7: 0.094232798 | L7: 0.095222712 | M7: 0.095093489 | N7: 0.094857931 | O7: 0.094045401 | P7: 0.093560219 | R7: =PERCENTILE(G7:P7,0.9) -> 0.095129585
A8: weak_scaling_128P.mtx | B8: 6 | D8: 2000000 | E8: 0.042127 | G8: 0.094660282 | H8: 0.095249414 | I8: 0.095327616 | J8: 0.095177412 | K8: 0.094288349 | L8: 0.095542908 | M8: 0.095247746 | N8: 0.094867229 | O8: 0.094254732 | P8: 0.09488368 | R8: =PERCENTILE(G8:P8,0.9) -> 0.095349145
A9: weak_scaling_128P.mtx | B9: 7 | D9: 2000000 | E9: 0.042586 | G9: 0.092836857 | H9: 0.094112635 | I9: 0.094975471 | J9: 0.093907118 | K9: 0.093197107 | L9: 0.094340086 | M9: 0.093881607 | N9: 0.093940735 | O9: 0.09348321 | P9: 0.094609737 | R9: =PERCENTILE(G9:P9,0.9) -> 0.09464631
A10: weak_scaling_128P.mtx | B10: 8 | D10: 2000000 | E10: 0.042406 | G10: 0.092320442 | H10: 0.093707085 | I10: 0.095831871 | J10: 0.094743013 | K10: 0.093544006 | L10: 0.095229387 | M10: 0.093830109 | N10: 0.094596386 | O10: 0.094200373 | P10: 0.095262289 | R10: =PERCENTILE(G10:P10,0.9) -> 0.095319247
A11: weak_scaling_128P.mtx | B11: 9 | D11: 2000000 | E11: 0.042027 | G11: 0.093021393 | H11: 0.093712568 | I11: 0.096906185 | J11: 0.095765591 | K11: 0.094274759 | L11: 0.096111536 | M11: 0.094912291 | N11: 0.095379591 | O11: 0.095344543 | P11: 0.096348047 | R11: =PERCENTILE(G11:P11,0.9) -> 0.096403861
A12: weak_scaling_128P.mtx | B12: 10 | D12: 2000000 | E12: 0.036055 | G12: 0.10521436 | H12: 0.10822797 | I12: 0.11282372 | J12: 0.11239457 | K12: 0.11074114 | L12: 0.11210513 | M12: 0.11160159 | N12: 0.11206078 | O12: 0.11131597 | P12: 0.11292434 | R12: =PERCENTILE(G12:P12,0.9) -> 0.11283379
A13: weak_scaling_128P.mtx | B13: 11 | D13: 2000000 | E13: 0.035067 | G13: 0.10860205 | H13: 0.11080194 | I13: 0.11617541 | J13: 0.11561298 | K13: 0.11402655 | L13: 0.11506057 | M13: 0.114815 | N13: 0.11514306 | O13: 0.11455917 | P13: 0.11587429 | R13: =PERCENTILE(G13:P13,0.9) -> 0.1159044
A14: weak_scaling_128P.mtx | B14: 12 | D14: 2000000 | E14: 0.034914 | G14: 0.10893583 | H14: 0.11077309 | I14: 0.11679339 | J14: 0.11646533 | K14: 0.11465693 | L14: 0.11563802 | M14: 0.11547112 | N14: 0.1156702 | O14: 0.1151216 | P14: 0.11616015 | R14: =PERCENTILE(G14:P14,0.9) -> 0.11649814
... A129: weak_scaling_128P.mtx | B129: 127 | D129: 2000000 | E129: 0.042296 | G129: 0.094026566 | H129: 0.095044136 | I129: 0.094876051 | J129: 0.09479475 | K129: 0.094153404 | L129: 0.095284462 | M129: 0.095496416 | N129: 0.095107555 | O129: 0.093600512 | P129: 0.093321085 | R129: =PERCENTILE(G129:P129,0.9) -> 0.095305657

Sheet spmv_16x8_weak
A1: Matrix | B1: Rank | D1: LocalNNZ | E1: GFLOPS | G1: Run_1 | H1: Run_2 | I1: Run_3 | J1: Run_4 | K1: Run_5 | L1: Run_6 | M1: Run_7 | N1: Run_8 | O1: Run_9 | P1: Run_10 | R1: 90 percentile | T1: max time
A2: weak_scaling_128P.mtx | B2: 0 | D2: 2000000 | E2: 0.030754 | G2: 0.13544202 | H2: 0.13217711 | I2: 0.12798333 | J2: 0.13236451 | K2: 0.12949991 | L2: 0.13421655 | M2: 0.12950683 | N2: 0.12932515 | O2: 0.12706637 | P2: 0.12304354 | R2: =PERCENTILE(G2:P2,0.9) -> 0.13433909 | T2: =MAX(R2:R129) -> 0.20626976
A3: weak_scaling_128P.mtx | B3: 1 | D3: 2000000 | E3: 0.021996 | G3: 0.185745 | H3: 0.18430328 | I3: 0.17765617 | J3: 0.18583274 | K3: 0.17883468 | L3: 0.18854666 | M3: 0.18091583 | N3: 0.1832521 | O3: 0.17895675 | P3: 0.17444444 | R3: =PERCENTILE(G3:P3,0.9) -> 0.18610413
A4: weak_scaling_128P.mtx | B4: 2 | D4: 2000000 | E4: 0.021888 | G4: 0.18682909 | H4: 0.18515778 | I4: 0.17851138 | J4: 0.18705583 | K4: 0.17976165 | L4: 0.18934655 | M4: 0.18169117 | N4: 0.18405724 | O4: 0.1800437 | P4: 0.17500734 | R4: =PERCENTILE(G4:P4,0.9) -> 0.1872849
A5: weak_scaling_128P.mtx | B5: 3 | D5: 2000000 | E5: 0.02189 | G5: 0.18682122 | H5: 0.18524265 | I5: 0.17854166 | J5: 0.18691015 | K5: 0.1797955 | L5: 0.18952441 | M5: 0.18158698 | N5: 0.18392825 | O5: 0.17982411 | P5: 0.17512798 | R5: =PERCENTILE(G5:P5,0.9) -> 0.18717158
A6: weak_scaling_128P.mtx | B6: 4 | D6: 2000000 | E6: 0.021789 | G6: 0.18770146 | H6: 0.18620276 | I6: 0.17934394 | J6: 0.18771291 | K6: 0.18058896 | L6: 0.19050002 | M6: 0.18228912 | N6: 0.18470335 | O6: 0.18084311 | P6: 0.17588973 | R6: =PERCENTILE(G6:P6,0.9) -> 0.18799162
A7: weak_scaling_128P.mtx | B7: 5 | D7: 2000000 | E7: 0.021782 | G7: 0.18747592 | H7: 0.18628812 | I7: 0.17943382 | J7: 0.18783212 | K7: 0.18058634 | L7: 0.19061971 | M7: 0.18251467 | N7: 0.18492508 | O7: 0.18082881 | P7: 0.1759007 | R7: =PERCENTILE(G7:P7,0.9) -> 0.18811088
A8: weak_scaling_128P.mtx | B8: 6 | D8: 2000000 | E8: 0.021775 | G8: 0.18785143 | H8: 0.18628168 | I8: 0.1795001 | J8: 0.18796349 | K8: 0.18051124 | L8: 0.19051671 | M8: 0.18248844 | N8: 0.18495917 | O8: 0.18098402 | P8: 0.17592168 | R8: =PERCENTILE(G8:P8,0.9) -> 0.18821881
A9: weak_scaling_128P.mtx | B9: 7 | D9: 2000000 | E9: 0.021715 | G9: 0.18816519 | H9: 0.18825078 | I9: 0.17985582 | J9: 0.18822241 | K9: 0.18092227 | L9: 0.19093227 | M9: 0.18285799 | N9: 0.18525124 | O9: 0.18130708 | P9: 0.17625833 | R9: =PERCENTILE(G9:P9,0.9) -> 0.18851893
A10: weak_scaling_128P.mtx | B10: 8 | D10: 2000000 | E10: 0.027732 | G10: 0.15230226 | H10: 0.14451408 | I10: 0.14364052 | J10: 0.14697623 | K10: 0.1415782 | L10: 0.14749026 | M10: 0.14345288 | N10: 0.14281917 | O10: 0.14242244 | P10: 0.13717627 | R10: =PERCENTILE(G10:P10,0.9) -> 0.14797146
A11: weak_scaling_128P.mtx | B11: 9 | D11: 2000000 | E11: 0.021704 | G11: 0.18853831 | H11: 0.18687058 | I11: 0.18021965 | J11: 0.18861294 | K11: 0.18105316 | L11: 0.19117355 | M11: 0.18296719 | N11: 0.18557835 | O11: 0.18154073 | P11: 0.17642331 | R11: =PERCENTILE(G11:P11,0.9) -> 0.188869
A12: weak_scaling_128P.mtx | B12: 10 | D12: 2000000 | E12: 0.029293 | G12: 0.14160919 | H12: 0.13758731 | I12: 0.13500929 | J12: 0.14041209 | K12: 0.13633871 | L12: 0.1405375 | M12: 0.13555908 | N12: 0.13574696 | O12: 0.13383985 | P12: 0.12887812 | R12: =PERCENTILE(G12:P12,0.9) -> 0.14064467
A13: weak_scaling_128P.mtx | B13: 11 | D13: 2000000 | E13: 0.021673 | G13: 0.18893886 | H13: 0.18723178 | I13: 0.18036461 | J13: 0.18894076 | K13: 0.18131423 | L13: 0.19134951 | M13: 0.1832397 | N13: 0.18571901 | O13: 0.18179226 | P13: 0.17670035 | R13: =PERCENTILE(G13:P13,0.9) -> 0.18918164
A14: weak_scaling_128P.mtx | B14: 12 | D14: 2000000 | E14: 0.021095 | G14: 0.19355822 | H14: 0.19230104 | I14: 0.18522382 | J14: 0.19536161 | K14: 0.18642473 | L14: 0.19601703 | M14: 0.18664002 | N14: 0.19105816 | O14: 0.18766618 | P14: 0.18192506 | R14: =PERCENTILE(G14:P14,0.9) -> 0.19542716
... A129: weak_scaling_128P.mtx | B129: 127 | D129: 2000000 | E129: 0.026314 | G129: 0.15278196 | H129: 0.1507833 | I129: 0.15058708 | J129: 0.15364456 | K129: 0.14992762 | L129: 0.1577208 | M129: 0.15285373 | N129: 0.15158176 | O129: 0.15073419 | P129: 0.14951253 | R129: =PERCENTILE(G129:P129,0.9) -> 0.15405219

Sheet Sheet13
A1: config | B1: num proc | C1: max time | G1: config (Dense) | H1: num proc | I1: max time | J1: speedup | N1: config (Distributed) | O1: num proc | P1: max time | Q1: speedup
A2: 1 | B2: 1 | C2: =spmv_1_weak!R2 -> 0.0045693877 | G2: 1 | H2: 1 | I2: =C2 -> 0.0045693877 | J2: =I2/I$2 -> 1 | N2: 1 | O2: 1 | P2: =C2 -> 0.0045693877 | Q2: =P2/P$2 -> 1
A3: 2 | B3: 2 | C3: =spmv_2_weak!T2 -> 0.0063282016 | G3: 2 | H3: 2 | I3: =C3 -> 0.0063282016 | J3: =I3/I$2 -> 1.3849124 | N3: 2 | O3: 2 | P3: =C3 -> 0.0063282016 | Q3: =P3/P$2 -> 1.3849124
A4: 4 | B4: 4 | C4: =spmv_4_weak!T2 -> 0.01014235 | G4: 4 | H4: 4 | I4: =C4 -> 0.01014235 | J4: =I4/I$2 -> 2.2196301 | N4: 4 | O4: 4 | P4: =C4 -> 0.01014235 | Q4: =P4/P$2 -> 2.2196301
A5: 8 | B5: 8 | C5: =spmv_8_weak!T2 -> 0.010983706 | G5: 8 | H5: 8 | I5: =C5 -> 0.010983706 | J5: =I5/I$2 -> 2.4037587 | N5: 8 | O5: 8 | P5: =C5 -> 0.010983706 | Q5: =P5/P$2 -> 2.4037587
A6: 1x16 | B6: 16 | C6: =spmv_1x16_weak!T2 -> 0.049514985 | G6: 1x16 | H6: 16 | I6: =C6 -> 0.049514985 | J6: =I6/I$2 -> 10.836241 | N6: 2x8 | O6: 16 | P6: =C7 -> 0.041941619 | Q6: =P6/P$2 -> 9.178827
A7: 2x8 | B7: 16 | C7: =spmv_2x8_weak!T2 -> 0.041941619 | G7: 2x16 | H7: 32 | I7: =C8 -> 0.1030755 | J7: =I7/I$2 -> 22.557837 | N7: 4x8 | O7: 32 | P7: =C9 -> 0.046315861 | Q7: =P7/P$2 -> 10.13612
A8: 2x16 | B8: 32 | C8: =spmv_2x16_weak!T2 -> 0.1030755 | G8: 4x16 | H8: 64 | I8: =C10 -> 0.11061773 | J8: =I8/I$2 -> 24.208437 | N8: 8x8 | O8: 64 | P8: =C11 -> 0.10783861 | Q8: =P8/P$2 -> 23.600231
A9: 4x8 | B9: 32 | C9: =spmv_4x8_weak!T2 -> 0.046315861 | G9: 8x16 | H9: 128 | I9: =C12 -> 0.11847262 | J9: =I9/I$2 -> 25.927462 | N9: 16x8 | O9: 128 | P9: =C13 -> 0.20626976 | Q9: =P9/P$2 -> 45.141664
A10: 4x16 | B10: 64 | C10: =spmv_4x16_weak!T2 -> 0.11061773
A11: 8x8 | B11: 64 | C11: =spmv_8x8_weak!T2 -> 0.10783861
A12: 8x16 | B12: 128 | C12: =spmv_8x16_weak!T2 -> 0.11847262
A13: 16x8 | B13: 128 | C13: =spmv_16x8_weak!T2 -> 0.20626976
