Workbook

Sheet spmv_1
A1: Matrix | B1: Rank | D1: Local NNZ | E1: GFLOPS | G1: Iter_0 | H1: Iter_1 | I1: Iter_2 | J1: Iter_3 | K1: Iter_4 | L1: Iter_5 | M1: Iter_6 | N1: Iter_7 | O1: Iter_8 | P1: Iter_9 | R1: 90 percentile
A2: bmwcra_1.mtx | B2: 0 | D2: 10644002 | E2: 1.255874 | G2: 0.017351389 | H2: 0.016767263 | I2: 0.018069983 | J2: 0.017008781 | K2: 0.016972303 | L2: 0.01730299 | M2: 0.016360044 | N2: 0.015614986 | O2: 0.016727448 | P2: 0.017332315 | R2: =PERCENTILE(G2:P2,0.9) -> 0.017423248
A5: Matrix | B5: Rank | D5: Local NNZ | E5: GFLOPS | G5: Iter_0 | H5: Iter_1 | I5: Iter_2 | J5: Iter_3 | K5: Iter_4 | L5: Iter_5 | M5: Iter_6 | N5: Iter_7 | O5: Iter_8 | P5: Iter_9 | R5: 90 percentile
A6: ML_Geer.mtx | B6: 0 | D6: 110879972 | E6: 1.356499 | G6: 0.16126299 | H6: 0.16874123 | I6: 0.16817832 | J6: 0.15973425 | K6: 0.16493392 | L6: 0.1623981 | M6: 0.16206217 | N6: 0.16077113 | O6: 0.16149044 | P6: 0.16522336 | R6: =PERCENTILE(G6:P6,0.9) -> 0.16823461
A9: Matrix | B9: Rank | D9: Local NNZ | E9: GFLOPS | G9: Iter_0 | H9: Iter_1 | I9: Iter_2 | J9: Iter_3 | K9: Iter_4 | L9: Iter_5 | M9: Iter_6 | N9: Iter_7 | O9: Iter_8 | P9: Iter_9 | R9: 90 percentile
A10: msdoor.mtx | B10: 0 | D10: 20240935 | E10: 1.182623 | G10: 0.035825014 | H10: 0.034771681 | I10: 0.034943581 | J10: 0.034598827 | K10: 0.034837723 | L10: 0.034459352 | M10: 0.032521486 | N10: 0.033790827 | O10: 0.033330441 | P10: 0.033226967 | R10: =PERCENTILE(G10:P10,0.9) -> 0.035031724
A13: Matrix | B13: Rank | D13: Local NNZ | E13: GFLOPS | G13: Iter_0 | H13: Iter_1 | I13: Iter_2 | J13: Iter_3 | K13: Iter_4 | L13: Iter_5 | M13: Iter_6 | N13: Iter_7 | O13: Iter_8 | P13: Iter_9 | R13: 90 percentile
A14: nlpkkt240.mtx | B14: 0 | D14: 774472352 | E14: 1.457491 | G14: 1.0222895 | H14: 1.0357954 | I14: 1.1124063 | J14: 1.0311396 | K14: 1.096113 | L14: 1.0902107 | M14: 1.0319834 | N14: 1.1036706 | O14: 1.0191967 | P14: 1.0846672 | R14: =PERCENTILE(G14:P14,0.9) -> 1.1045442
A17: Matrix | B17: Rank | D17: Local NNZ | E17: GFLOPS | G17: Iter_0 | H17: Iter_1 | I17: Iter_2 | J17: Iter_3 | K17: Iter_4 | L17: Iter_5 | M17: Iter_6 | N17: Iter_7 | O17: Iter_8 | P17: Iter_9 | R17: 90 percentile
A18: Pflow_742.mtx | B18: 0 | D18: 37138461 | E18: 1.265726 | G18: 0.058051348 | H18: 0.086965084 | I18: 0.076491356 | J18: 0.061322689 | K18: 0.056359768 | L18: 0.053620815 | M18: 0.048618078 | N18: 0.048573017 | O18: 0.04839015 | P18: 0.048440456 | R18: =PERCENTILE(G18:P18,0.9) -> 0.077538729

Sheet spmv_2
A1: Matrix | B1: Rank | D1: Local NNZ | E1: GFLOPS | G1: Iter_0 | H1: Iter_1 | I1: Iter_2 | J1: Iter_3 | K1: Iter_4 | L1: Iter_5 | M1: Iter_6 | N1: Iter_7 | O1: Iter_8 | P1: Iter_9 | R1: 90 percentile | S1: Speedup | T1: Efficiency
A2: bmwcra_1.mtx | B2: 0 | D2: 5317852 | E2: 1.376476 | G2: 0.007612467 | H2: 0.007595778 | I2: 0.008028984 | J2: 0.007710934 | K2: 0.007650137 | L2: 0.007810831 | M2: 0.007652283 | N2: 0.007688284 | O2: 0.007738113 | P2: 0.007779837 | R2: =PERCENTILE(G2:P2,0.9) -> 0.0078326463 | S2: =spmv_1!R$2/R2 -> 2.2244396 | T2: =S2/2 -> 1.1122198
A3: bmwcra_1.mtx | B3: 1 | D3: 5326150 | E3: 1.382668 | G3: 0.007544756 | H3: 0.00762248 | I3: 0.007998943 | J3: 0.007754564 | K3: 0.007649183 | L3: 0.007591009 | M3: 0.007543802 | N3: 0.007698298 | O3: 0.007809401 | P3: 0.007829189 | R3: =PERCENTILE(G3:P3,0.9) -> 0.0078461644 | S3: =spmv_1!R$2/R3 -> 2.2206071 | T3: =S3/2 -> 1.1103036
A6: Matrix | B6: Rank | D6: Local NNZ | E6: GFLOPS | G6: Iter_0 | H6: Iter_1 | I6: Iter_2 | J6: Iter_3 | K6: Iter_4 | L6: Iter_5 | M6: Iter_6 | N6: Iter_7 | O6: Iter_8 | P6: Iter_9 | R6: 90 percentile | S6: Speedup | T6: Efficiency
A7: ML_Geer.mtx | B7: 0 | D7: 55439986 | E7: 1.454966 | G7: 0.075138807 | H7: 0.07688117 | I7: 0.076182842 | J7: 0.076216221 | K7: 0.076472521 | L7: 0.077010632 | M7: 0.075824976 | N7: 0.075845957 | O7: 0.076472282 | P7: 0.076034307 | R7: =PERCENTILE(G7:P7,0.9) -> 0.076894116 | S7: =spmv_1!R$6/R7 -> 2.1878736 | T7: =S7/2 -> 1.0939368
A8: ML_Geer.mtx | B8: 1 | D8: 55439986 | E8: 1.444998 | G8: 0.075662613 | H8: 0.076557636 | I8: 0.077471972 | J8: 0.076376677 | K8: 0.077279329 | L8: 0.076523781 | M8: 0.077392101 | N8: 0.076412678 | O8: 0.077500105 | P8: 0.076159716 | R8: =PERCENTILE(G8:P8,0.9) -> 0.077474785 | S8: =spmv_1!R$6/R8 -> 2.1714757 | T8: =S8/2 -> 1.0857378
A11: Matrix | B11: Rank | D11: Local NNZ | E11: GFLOPS | G11: Iter_0 | H11: Iter_1 | I11: Iter_2 | J11: Iter_3 | K11: Iter_4 | L11: Iter_5 | M11: Iter_6 | N11: Iter_7 | O11: Iter_8 | P11: Iter_9 | R11: 90 percentile | S11: Speedup | T11: Efficiency
A12: msdoor.mtx | B12: 0 | D12: 10114572 | E12: 1.257795 | G12: 0.016113758 | H12: 0.015937805 | I12: 0.016327858 | J12: 0.016388178 | K12: 0.015745878 | L12: 0.015846252 | M12: 0.016442299 | N12: 0.016054153 | O12: 0.015816927 | P12: 0.01615715 | R12: =PERCENTILE(G12:P12,0.9) -> 0.01639359 | S12: =spmv_1!R$10/R12 -> 2.136916 | T12: =S12/2 -> 1.068458
A13: msdoor.mtx | B13: 1 | D13: 10126363 | E13: 1.24242 | G13: 0.016155243 | H13: 0.016073942 | I13: 0.016501904 | J13: 0.01659584 | K13: 0.016120911 | L13: 0.016175032 | M13: 0.016672134 | N13: 0.016250372 | O13: 0.016085386 | P13: 0.016379595 | R13: =PERCENTILE(G13:P13,0.9) -> 0.016603469 | S13: =spmv_1!R$10/R13 -> 2.1099039 | T13: =S13/2 -> 1.0549519
A16: Matrix | B16: Rank | D16: Local NNZ | E16: GFLOPS | G16: Iter_0 | H16: Iter_1 | I16: Iter_2 | J16: Iter_3 | K16: Iter_4 | L16: Iter_5 | M16: Iter_6 | N16: Iter_7 | O16: Iter_8 | P16: Iter_9 | R16: 90 percentile | S16: Speedup | T16: Efficiency
A17: nlpkkt240.mtx | B17: 0 | D17: 387236176 | E17: 1.296204 | G17: 0.59795189 | H17: 0.59888363 | I17: 0.59745836 | J17: 0.5950191 | K17: 0.59725761 | L17: 0.59786606 | M17: 0.5986793 | N17: 0.59662843 | O17: 0.59825754 | P17: 0.59692383 | R17: =PERCENTILE(G17:P17,0.9) -> 0.59869974 | S17: =spmv_1!R$14/R17 -> 1.844905 | T17: =S17/2 -> 0.92245252
A18: nlpkkt240.mtx | B18: 1 | D18: 387236176 | E18: 1.333328 | G18: 0.58260798 | H18: 0.58316445 | I18: 0.58440351 | J18: 0.57431698 | K18: 0.57843995 | L18: 0.5831604 | M18: 0.5822649 | N18: 0.57984829 | O18: 0.58020019 | P18: 0.58015871 | R18: =PERCENTILE(G18:P18,0.9) -> 0.58328836 | S18: =spmv_1!R$14/R18 -> 1.8936503 | T18: =S18/2 -> 0.94682514
A21: Matrix | B21: Rank | D21: Local NNZ | E21: GFLOPS | G21: Iter_0 | H21: Iter_1 | I21: Iter_2 | J21: Iter_3 | K21: Iter_4 | L21: Iter_5 | M21: Iter_6 | N21: Iter_7 | O21: Iter_8 | P21: Iter_9 | R21: 90 percentile | S21: Speedup | T21: Efficiency
A22: Pflow_742.mtx | B22: 0 | D22: 18440207 | E22: 1.39035 | G22: 0.025316954 | H22: 0.026937723 | I22: 0.02730298 | J22: 0.027282238 | K22: 0.027074575 | L22: 0.026521683 | M22: 0.026664019 | N22: 0.025829077 | O22: 0.026721954 | P22: 0.025608778 | R22: =PERCENTILE(G22:P22,0.9) -> 0.027284312 | S22: =spmv_1!R$18/R22 -> 2.8418795 | T22: =S22/2 -> 1.4209398
A23: Pflow_742.mtx | B23: 1 | D23: 18698254 | E23: 1.352792 | G23: 0.026980639 | H23: 0.028142214 | I23: 0.028184652 | J23: 0.027744532 | K23: 0.027686119 | L23: 0.0275805 | M23: 0.027682781 | N23: 0.027152777 | O23: 0.028059959 | P23: 0.027225256 | R23: =PERCENTILE(G23:P23,0.9) -> 0.028146458 | S23: =spmv_1!R$18/R23 -> 2.7548308 | T23: =S23/2 -> 1.3774154

Sheet spmv_4
A1: Matrix | B1: Rank | D1: Local NNZ | E1: GFLOPS | G1: Iter_0 | H1: Iter_1 | I1: Iter_2 | J1: Iter_3 | K1: Iter_4 | L1: Iter_5 | M1: Iter_6 | N1: Iter_7 | O1: Iter_8 | P1: Iter_9 | R1: 90 percentile | S1: Speedup | T1: Efficiency
A2: bmwcra_1.mtx | B2: 0 | D2: 2658799 | E2: 1.445602 | G2: 0.003935099 | H2: 0.003746748 | I2: 0.00366497 | J2: 0.00366044 | K2: 0.00370574 | L2: 0.003673792 | M2: 0.003610134 | N2: 0.003634453 | O2: 0.003614664 | P2: 0.003538609 | R2: =PERCENTILE(G2:P2,0.9) -> 0.0037655831 | S2: =spmv_1!R$2/R2 -> 4.6269722 | T2: =S2/4 -> 1.1567431
A3: bmwcra_1.mtx | B3: 1 | D3: 2663504 | E3: 1.391191 | G3: 0.004188538 | H3: 0.004042864 | I3: 0.003933668 | J3: 0.003793716 | K3: 0.003788471 | L3: 0.003760815 | M3: 0.003698587 | N3: 0.003730536 | O3: 0.00373292 | P3: 0.003620863 | R3: =PERCENTILE(G3:P3,0.9) -> 0.0040574314 | S3: =spmv_1!R$2/R3 -> 4.2941572 | T3: =S3/4 -> 1.0735393
A4: bmwcra_1.mtx | B4: 2 | D4: 2659053 | E4: 1.374209 | G4: 0.004246235 | H4: 0.004076719 | I4: 0.003950596 | J4: 0.003813505 | K4: 0.003824234 | L4: 0.003799677 | M4: 0.003753901 | N4: 0.003787041 | O4: 0.003770828 | P4: 0.003676653 | R4: =PERCENTILE(G4:P4,0.9) -> 0.0040936706 | S4: =spmv_1!R$2/R4 -> 4.2561432 | T4: =S4/4 -> 1.0640358
A5: bmwcra_1.mtx | B5: 3 | D5: 2662646 | E5: 1.420226 | G5: 0.004158497 | H5: 0.003963232 | I5: 0.003861189 | J5: 0.003712177 | K5: 0.003690481 | L5: 0.003674746 | M5: 0.0036273 | N5: 0.003640175 | O5: 0.003621101 | P5: 0.003547192 | R5: =PERCENTILE(G5:P5,0.9) -> 0.0039827585 | S5: =spmv_1!R$2/R5 -> 4.3746686 | T5: =S5/4 -> 1.0936671
A8: Matrix | B8: Rank | D8: Local NNZ | E8: GFLOPS | G8: Iter_0 | H8: Iter_1 | I8: Iter_2 | J8: Iter_3 | K8: Iter_4 | L8: Iter_5 | M8: Iter_6 | N8: Iter_7 | O8: Iter_8 | P8: Iter_9 | R8: 90 percentile | S8: Speedup | T8: Efficiency
A9: ML_Geer.mtx | B9: 0 | D9: 27720658 | E9: 1.351714 | G9: 0.039351702 | H9: 0.041552544 | I9: 0.041501522 | J9: 0.040318966 | K9: 0.041270494 | L9: 0.041276693 | M9: 0.04093504 | N9: 0.041595936 | O9: 0.040893793 | P9: 0.041459084 | R9: =PERCENTILE(G9:P9,0.9) -> 0.041556883 | S9: =spmv_1!R$6/R9 -> 4.0482971 | T9: =S9/4 -> 1.0120743
A10: ML_Geer.mtx | B10: 1 | D10: 27720684 | E10: 1.358776 | G10: 0.039487362 | H10: 0.041145802 | I10: 0.04029417 | J10: 0.040298939 | K10: 0.040371895 | L10: 0.04143095 | M10: 0.041602373 | N10: 0.041573763 | O10: 0.040261269 | P10: 0.041557789 | R10: =PERCENTILE(G10:P10,0.9) -> 0.041576624 | S10: =spmv_1!R$6/R10 -> 4.046375 | T10: =S10/4 -> 1.0115937
A11: ML_Geer.mtx | B11: 2 | D11: 27719328 | E11: 1.342717 | G11: 0.041122913 | H11: 0.041344166 | I11: 0.041503429 | J11: 0.041078568 | K11: 0.041470528 | L11: 0.0406425 | M11: 0.041496515 | N11: 0.0416224 | O11: 0.041588545 | P11: 0.041014671 | R11: =PERCENTILE(G11:P11,0.9) -> 0.04159193 | S11: =spmv_1!R$6/R11 -> 4.0448858 | T11: =S11/4 -> 1.0112215
A12: ML_Geer.mtx | B12: 3 | D12: 27719302 | E12: 1.375277 | G12: 0.039041042 | H12: 0.039819241 | I12: 0.040188551 | J12: 0.04093504 | K12: 0.040450096 | L12: 0.040946722 | M12: 0.040290594 | N12: 0.040420532 | O12: 0.040861368 | P12: 0.040155411 | R12: =PERCENTILE(G12:P12,0.9) -> 0.040936208 | S12: =spmv_1!R$6/R12 -> 4.1096774 | T12: =S12/4 -> 1.0274194
A15: Matrix | B15: Rank | D15: Local NNZ | E15: GFLOPS | G15: Iter_0 | H15: Iter_1 | I15: Iter_2 | J15: Iter_3 | K15: Iter_4 | L15: Iter_5 | M15: Iter_6 | N15: Iter_7 | O15: Iter_8 | P15: Iter_9 | R15: 90 percentile | S15: Speedup | T15: Efficiency
A16: msdoor.mtx | B16: 0 | D16: 5058715 | E16: 1.218674 | G16: 0.008655548 | H16: 0.008394241 | I16: 0.008255959 | J16: 0.008260012 | K16: 0.008267164 | L16: 0.008269072 | M16: 0.00818038 | N16: 0.008245945 | O16: 0.008247852 | P16: 0.008243799 | R16: =PERCENTILE(G16:P16,0.9) -> 0.0084203717 | S16: =spmv_1!R$10/R16 -> 4.1603537 | T16: =S16/4 -> 1.0400884
A17: msdoor.mtx | B17: 1 | D17: 5063792 | E17: 1.233866 | G17: 0.008527517 | H17: 0.008019209 | I17: 0.008064032 | J17: 0.008225679 | K17: 0.008230448 | L17: 0.008278131 | M17: 0.00825882 | N17: 0.007972002 | O17: 0.008184195 | P17: 0.008320093 | R17: =PERCENTILE(G17:P17,0.9) -> 0.0083408354 | S17: =spmv_1!R$10/R17 -> 4.2000259 | T17: =S17/4 -> 1.0500065
A18: msdoor.mtx | B18: 2 | D18: 5055857 | E18: 1.191625 | G18: 0.008817196 | H18: 0.008522272 | I18: 0.008379459 | J18: 0.008380413 | K18: 0.008482218 | L18: 0.008481503 | M18: 0.008460283 | N18: 0.008362055 | O18: 0.00843215 | P18: 0.008538961 | R18: =PERCENTILE(G18:P18,0.9) -> 0.0085667845 | S18: =spmv_1!R$10/R18 -> 4.0892501 | T18: =S18/4 -> 1.0223125
A19: msdoor.mtx | B19: 3 | D19: 5062571 | E19: 1.182219 | G19: 0.009032011 | H19: 0.008604527 | I19: 0.008483887 | J19: 0.008514404 | K19: 0.00847888 | L19: 0.008449078 | M19: 0.008575916 | N19: 0.008400202 | O19: 0.008520842 | P19: 0.008585453 | R19: =PERCENTILE(G19:P19,0.9) -> 0.0086472754 | S19: =spmv_1!R$10/R19 -> 4.0511864 | T19: =S19/4 -> 1.0127966
A22: Matrix | B22: Rank | D22: Local NNZ | E22: GFLOPS | G22: Iter_0 | H22: Iter_1 | I22: Iter_2 | J22: Iter_3 | K22: Iter_4 | L22: Iter_5 | M22: Iter_6 | N22: Iter_7 | O22: Iter_8 | P22: Iter_9 | R22: 90 percentile | S22: Speedup | T22: Efficiency
A23: nlpkkt240.mtx | B23: 0 | D23: 193615216 | E23: 1.055012 | G23: 0.36688709 | H23: 0.36687326 | I23: 0.36665082 | J23: 0.36680603 | K23: 0.36705065 | L23: 0.36734104 | M23: 0.36716509 | N23: 0.36757588 | O23: 0.36707592 | P23: 0.36696339 | R23: =PERCENTILE(G23:P23,0.9) -> 0.36736453 | S23: =spmv_1!R$14/R23 -> 3.0066707 | T23: =S23/4 -> 0.75166768
A24: nlpkkt240.mtx | B24: 1 | D24: 193620960 | E24: 1.056275 | G24: 0.37345839 | H24: 0.36486149 | I24: 0.36462617 | J24: 0.36412382 | K24: 0.36532783 | L24: 0.36488032 | M24: 0.3646574 | N24: 0.36500978 | O24: 0.37408137 | P24: 0.36508369 | R24: =PERCENTILE(G24:P24,0.9) -> 0.37352068 | S24: =spmv_1!R$14/R24 -> 2.9571165 | T24: =S24/4 -> 0.73927912
A25: nlpkkt240.mtx | B25: 2 | D25: 193620960 | E25: 1.053977 | G25: 0.37454653 | H25: 0.36519957 | I25: 0.36547661 | J25: 0.36511231 | K25: 0.36577225 | L25: 0.36573696 | M25: 0.36617899 | N25: 0.36590076 | O25: 0.37483931 | P25: 0.36533737 | R25: =PERCENTILE(G25:P25,0.9) -> 0.37457581 | S25: =spmv_1!R$14/R25 -> 2.9487867 | T25: =S25/4 -> 0.73719668
A26: nlpkkt240.mtx | B26: 3 | D26: 193615216 | E26: 1.034265 | G26: 0.37433481 | H26: 0.37416458 | I26: 0.37380743 | J26: 0.37423873 | K26: 0.37479711 | L26: 0.37439752 | M26: 0.3744576 | N26: 0.3745203 | O26: 0.37468505 | P26: 0.37461209 | R26: =PERCENTILE(G26:P26,0.9) -> 0.37469625 | S26: =spmv_1!R$14/R26 -> 2.9478388 | T26: =S26/4 -> 0.7369597
A29: Matrix | B29: Rank | D29: Local NNZ | E29: GFLOPS | G29: Iter_0 | H29: Iter_1 | I29: Iter_2 | J29: Iter_3 | K29: Iter_4 | L29: Iter_5 | M29: Iter_6 | N29: Iter_7 | O29: Iter_8 | P29: Iter_9 | R29: 90 percentile | S29: Speedup | T29: Efficiency
A30: Pflow_742.mtx | B30: 0 | D30: 9302103 | E30: 0.764497 | G30: 0.023035526 | H30: 0.024475813 | I30: 0.024579048 | J30: 0.0244627 | K30: 0.024162292 | L30: 0.024510622 | M30: 0.024620056 | N30: 0.024677992 | O30: 0.024659395 | P30: 0.02416873 | R30: =PERCENTILE(G30:P30,0.9) -> 0.024661255 | S30: =spmv_1!R$18/R30 -> 3.1441518 | T30: =S30/4 -> 0.78603795
A31: Pflow_742.mtx | B31: 1 | D31: 9184782 | E31: 1.262433 | G31: 0.018001318 | H31: 0.014500856 | I31: 0.014052153 | J31: 0.013979673 | K31: 0.014300108 | L31: 0.013938189 | M31: 0.014250994 | N31: 0.014009476 | O31: 0.01414752 | P31: 0.014328957 | R31: =PERCENTILE(G31:P31,0.9) -> 0.014850902 | S31: =spmv_1!R$18/R31 -> 5.221146 | T31: =S31/4 -> 1.3052865
A32: Pflow_742.mtx | B32: 2 | D32: 9138104 | E32: 0.778831 | G32: 0.019892454 | H32: 0.024363995 | I32: 0.02401042 | J32: 0.023626566 | K32: 0.023717165 | L32: 0.023770332 | M32: 0.023964167 | N32: 0.023531199 | O32: 0.023878336 | P32: 0.023907423 | R32: =PERCENTILE(G32:P32,0.9) -> 0.024045778 | S32: =spmv_1!R$18/R32 -> 3.2246297 | T32: =S32/4 -> 0.80615743
A33: Pflow_742.mtx | B33: 3 | D33: 9513472 | E33: 1.289487 | G33: 0.017922401 | H33: 0.014955282 | I33: 0.01444602 | J33: 0.014402151 | K33: 0.01418829 | L33: 0.014298677 | M33: 0.014585257 | N33: 0.014248848 | O33: 0.014042377 | P33: 0.014465094 | R33: =PERCENTILE(G33:P33,0.9) -> 0.015251994 | S33: =spmv_1!R$18/R33 -> 5.0838421 | T33: =S33/4 -> 1.2709605

Sheet spmv_8
A1: Matrix | B1: Rank | D1: Local NNZ | E1: GFLOPS | G1: Iter_0 | H1: Iter_1 | I1: Iter_2 | J1: Iter_3 | K1: Iter_4 | L1: Iter_5 | M1: Iter_6 | N1: Iter_7 | O1: Iter_8 | P1: Iter_9 | R1: 90 percentile | S1: Speedup | T1: Efficiency
A2: bmwcra_1.mtx | B2: 0 | D2: 1329644 | E2: 1.005305 | G2: 0.002890587 | H2: 0.002570629 | I2: 0.002589464 | J2: 0.002710342 | K2: 0.002684593 | L2: 0.002572536 | M2: 0.002524376 | N2: 0.002598286 | O2: 0.002640963 | P2: 0.002670765 | R2: =PERCENTILE(G2:P2,0.9) -> 0.0027283665 | S2: =spmv_1!R$2/R2 -> 6.3859633 | T2: =S2/8 -> 0.79824542
A3: bmwcra_1.mtx | B3: 1 | D3: 1332084 | E3: 0.966445 | G3: 0.002987623 | H3: 0.002701521 | I3: 0.002714396 | J3: 0.002835274 | K3: 0.002756119 | L3: 0.002753973 | M3: 0.002630472 | N3: 0.002732515 | O3: 0.002698898 | P3: 0.00275588 | R3: =PERCENTILE(G3:P3,0.9) -> 0.0028505089 | S3: =spmv_1!R$2/R3 -> 6.1123291 | T3: =S3/8 -> 0.76404113
A4: bmwcra_1.mtx | B4: 2 | D4: 1329679 | E4: 0.915288 | G4: 0.003011703 | H4: 0.00285697 | I4: 0.002855539 | J4: 0.002933741 | K4: 0.002861023 | L4: 0.002892971 | M4: 0.002884388 | N4: 0.00296855 | O4: 0.002873182 | P4: 0.002916813 | R4: =PERCENTILE(G4:P4,0.9) -> 0.0029728653 | S4: =spmv_1!R$2/R4 -> 5.8607594 | T4: =S4/8 -> 0.73259493
A5: bmwcra_1.mtx | B5: 3 | D5: 1331060 | E5: 0.670849 | G5: 0.003385067 | H5: 0.004009962 | I5: 0.004036903 | J5: 0.00406146 | K5: 0.004045486 | L5: 0.004056454 | M5: 0.00409174 | N5: 0.004016161 | O5: 0.003964424 | P5: 0.004015207 | R5: =PERCENTILE(G5:P5,0.9) -> 0.004064488 | S5: =spmv_1!R$2/R5 -> 4.2867019 | T5: =S5/8 -> 0.53583774
A6: bmwcra_1.mtx | B6: 4 | D6: 1329155 | E6: 0.909309 | G6: 0.00307107 | H6: 0.002937317 | I6: 0.002910376 | J6: 0.002880812 | K6: 0.00290966 | L6: 0.002882481 | M6: 0.002913475 | N6: 0.002882719 | O6: 0.002901077 | P6: 0.002945423 | R6: =PERCENTILE(G6:P6,0.9) -> 0.0029579877 | S6: =spmv_1!R$2/R6 -> 5.8902369 | T6: =S6/8 -> 0.73627962
A7: bmwcra_1.mtx | B7: 5 | D7: 1331420 | E7: 0.922542 | G7: 0.003094673 | H7: 0.002895832 | I7: 0.002940655 | J7: 0.002841473 | K7: 0.002847672 | L7: 0.002854824 | M7: 0.002920389 | N7: 0.002799273 | O7: 0.002782583 | P7: 0.002886772 | R7: =PERCENTILE(G7:P7,0.9) -> 0.0029560568 | S7: =spmv_1!R$2/R7 -> 5.8940844 | T7: =S7/8 -> 0.73676056
A8: bmwcra_1.mtx | B8: 6 | D8: 1329374 | E8: 0.923482 | G8: 0.003043175 | H8: 0.002840757 | I8: 0.002899885 | J8: 0.002848387 | K8: 0.002798319 | L8: 0.002793789 | M8: 0.00289607 | N8: 0.002936602 | O8: 0.002873421 | P8: 0.002860069 | R8: =PERCENTILE(G8:P8,0.9) -> 0.0029472593 | S8: =spmv_1!R$2/R8 -> 5.9116781 | T8: =S8/8 -> 0.73895977
A9: bmwcra_1.mtx | B9: 7 | D9: 1331586 | E9: 0.960873 | G9: 0.003015518 | H9: 0.002788544 | I9: 0.002831936 | J9: 0.002766371 | K9: 0.002727032 | L9: 0.002726078 | M9: 0.002800703 | N9: 0.002728224 | O9: 0.002656221 | P9: 0.002675533 | R9: =PERCENTILE(G9:P9,0.9) -> 0.0028502942 | S9: =spmv_1!R$2/R9 -> 6.1127895 | T9: =S9/8 -> 0.76409868
A12: Matrix | B12: Rank | D12: Local NNZ | E12: GFLOPS | G12: Iter_0 | H12: Iter_1 | I12: Iter_2 | J12: Iter_3 | K12: Iter_4 | L12: Iter_5 | M12: Iter_6 | N12: Iter_7 | O12: Iter_8 | P12: Iter_9 | R12: 90 percentile | S12: Speedup | T12: Efficiency
A13: ML_Geer.mtx | B13: 0 | D13: 13861994 | E13: 0.954163 | G13: 0.028968573 | H13: 0.028804541 | I13: 0.02906394 | J13: 0.02913785 | K13: 0.029173613 | L13: 0.029560328 | M13: 0.028664351 | N13: 0.029616833 | O13: 0.028991222 | P13: 0.028577089 | R13: =PERCENTILE(G13:P13,0.9) -> 0.029565978 | S13: =spmv_1!R$6/R13 -> 5.6901418 | T13: =S13/8 -> 0.71126773
A14: ML_Geer.mtx | B14: 1 | D14: 13862028 | E14: 0.926703 | G14: 0.029749393 | H14: 0.030009747 | I14: 0.03088522 | J14: 0.029790163 | K14: 0.030053377 | L14: 0.029530764 | M14: 0.029666662 | N14: 0.029775381 | O14: 0.029995203 | P14: 0.029712677 | R14: =PERCENTILE(G14:P14,0.9) -> 0.030136561 | S14: =spmv_1!R$6/R14 -> 5.582409 | T14: =S14/8 -> 0.69780112
A15: ML_Geer.mtx | B15: 2 | D15: 13860012 | E15: 0.917654 | G15: 0.029976845 | H15: 0.029892445 | I15: 0.030890465 | J15: 0.029735804 | K15: 0.030831099 | L15: 0.030782461 | M15: 0.030320883 | N15: 0.029611588 | O15: 0.030029058 | P15: 0.030004263 | R15: =PERCENTILE(G15:P15,0.9) -> 0.030837036 | S15: =spmv_1!R$6/R15 -> 5.4556026 | T15: =S15/8 -> 0.68195032
A16: ML_Geer.mtx | B16: 3 | D16: 13859966 | E16: 0.948994 | G16: 0.028946161 | H16: 0.028712988 | I16: 0.03059411 | J16: 0.028787136 | K16: 0.029452324 | L16: 0.029074907 | M16: 0.028989553 | N16: 0.029169559 | O16: 0.029422522 | P16: 0.028948784 | R16: =PERCENTILE(G16:P16,0.9) -> 0.029566503 | S16: =spmv_1!R$6/R16 -> 5.690041 | T16: =S16/8 -> 0.71125512
A17: ML_Geer.mtx | B17: 4 | D17: 13858664 | E17: 0.987626 | G17: 0.028185129 | H17: 0.028303385 | I17: 0.029328108 | J17: 0.028196573 | K17: 0.027871132 | L17: 0.027477264 | M17: 0.027676344 | N17: 0.027784824 | O17: 0.027963877 | P17: 0.027859449 | R17: =PERCENTILE(G17:P17,0.9) -> 0.028405857 | S17: =spmv_1!R$6/R17 -> 5.9225324 | T17: =S17/8 -> 0.74031655
A18: ML_Geer.mtx | B18: 5 | D18: 13858656 | E18: 0.939066 | G18: 0.030014992 | H18: 0.028877258 | I18: 0.029251575 | J18: 0.029257536 | K18: 0.030059338 | L18: 0.029464483 | M18: 0.029713631 | N18: 0.029369831 | O18: 0.029931068 | P18: 0.029218435 | R18: =PERCENTILE(G18:P18,0.9) -> 0.030019427 | S18: =spmv_1!R$6/R18 -> 5.6041913 | T18: =S18/8 -> 0.70052392
A19: ML_Geer.mtx | B19: 6 | D19: 13859316 | E19: 0.951221 | G19: 0.029158115 | H19: 0.028816223 | I19: 0.028887987 | J19: 0.028783321 | K19: 0.029579639 | L19: 0.029793501 | M19: 0.029111385 | N19: 0.029226303 | O19: 0.029145241 | P19: 0.028898716 | R19: =PERCENTILE(G19:P19,0.9) -> 0.029601025 | S19: =spmv_1!R$6/R19 -> 5.6834049 | T19: =S19/8 -> 0.71042561
A20: ML_Geer.mtx | B20: 7 | D20: 13859336 | E20: 0.962114 | G20: 0.028923512 | H20: 0.028858423 | I20: 0.02867198 | J20: 0.028305292 | K20: 0.029077768 | L20: 0.028938293 | M20: 0.028995275 | N20: 0.028527021 | O20: 0.028982639 | P20: 0.028821468 | R20: =PERCENTILE(G20:P20,0.9) -> 0.029003524 | S20: =spmv_1!R$6/R20 -> 5.8004885 | T20: =S20/8 -> 0.72506107
A23: Matrix | B23: Rank | D23: Local NNZ | E23: GFLOPS | G23: Iter_0 | H23: Iter_1 | I23: Iter_2 | J23: Iter_3 | K23: Iter_4 | L23: Iter_5 | M23: Iter_6 | N23: Iter_7 | O23: Iter_8 | P23: Iter_9 | R23: 90 percentile | S23: Speedup | T23: Efficiency
A24: msdoor.mtx | B24: 0 | D24: 2537442 | E24: 0.719383 | G24: 0.00718236 | H24: 0.006985664 | I24: 0.007139206 | J24: 0.007087469 | K24: 0.007041454 | L24: 0.006997585 | M24: 0.006931305 | N24: 0.006893396 | O24: 0.007231712 | P24: 0.007054806 | R24: =PERCENTILE(G24:P24,0.9) -> 0.0071872952 | S24: =spmv_1!R$10/R24 -> 4.8741179 | T24: =S24/8 -> 0.60926474
A25: msdoor.mtx | B25: 1 | D25: 2540545 | E25: 0.676775 | G25: 0.007555008 | H25: 0.007407188 | I25: 0.00757432 | J25: 0.007582903 | K25: 0.007510662 | L25: 0.007458925 | M25: 0.007474184 | N25: 0.007558346 | O25: 0.00754118 | P25: 0.007415295 | R25: =PERCENTILE(G25:P25,0.9) -> 0.0075751783 | S25: =spmv_1!R$10/R25 -> 4.6245412 | T25: =S25/8 -> 0.57806765
A26: msdoor.mtx | B26: 2 | D26: 2535823 | E26: 0.733584 | G26: 0.007042885 | H26: 0.006829262 | I26: 0.00698328 | J26: 0.006916046 | K26: 0.006920576 | L26: 0.006844521 | M26: 0.006819725 | N26: 0.006781816 | O26: 0.007096529 | P26: 0.006900549 | R26: =PERCENTILE(G26:P26,0.9) -> 0.0070482494 | S26: =spmv_1!R$10/R26 -> 4.9702731 | T26: =S26/8 -> 0.62128414
A27: msdoor.mtx | B27: 3 | D27: 2539771 | E27: 0.676809 | G27: 0.007547855 | H27: 0.007393837 | I27: 0.007569551 | J27: 0.007547617 | K27: 0.007504225 | L27: 0.007478476 | M27: 0.007471323 | N27: 0.007567406 | O27: 0.007529736 | P27: 0.007441282 | R27: =PERCENTILE(G27:P27,0.9) -> 0.0075676205 | S27: =spmv_1!R$10/R27 -> 4.6291598 | T27: =S27/8 -> 0.57864497
A28: msdoor.mtx | B28: 4 | D28: 2521273 | E28: 0.678743 | G28: 0.007388115 | H28: 0.007325172 | I28: 0.007496357 | J28: 0.007507801 | K28: 0.007436275 | L28: 0.007375717 | M28: 0.007418871 | N28: 0.007483959 | O28: 0.007464409 | P28: 0.007395744 | R28: =PERCENTILE(G28:P28,0.9) -> 0.0074975014 | S28: =spmv_1!R$10/R28 -> 4.6724532 | T28: =S28/8 -> 0.58405665
A29: msdoor.mtx | B29: 5 | D29: 2523247 | E29: 0.69478 | G29: 0.007354736 | H29: 0.007111073 | I29: 0.007335424 | J29: 0.007295609 | K29: 0.007286549 | L29: 0.007172823 | M29: 0.007302999 | N29: 0.007360935 | O29: 0.007215738 | P29: 0.007198572 | R29: =PERCENTILE(G29:P29,0.9) -> 0.0073553559 | S29: =spmv_1!R$10/R29 -> 4.7627504 | T29: =S29/8 -> 0.5953438
A30: msdoor.mtx | B30: 6 | D30: 2520034 | E30: 0.684758 | G30: 0.0075109 | H30: 0.007202864 | I30: 0.007403612 | J30: 0.007415295 | K30: 0.007380247 | L30: 0.007270098 | M30: 0.007382631 | N30: 0.007407427 | O30: 0.007366419 | P30: 0.007264137 | R30: =PERCENTILE(G30:P30,0.9) -> 0.0074248555 | S30: =spmv_1!R$10/R30 -> 4.7181692 | T30: =S30/8 -> 0.58977115
A31: msdoor.mtx | B31: 7 | D31: 2522800 | E31: 0.681384 | G31: 0.007567883 | H31: 0.007241726 | I31: 0.007460594 | J31: 0.007422447 | K31: 0.007376671 | L31: 0.007327557 | M31: 0.007377863 | N31: 0.007489443 | O31: 0.007452488 | P31: 0.007332563 | R31: =PERCENTILE(G31:P31,0.9) -> 0.007497287 | S31: =spmv_1!R$10/R31 -> 4.6725868 | T31: =S31/8 -> 0.58407335
A34: Matrix | B34: Rank | D34: Local NNZ | E34: GFLOPS | G34: Iter_0 | H34: Iter_1 | I34: Iter_2 | J34: Iter_3 | K34: Iter_4 | L34: Iter_5 | M34: Iter_6 | N34: Iter_7 | O34: Iter_8 | P34: Iter_9 | R34: 90 percentile | S34: Speedup | T34: Efficiency
A35: nlpkkt240.mtx | B35: 0 | D35: 96804736 | E35: 0.540833 | G35: 0.35087204 | H35: 0.35975385 | I35: 0.35556269 | J35: 0.35904813 | K35: 0.35751677 | L35: 0.36080313 | M35: 0.35578203 | N35: 0.36332107 | O35: 0.36066246 | P35: 0.3565166 | R35: =PERCENTILE(G35:P35,0.9) -> 0.36105492 | S35: =spmv_1!R$14/R35 -> 3.0592137 | T35: =S35/8 -> 0.38240171
A36: nlpkkt240.mtx | B36: 1 | D36: 96810480 | E36: 0.569083 | G36: 0.33304286 | H36: 0.34217596 | I36: 0.33784413 | J36: 0.34111142 | K36: 0.33971143 | L36: 0.34298706 | M36: 0.33792019 | N36: 0.3457613 | O36: 0.34307265 | P36: 0.33870292 | R36: =PERCENTILE(G36:P36,0.9) -> 0.34334152 | S36: =spmv_1!R$14/R36 -> 3.2170422 | T36: =S36/8 -> 0.40213028
A37: nlpkkt240.mtx | B37: 2 | D37: 96810480 | E37: 0.521776 | G37: 0.33020496 | H37: 0.3386116 | I37: 0.33476901 | J37: 0.33758998 | K37: 0.33673406 | L37: 0.33995676 | M37: 0.41065383 | N37: 0.43166566 | O37: 0.39621687 | P37: 0.45440674 | R37: =PERCENTILE(G37:P37,0.9) -> 0.43393977 | S37: =spmv_1!R$14/R37 -> 2.5453859 | T37: =S37/8 -> 0.31817324
A38: nlpkkt240.mtx | B38: 3 | D38: 96810480 | E38: 0.544176 | G38: 0.3478899 | H38: 0.35670686 | I38: 0.35223484 | J38: 0.35552216 | K38: 0.35422444 | L38: 0.35733986 | M38: 0.36276865 | N38: 0.35980701 | O38: 0.35780048 | P38: 0.35376144 | R38: =PERCENTILE(G38:P38,0.9) -> 0.36010318 | S38: =spmv_1!R$14/R38 -> 3.0672991 | T38: =S38/8 -> 0.38341239
A39: nlpkkt240.mtx | B39: 4 | D39: 96810480 | E39: 0.55186 | G39: 0.34732914 | H39: 0.35514903 | I39: 0.35094595 | J39: 0.35904431 | K39: 0.35257649 | L39: 0.35183406 | M39: 0.34662962 | N39: 0.33836317 | O39: 0.35263681 | P39: 0.35400867 | R39: =PERCENTILE(G39:P39,0.9) -> 0.35553856 | S39: =spmv_1!R$14/R39 -> 3.106679 | T39: =S39/8 -> 0.38833487
A40: nlpkkt240.mtx | B40: 5 | D40: 96810480 | E40: 0.528276 | G40: 0.3601861 | H40: 0.36947799 | I40: 0.36525083 | J40: 0.36855888 | K40: 0.36744475 | L40: 0.37051249 | M40: 0.36336017 | N40: 0.36315513 | O40: 0.37060618 | P40: 0.36659813 | R40: =PERCENTILE(G40:P40,0.9) -> 0.37052186 | S40: =spmv_1!R$14/R40 -> 2.98105 | T40: =S40/8 -> 0.37263124
A41: nlpkkt240.mtx | B41: 6 | D41: 96810480 | E41: 0.560858 | G41: 0.35186911 | H41: 0.34324908 | I41: 0.35546064 | J41: 0.34613395 | K41: 0.34253478 | L41: 0.34023595 | M41: 0.34614563 | N41: 0.34407306 | O41: 0.34089565 | P41: 0.34162712 | R41: =PERCENTILE(G41:P41,0.9) -> 0.35222826 | S41: =spmv_1!R$14/R41 -> 3.135876 | T41: =S41/8 -> 0.39198451
A42: nlpkkt240.mtx | B42: 7 | D42: 96804736 | E42: 0.568868 | G42: 0.34137845 | H42: 0.34200644 | I42: 0.34495783 | J42: 0.34035158 | K42: 0.33650279 | L42: 0.33825517 | M42: 0.33675289 | N42: 0.34420204 | O42: 0.33967805 | P42: 0.33933401 | R42: =PERCENTILE(G42:P42,0.9) -> 0.34427762 | S42: =spmv_1!R$14/R42 -> 3.208295 | T42: =S42/8 -> 0.40103687
A45: Matrix | B45: Rank | D45: Local NNZ | E45: GFLOPS | G45: Iter_0 | H45: Iter_1 | I45: Iter_2 | J45: Iter_3 | K45: Iter_4 | L45: Iter_5 | M45: Iter_6 | N45: Iter_7 | O45: Iter_8 | P45: Iter_9 | R45: 90 percentile | S45: Speedup | T45: Efficiency
A46: Pflow_742.mtx | B46: 0 | D46: 4650821 | E46: 0.864352 | G46: 0.010956049 | H46: 0.01047349 | I46: 0.010639906 | J46: 0.010870934 | K46: 0.010637283 | L46: 0.010643482 | M46: 0.010798693 | N46: 0.010700226 | O46: 0.010910988 | P46: 0.01098299 | R46: =PERCENTILE(G46:P46,0.9) -> 0.010958743 | S46: =spmv_1!R$18/R46 -> 7.075513 | T46: =S46/8 -> 0.88443912
A47: Pflow_742.mtx | B47: 1 | D47: 4591501 | E47: 0.849752 | G47: 0.010844469 | H47: 0.010603189 | I47: 0.010851145 | J47: 0.010784864 | K47: 0.010893106 | L47: 0.010707378 | M47: 0.010877609 | N47: 0.010699034 | O47: 0.010868549 | P47: 0.010937452 | R47: =PERCENTILE(G47:P47,0.9) -> 0.010897541 | S47: =spmv_1!R$18/R47 -> 7.1152503 | T47: =S47/8 -> 0.88940628
A48: Pflow_742.mtx | B48: 2 | D48: 4568376 | E48: 0.864408 | G48: 0.010553122 | H48: 0.010435104 | I48: 0.010332823 | J48: 0.010704041 | K48: 0.010693073 | L48: 0.010511637 | M48: 0.010508537 | N48: 0.010475159 | O48: 0.010749817 | P48: 0.010736227 | R48: =PERCENTILE(G48:P48,0.9) -> 0.010737586 | S48: =spmv_1!R$18/R48 -> 7.221244 | T48: =S48/8 -> 0.9026555
A49: Pflow_742.mtx | B49: 3 | D49: 4757611 | E49: 0.809287 | G49: 0.021659136 | H49: 0.010403395 | I49: 0.01038003 | J49: 0.010645866 | K49: 0.010904312 | L49: 0.010633945 | M49: 0.010715485 | N49: 0.010622263 | O49: 0.010672331 | P49: 0.010938644 | R49: =PERCENTILE(G49:P49,0.9) -> 0.012010693 | S49: =spmv_1!R$18/R49 -> 6.455808 | T49: =S49/8 -> 0.806976
A50: Pflow_742.mtx | B50: 4 | D50: 4651282 | E50: 0.87168 | G50: 0.011050463 | H50: 0.010618925 | I50: 0.010449409 | J50: 0.010399818 | K50: 0.010698557 | L50: 0.010521173 | M50: 0.010749102 | N50: 0.010566473 | O50: 0.010798693 | P50: 0.010867357 | R50: =PERCENTILE(G50:P50,0.9) -> 0.010885668 | S50: =spmv_1!R$18/R50 -> 7.1230109 | T50: =S50/8 -> 0.89037636
A51: Pflow_742.mtx | B51: 5 | D51: 4593281 | E51: 0.86194 | G51: 0.010810137 | H51: 0.010505199 | I51: 0.010357141 | J51: 0.010723591 | K51: 0.010922909 | L51: 0.010504246 | M51: 0.010829449 | N51: 0.010701895 | O51: 0.010631084 | P51: 0.010594368 | R51: =PERCENTILE(G51:P51,0.9) -> 0.010838795 | S51: =spmv_1!R$18/R51 -> 7.1538145 | T51: =S51/8 -> 0.89422681
A52: Pflow_742.mtx | B52: 6 | D52: 4569728 | E52: 0.862223 | G52: 0.010821342 | H52: 0.010433197 | I52: 0.010375261 | J52: 0.010668755 | K52: 0.010780811 | L52: 0.010505199 | M52: 0.010542631 | N52: 0.010710955 | O52: 0.010639906 | P52: 0.010520697 | R52: =PERCENTILE(G52:P52,0.9) -> 0.010784864 | S52: =spmv_1!R$18/R52 -> 7.1895879 | T52: =S52/8 -> 0.89869849
A53: Pflow_742.mtx | B53: 7 | D53: 4755861 | E53: 0.88847 | G53: 0.010941744 | H53: 0.010550976 | I53: 0.010480881 | J53: 0.010609627 | K53: 0.010605812 | L53: 0.010840654 | M53: 0.010562658 | N53: 0.010773659 | O53: 0.01083684 | P53: 0.010854483 | R53: =PERCENTILE(G53:P53,0.9) -> 0.010863209 | S53: =spmv_1!R$18/R53 -> 7.1377369 | T53: =S53/8 -> 0.89221712

Sheet spmv_1x16
A1: Matrix | B1: Rank | D1: Local NNZ | E1: GFLOPS | G1: Iter_0 | H1: Iter_1 | I1: Iter_2 | J1: Iter_3 | K1: Iter_4 | L1: Iter_5 | M1: Iter_6 | N1: Iter_7 | O1: Iter_8 | P1: Iter_9 | R1: 90 percentile | S1: Speedup | T1: Efficiency
A2: bmwcra_1.mtx | B2: 0 | D2: 666452 | E2: 0.902905 | G2: 0.001858473 | H2: 0.001502752 | I2: 0.001444578 | J2: 0.001453638 | K2: 0.00143981 | L2: 0.001410961 | M2: 0.001428843 | N2: 0.001447916 | O2: 0.00141716 | P2: 0.001358271 | R2: =PERCENTILE(G2:P2,0.9) -> 0.0015383241 | S2: =spmv_1!R$2/R2 -> 11.326123 | T2: =S2/16 -> 0.7078827
A3: bmwcra_1.mtx | B3: 1 | D3: 667346 | E3: 0.856621 | G3: 0.001888037 | H3: 0.001577377 | I3: 0.00152564 | J3: 0.001552582 | K3: 0.001521826 | L3: 0.001490831 | M3: 0.001512766 | N3: 0.001534462 | O3: 0.00150156 | P3: 0.001475811 | R3: =PERCENTILE(G3:P3,0.9) -> 0.001608443 | S3: =spmv_1!R$2/R3 -> 10.832369 | T3: =S3/16 -> 0.67702307
A4: bmwcra_1.mtx | B4: 2 | D4: 665088 | E4: 0.862633 | G4: 0.00182271 | H4: 0.001541615 | I4: 0.001508474 | J4: 0.001609325 | K4: 0.00153017 | L4: 0.001502275 | M4: 0.001424074 | N4: 0.001498222 | O4: 0.00150013 | P4: 0.001482964 | R4: =PERCENTILE(G4:P4,0.9) -> 0.0016306635 | S4: =spmv_1!R$2/R4 -> 10.68476 | T4: =S4/16 -> 0.66779751
A5: bmwcra_1.mtx | B5: 3 | D5: 663375 | E5: 0.88403 | G5: 0.001833677 | H5: 0.001581907 | I5: 0.001498222 | J5: 0.001498699 | K5: 0.001442432 | L5: 0.001420259 | M5: 0.001441002 | N5: 0.001424789 | O5: 0.001442194 | P5: 0.001424789 | R5: =PERCENTILE(G5:P5,0.9) -> 0.001607084 | S5: =spmv_1!R$2/R5 -> 10.841529 | T5: =S5/16 -> 0.67759559
A6: bmwcra_1.mtx | B6: 4 | D6: 662698 | E6: 0.843082 | G6: 0.001921177 | H6: 0.001598358 | I6: 0.001549482 | J6: 0.001547098 | K6: 0.001518965 | L6: 0.001498461 | M6: 0.001532078 | N6: 0.001554966 | O6: 0.001524687 | P6: 0.001475573 | R6: =PERCENTILE(G6:P6,0.9) -> 0.0016306399 | S6: =spmv_1!R$2/R6 -> 10.684915 | T6: =S6/16 -> 0.66780717
A7: bmwcra_1.mtx | B7: 5 | D7: 665594 | E7: 0.854111 | G7: 0.001941681 | H7: 0.00158906 | I7: 0.001542807 | J7: 0.001522779 | K7: 0.00151968 | L7: 0.001501322 | M7: 0.001489401 | N7: 0.00152421 | O7: 0.001499891 | P7: 0.00145483 | R7: =PERCENTILE(G7:P7,0.9) -> 0.0016243221 | S7: =spmv_1!R$2/R7 -> 10.726474 | T7: =S7/16 -> 0.67040461
A8: bmwcra_1.mtx | B8: 6 | D8: 665712 | E8: 0.794084 | G8: 0.002165794 | H8: 0.001710653 | I8: 0.001644373 | J8: 0.001621008 | K8: 0.001639366 | L8: 0.001589298 | M8: 0.001587629 | N8: 0.001589537 | O8: 0.001618624 | P8: 0.001600504 | R8: =PERCENTILE(G8:P8,0.9) -> 0.0017561671 | S8: =spmv_1!R$2/R8 -> 9.9211791 | T8: =S8/16 -> 0.6200737
A9: bmwcra_1.mtx | B9: 7 | D9: 666565 | E9: 0.795452 | G9: 0.00215435 | H9: 0.001705408 | I9: 0.001640081 | J9: 0.001612663 | K9: 0.001604795 | L9: 0.001595974 | M9: 0.001605988 | N9: 0.001617432 | O9: 0.001618862 | P9: 0.001603842 | R9: =PERCENTILE(G9:P9,0.9) -> 0.0017503022 | S9: =spmv_1!R$2/R9 -> 9.954423 | T9: =S9/16 -> 0.62215143
A10: bmwcra_1.mtx | B10: 8 | D10: 663192 | E10: 0.847773 | G10: 0.001969576 | H10: 0.001593351 | I10: 0.001531124 | J10: 0.001517296 | K10: 0.001521111 | L10: 0.001496077 | M10: 0.001477957 | N10: 0.001543045 | O10: 0.001518965 | P10: 0.001477003 | R10: =PERCENTILE(G10:P10,0.9) -> 0.0016309735 | S10: =spmv_1!R$2/R10 -> 10.682729 | T10: =S10/16 -> 0.66767058
A11: bmwcra_1.mtx | B11: 9 | D11: 664738 | E11: 0.792866 | G11: 0.00220108 | H11: 0.001708269 | I11: 0.001636505 | J11: 0.001603365 | K11: 0.001607656 | L11: 0.001589775 | M11: 0.001567602 | N11: 0.001629353 | O11: 0.001617193 | P11: 0.00160718 | R11: =PERCENTILE(G11:P11,0.9) -> 0.0017575501 | S11: =spmv_1!R$2/R11 -> 9.9133723 | T11: =S11/16 -> 0.61958577
A12: bmwcra_1.mtx | B12: 10 | D12: 664591 | E12: 0.804983 | G12: 0.002147436 | H12: 0.001692295 | I12: 0.001617193 | J12: 0.001583815 | K12: 0.001590967 | L12: 0.001574755 | M12: 0.001539707 | N12: 0.001582384 | O12: 0.001588106 | P12: 0.001595259 | R12: =PERCENTILE(G12:P12,0.9) -> 0.0017378091 | S12: =spmv_1!R$2/R12 -> 10.025985 | T12: =S12/16 -> 0.62662408
A13: bmwcra_1.mtx | B13: 11 | D13: 667685 | E13: 0.815015 | G13: 0.002134085 | H13: 0.001677036 | I13: 0.001599789 | J13: 0.001579523 | K13: 0.001587152 | L13: 0.001555443 | M13: 0.001526594 | N13: 0.001577377 | O13: 0.001583815 | P13: 0.001563787 | R13: =PERCENTILE(G13:P13,0.9) -> 0.0017227409 | S13: =spmv_1!R$2/R13 -> 10.113679 | T13: =S13/16 -> 0.63210494
... A17: bmwcra_1.mtx | B17: 15 | D17: 665021 | E17: 0.91388 | G17: 0.001886606 | H17: 0.001487017 | I17: 0.001413822 | J17: 0.001422882 | K17: 0.001400471 | L17: 0.001398802 | M17: 0.001393318 | N17: 0.001398087 | O17: 0.00139308 | P17: 0.001359701 | R17: =PERCENTILE(G17:P17,0.9) -> 0.0015269759 | S17: =spmv_1!R$2/R17 -> 11.410297 | T17: =S17/16 -> 0.71314356
A20: Matrix | B20: Rank | D20: Local NNZ | E20: GFLOPS | G20: Iter_0 | H20: Iter_1 | I20: Iter_2 | J20: Iter_3 | K20: Iter_4 | L20: Iter_5 | M20: Iter_6 | N20: Iter_7 | O20: Iter_8 | P20: Iter_9 | R20: 90 percentile | S20: Speedup | T20: Efficiency
A21: ML_Geer.mtx | B21: 0 | D21: 6930698 | E21: 0.848363 | G21: 0.017124891 | H21: 0.016302109 | I21: 0.016746998 | J21: 0.016113281 | K21: 0.016448498 | L21: 0.016185999 | M21: 0.016110182 | N21: 0.016327143 | O21: 0.015980005 | P21: 0.016050816 | R21: =PERCENTILE(G21:P21,0.9) -> 0.016784787 | S21: =spmv_1!R$6/R21 -> 10.023041 | T21: =S21/16 -> 0.62644006
A22: ML_Geer.mtx | B22: 1 | D22: 6930722 | E22: 0.839847 | G22: 0.017216206 | H22: 0.016564608 | I22: 0.016758204 | J22: 0.016250372 | K22: 0.01646018 | L22: 0.016593695 | M22: 0.016321182 | N22: 0.016588926 | O22: 0.01614356 | P22: 0.016150236 | R22: =PERCENTILE(G22:P22,0.9) -> 0.016804004 | S22: =spmv_1!R$6/R22 -> 10.011579 | T22: =S22/16 -> 0.62572367
A23: ML_Geer.mtx | B23: 2 | D23: 6929254 | E23: 0.840313 | G23: 0.017202377 | H23: 0.016592741 | I23: 0.016732216 | J23: 0.016308308 | K23: 0.016323566 | L23: 0.016554832 | M23: 0.016343117 | N23: 0.016693592 | O23: 0.01607585 | P23: 0.016094208 | R23: =PERCENTILE(G23:P23,0.9) -> 0.016779232 | S23: =spmv_1!R$6/R23 -> 10.026359 | T23: =S23/16 -> 0.62664746
A24: ML_Geer.mtx | B24: 3 | D24: 6929236 | E24: 0.796413 | G24: 0.018392324 | H24: 0.018260479 | I24: 0.017565727 | J24: 0.017082691 | K24: 0.017115355 | L24: 0.017227173 | M24: 0.017108679 | N24: 0.017472744 | O24: 0.016963482 | P24: 0.016822577 | R24: =PERCENTILE(G24:P24,0.9) -> 0.018273663 | S24: =spmv_1!R$6/R24 -> 9.2063975 | T24: =S24/16 -> 0.57539985
A25: ML_Geer.mtx | B25: 4 | D25: 6928044 | E25: 0.782052 | G25: 0.018761873 | H25: 0.01836586 | I25: 0.01806736 | J25: 0.017349005 | K25: 0.017533541 | L25: 0.017535448 | M25: 0.017365694 | N25: 0.017584801 | O25: 0.017320156 | P25: 0.017292261 | R25: =PERCENTILE(G25:P25,0.9) -> 0.018405461 | S25: =spmv_1!R$6/R25 -> 9.1404724 | T25: =S25/16 -> 0.57127952
A26: ML_Geer.mtx | B26: 5 | D26: 6928026 | E26: 0.769824 | G26: 0.019035578 | H26: 0.018644094 | I26: 0.018402338 | J26: 0.017542124 | K26: 0.017742872 | L26: 0.017816544 | M26: 0.017645121 | N26: 0.017925024 | O26: 0.017738819 | P26: 0.017497301 | R26: =PERCENTILE(G26:P26,0.9) -> 0.018683242 | S26: =spmv_1!R$6/R26 -> 9.0045725 | T26: =S26/16 -> 0.56278578
A27: ML_Geer.mtx | B27: 6 | D27: 6929656 | E27: 0.805515 | G27: 0.017955542 | H27: 0.017482758 | I27: 0.017612457 | J27: 0.016933203 | K27: 0.017041922 | L27: 0.017114162 | M27: 0.016967297 | N27: 0.017114162 | O27: 0.016964436 | P27: 0.016869307 | R27: =PERCENTILE(G27:P27,0.9) -> 0.017646766 | S27: =spmv_1!R$6/R27 -> 9.5334531 | T27: =S27/16 -> 0.59584082
A28: ML_Geer.mtx | B28: 7 | D28: 6929668 | E28: 0.764232 | G28: 0.018911123 | H28: 0.018769503 | I28: 0.018535614 | J28: 0.017800331 | K28: 0.017775297 | L28: 0.018073797 | M28: 0.017870426 | N28: 0.018007994 | O28: 0.017759562 | P28: 0.017846107 | R28: =PERCENTILE(G28:P28,0.9) -> 0.018783665 | S28: =spmv_1!R$6/R28 -> 8.9564316 | T28: =S28/16 -> 0.55977697
A29: ML_Geer.mtx | B29: 8 | D29: 6931296 | E29: 0.805749 | G29: 0.018004894 | H29: 0.017374277 | I29: 0.017541409 | J29: 0.0170753 | K29: 0.017030716 | L29: 0.016992807 | M29: 0.017010212 | N29: 0.017044783 | O29: 0.016982794 | P29: 0.016988754 | R29: =PERCENTILE(G29:P29,0.9) -> 0.017587757 | S29: =spmv_1!R$6/R29 -> 9.5654384 | T29: =S29/16 -> 0.5978399
A30: ML_Geer.mtx | B30: 9 | D30: 6931306 | E30: 0.778316 | G30: 0.018324375 | H30: 0.017689943 | I30: 0.018156767 | J30: 0.017914057 | K30: 0.017942667 | L30: 0.017472267 | M30: 0.017761469 | N30: 0.017574787 | O30: 0.017702818 | P30: 0.017571211 | R30: =PERCENTILE(G30:P30,0.9) -> 0.018173528 | S30: =spmv_1!R$6/R30 -> 9.2571246 | T30: =S30/16 -> 0.57857029
A31: ML_Geer.mtx | B31: 10 | D31: 6930758 | E31: 0.774436 | G31: 0.018869162 | H31: 0.01831007 | I31: 0.01841855 | J31: 0.017719746 | K31: 0.017807961 | L31: 0.01775074 | M31: 0.017526627 | N31: 0.017482281 | O31: 0.017547369 | P31: 0.017555952 | R31: =PERCENTILE(G31:P31,0.9) -> 0.018463611 | S31: =spmv_1!R$6/R31 -> 9.1116851 | T31: =S31/16 -> 0.56948032
A32: ML_Geer.mtx | B32: 11 | D32: 6930730 | E32: 0.819032 | G32: 0.017158508 | H32: 0.016513586 | I32: 0.01784277 | J32: 0.017043591 | K32: 0.016719341 | L32: 0.016804457 | M32: 0.01659584 | N32: 0.016535282 | O32: 0.016892672 | P32: 0.017135859 | R32: =PERCENTILE(G32:P32,0.9) -> 0.017226934 | S32: =spmv_1!R$6/R32 -> 9.7657894 | T32: =S32/16 -> 0.61036183
... A36: ML_Geer.mtx | B36: 15 | D36: 6929668 | E36: 0.847068 | G36: 0.017115831 | H36: 0.016447067 | I36: 0.016691923 | J36: 0.016208887 | K36: 0.016457796 | L36: 0.016236305 | M36: 0.016199827 | N36: 0.016085386 | O36: 0.016178131 | P36: 0.01599431 | R36: =PERCENTILE(G36:P36,0.9) -> 0.016734314 | S36: =spmv_1!R$6/R36 -> 10.053272 | T36: =S36/16 -> 0.62832951
A39: Matrix | B39: Rank | D39: Local NNZ | E39: GFLOPS | G39: Iter_0 | H39: Iter_1 | I39: Iter_2 | J39: Iter_3 | K39: Iter_4 | L39: Iter_5 | M39: Iter_6 | N39: Iter_7 | O39: Iter_8 | P39: Iter_9 | R39: 90 percentile | S39: Speedup | T39: Efficiency
A40: msdoor.mtx | B40: 0 | D40: 1267995 | E40: 0.521124 | G40: 0.005250216 | H40: 0.00488472 | I40: 0.004750967 | J40: 0.004835367 | K40: 0.00488019 | L40: 0.004862547 | M40: 0.00483799 | N40: 0.004754305 | O40: 0.004785776 | P40: 0.004821777 | R40: =PERCENTILE(G40:P40,0.9) -> 0.0049212696 | S40: =spmv_1!R$10/R40 -> 7.1184323 | T40: =S40/16 -> 0.44490202
A41: msdoor.mtx | B41: 1 | D41: 1268949 | E41: 0.480398 | G41: 0.005649567 | H41: 0.005270958 | I41: 0.005256176 | J41: 0.005268574 | K41: 0.005316019 | L41: 0.005225182 | M41: 0.005259514 | N41: 0.005258322 | O41: 0.005182266 | P41: 0.00514245 | R41: =PERCENTILE(G41:P41,0.9) -> 0.0053493738 | S41: =spmv_1!R$10/R41 -> 6.5487524 | T41: =S41/16 -> 0.40929702
A42: msdoor.mtx | B42: 2 | D42: 1266254 | E42: 0.469079 | G42: 0.005773783 | H42: 0.005365133 | I42: 0.00538826 | J42: 0.005402327 | K42: 0.005347729 | L42: 0.005341291 | M42: 0.005362034 | N42: 0.005423784 | O42: 0.005271435 | P42: 0.005313158 | R42: =PERCENTILE(G42:P42,0.9) -> 0.0054587839 | S42: =spmv_1!R$10/R42 -> 6.4174961 | T42: =S42/16 -> 0.40109351
A43: msdoor.mtx | B43: 3 | D43: 1268739 | E43: 0.48934 | G43: 0.005571842 | H43: 0.005153656 | I43: 0.005187273 | J43: 0.005172729 | K43: 0.005144119 | L43: 0.005158186 | M43: 0.005116224 | N43: 0.005172729 | O43: 0.005066395 | P43: 0.005111933 | R43: =PERCENTILE(G43:P43,0.9) -> 0.0052257299 | S43: =spmv_1!R$10/R43 -> 6.7036998 | T43: =S43/16 -> 0.41898124
A44: msdoor.mtx | B44: 4 | D44: 1260291 | E44: 0.455803 | G44: 0.005975246 | H44: 0.005470514 | I44: 0.005532503 | J44: 0.005506754 | K44: 0.005487919 | L44: 0.00551486 | M44: 0.005458593 | N44: 0.005534649 | O44: 0.005393744 | P44: 0.005424976 | R44: =PERCENTILE(G44:P44,0.9) -> 0.0055787087 | S44: =spmv_1!R$10/R44 -> 6.27954 | T44: =S44/16 -> 0.39247125
A45: msdoor.mtx | B45: 5 | D45: 1261447 | E45: 0.473335 | G45: 0.005719185 | H45: 0.005408764 | I45: 0.005375862 | J45: 0.005288363 | K45: 0.005096674 | L45: 0.005385399 | M45: 0.005230188 | N45: 0.005326271 | O45: 0.005259991 | P45: 0.005209684 | R45: =PERCENTILE(G45:P45,0.9) -> 0.0054398061 | S45: =spmv_1!R$10/R45 -> 6.4398847 | T45: =S45/16 -> 0.4024928
A46: msdoor.mtx | B46: 6 | D46: 1260486 | E46: 0.465161 | G46: 0.005811214 | H46: 0.005425692 | I46: 0.005472183 | J46: 0.005418062 | K46: 0.005310297 | L46: 0.005343676 | M46: 0.005361319 | N46: 0.005429029 | O46: 0.00528121 | P46: 0.00534296 | R46: =PERCENTILE(G46:P46,0.9) -> 0.0055060861 | S46: =spmv_1!R$10/R46 -> 6.3623641 | T46: =S46/16 -> 0.39764775
A47: msdoor.mtx | B47: 7 | D47: 1262090 | E47: 0.437849 | G47: 0.006162643 | H47: 0.005767822 | I47: 0.005784988 | J47: 0.005754471 | K47: 0.005663395 | L47: 0.005694151 | M47: 0.005708456 | N47: 0.00578618 | O47: 0.005648851 | P47: 0.005678654 | R47: =PERCENTILE(G47:P47,0.9) -> 0.0058238263 | S47: =spmv_1!R$10/R47 -> 6.015242 | T47: =S47/16 -> 0.37595262
A48: msdoor.mtx | B48: 8 | D48: 1269447 | E48: 0.443366 | G48: 0.006116152 | H48: 0.005748272 | I48: 0.005771637 | J48: 0.005724669 | K48: 0.005566359 | L48: 0.005648851 | M48: 0.005681992 | N48: 0.005740881 | O48: 0.005631924 | P48: 0.005633354 | R48: =PERCENTILE(G48:P48,0.9) -> 0.0058060885 | S48: =spmv_1!R$10/R48 -> 6.0336187 | T48: =S48/16 -> 0.37710117
A49: msdoor.mtx | B49: 9 | D49: 1271596 | E49: 0.475991 | G49: 0.005788565 | H49: 0.005335569 | I49: 0.005298376 | J49: 0.005348444 | K49: 0.005200386 | L49: 0.005275726 | M49: 0.005311012 | N49: 0.005369186 | O49: 0.005226851 | P49: 0.005275249 | R49: =PERCENTILE(G49:P49,0.9) -> 0.0054111239 | S49: =spmv_1!R$10/R49 -> 6.47402 | T49: =S49/16 -> 0.40462625
A50: msdoor.mtx | B50: 10 | D50: 1269569 | E50: 0.456115 | G50: 0.005981445 | H50: 0.005537271 | I50: 0.005568266 | J50: 0.005557299 | K50: 0.005493641 | L50: 0.005498886 | M50: 0.005517244 | N50: 0.005582571 | O50: 0.005445242 | P50: 0.005486965 | R50: =PERCENTILE(G50:P50,0.9) -> 0.0056224584 | S50: =spmv_1!R$10/R50 -> 6.2306774 | T50: =S50/16 -> 0.38941734
A51: msdoor.mtx | B51: 11 | D51: 1271032 | E51: 0.492942 | G51: 0.005609035 | H51: 0.005234241 | I51: 0.005165815 | J51: 0.005062103 | K51: 0.005008698 | L51: 0.005175352 | M51: 0.005131483 | N51: 0.005132675 | O51: 0.005013943 | P51: 0.005035877 | R51: =PERCENTILE(G51:P51,0.9) -> 0.0052717204 | S51: =spmv_1!R$10/R51 -> 6.6452167 | T51: =S51/16 -> 0.41532604
... A55: msdoor.mtx | B55: 15 | D55: 1260710 | E55: 0.478309 | G55: 0.005626202 | H55: 0.005279064 | I55: 0.005149841 | J55: 0.005278349 | K55: 0.005277634 | L55: 0.005239725 | M55: 0.005263329 | N55: 0.005185127 | O55: 0.005167007 | P55: 0.005249023 | R55: =PERCENTILE(G55:P55,0.9) -> 0.0053137778 | S55: =spmv_1!R$10/R55 -> 6.5926212 | T55: =S55/16 -> 0.41203883
A58: Matrix | B58: Rank | D58: Local NNZ | E58: GFLOPS | G58: Iter_0 | H58: Iter_1 | I58: Iter_2 | J58: Iter_3 | K58: Iter_4 | L58: Iter_5 | M58: Iter_6 | N58: Iter_7 | O58: Iter_8 | P58: Iter_9 | R58: 90 percentile | S58: Speedup | T58: Efficiency
A59: nlpkkt240.mtx | B59: 0 | D59: 48399496 | E59: 0.386609 | G59: 0.24826455 | H59: 0.25199747 | I59: 0.24922466 | J59: 0.24651623 | K59: 0.24443388 | L59: 0.25634456 | M59: 0.25190258 | N59: 0.25188327 | O59: 0.25192594 | P59: 0.25129938 | R59: =PERCENTILE(G59:P59,0.9) -> 0.25243218 | S59: =spmv_1!R$14/R59 -> 4.3756076 | T59: =S59/16 -> 0.27347547
A60: nlpkkt240.mtx | B60: 1 | D60: 48405240 | E60: 0.376936 | G60: 0.25583983 | H60: 0.25853276 | I60: 0.25799823 | J60: 0.24917936 | K60: 0.24758887 | L60: 0.26668263 | M60: 0.2580111 | N60: 0.25789237 | O60: 0.25783706 | P60: 0.25879026 | R60: =PERCENTILE(G60:P60,0.9) -> 0.25957949 | S60: =spmv_1!R$14/R60 -> 4.2551288 | T60: =S60/16 -> 0.26594555
A61: nlpkkt240.mtx | B61: 2 | D61: 48405240 | E61: 0.386313 | G61: 0.24522114 | H61: 0.24904251 | I61: 0.25024176 | J61: 0.24742269 | K61: 0.24575186 | L61: 0.26147485 | M61: 0.2533977 | N61: 0.25292587 | O61: 0.25297046 | P61: 0.24756241 | R61: =PERCENTILE(G61:P61,0.9) -> 0.25420542 | S61: =spmv_1!R$14/R61 -> 4.3450851 | T61: =S61/16 -> 0.27156782
A62: nlpkkt240.mtx | B62: 3 | D62: 48405240 | E62: 0.38932 | G62: 0.2407074 | H62: 0.24422336 | I62: 0.246454 | J62: 0.24643159 | K62: 0.24697161 | L62: 0.27202535 | M62: 0.24876094 | N62: 0.24894762 | O62: 0.24896407 | P62: 0.24317193 | R62: =PERCENTILE(G62:P62,0.9) -> 0.2512702 | S62: =spmv_1!R$14/R62 -> 4.3958423 | T62: =S62/16 -> 0.27474014
A63: nlpkkt240.mtx | B63: 4 | D63: 48405240 | E63: 0.395572 | G63: 0.24066091 | H63: 0.2385292 | I63: 0.23771524 | J63: 0.24890852 | K63: 0.24911094 | L63: 0.27576613 | M63: 0.24073243 | N63: 0.23926663 | O63: 0.2392931 | P63: 0.23737121 | R63: =PERCENTILE(G63:P63,0.9) -> 0.25177646 | S63: =spmv_1!R$14/R63 -> 4.3870034 | T63: =S63/16 -> 0.27418771
A64: nlpkkt240.mtx | B64: 5 | D64: 48405240 | E64: 0.375154 | G64: 0.29456639 | H64: 0.24787307 | I64: 0.24659944 | J64: 0.25688267 | K64: 0.25703549 | L64: 0.28574943 | M64: 0.24971175 | N64: 0.24761844 | O64: 0.24755859 | P64: 0.24695706 | R64: =PERCENTILE(G64:P64,0.9) -> 0.28663113 | S64: =spmv_1!R$14/R64 -> 3.8535387 | T64: =S64/16 -> 0.24084617
A65: nlpkkt240.mtx | B65: 6 | D65: 48405240 | E65: 0.320991 | G65: 0.26161385 | H65: 0.26081037 | I65: 0.34382558 | J65: 0.3835671 | K65: 0.38472176 | L65: 0.33935356 | M65: 0.2613945 | N65: 0.25991392 | O65: 0.25981021 | P65: 0.26097274 | R65: =PERCENTILE(G65:P65,0.9) -> 0.38368256 | S65: =spmv_1!R$14/R65 -> 2.8787969 | T65: =S65/16 -> 0.17992481
A66: nlpkkt240.mtx | B66: 7 | D66: 48405240 | E66: 0.37856 | G66: 0.2520411 | H66: 0.25180268 | I66: 0.24933267 | J66: 0.25865841 | K66: 0.25796413 | L66: 0.28718281 | M66: 0.25295949 | N66: 0.24925232 | O66: 0.24938869 | P66: 0.24875545 | R66: =PERCENTILE(G66:P66,0.9) -> 0.26151085 | S66: =spmv_1!R$14/R66 -> 4.223703 | T66: =S66/16 -> 0.26398144
A67: nlpkkt240.mtx | B67: 8 | D67: 48405240 | E67: 0.371288 | G67: 0.25741553 | H67: 0.2566483 | I67: 0.25747514 | J67: 0.25800109 | K67: 0.25832891 | L67: 0.2913208 | M67: 0.25720882 | N67: 0.2556057 | O67: 0.25553179 | P67: 0.25988746 | R67: =PERCENTILE(G67:P67,0.9) -> 0.26303079 | S67: =spmv_1!R$14/R67 -> 4.199296 | T67: =S67/16 -> 0.262456
A68: nlpkkt240.mtx | B68: 9 | D68: 48405240 | E68: 0.372938 | G68: 0.25592184 | H68: 0.25614262 | I68: 0.2575047 | J68: 0.25600004 | K68: 0.25647092 | L68: 0.28720617 | M68: 0.25576115 | N68: 0.25401831 | O68: 0.25412083 | P68: 0.26273918 | R68: =PERCENTILE(G68:P68,0.9) -> 0.26518588 | S68: =spmv_1!R$14/R68 -> 4.1651696 | T68: =S68/16 -> 0.2603231
A69: nlpkkt240.mtx | B69: 10 | D69: 48405240 | E69: 0.399591 | G69: 0.23769426 | H69: 0.2387147 | I69: 0.23832941 | J69: 0.24276543 | K69: 0.24306464 | L69: 0.26599646 | M69: 0.23695707 | N69: 0.23610234 | O69: 0.23632503 | P69: 0.24678779 | R69: =PERCENTILE(G69:P69,0.9) -> 0.24870865 | S69: =spmv_1!R$14/R69 -> 4.4411167 | T69: =S69/16 -> 0.2775698
A70: nlpkkt240.mtx | B70: 11 | D70: 48405240 | E70: 0.384109 | G70: 0.2476275 | H70: 0.24997187 | I70: 0.25144458 | J70: 0.24671936 | K70: 0.24740744 | L70: 0.27328014 | M70: 0.24797225 | N70: 0.24739552 | O70: 0.24745989 | P70: 0.26110959 | R70: =PERCENTILE(G70:P70,0.9) -> 0.26232665 | S70: =spmv_1!R$14/R70 -> 4.2105679 | T70: =S70/16 -> 0.2631605
... A74: nlpkkt240.mtx | B74: 15 | D74: 48399496 | E74: 0.372436 | G74: 0.28015065 | H74: 0.2575984 | I74: 0.25018573 | J74: 0.25633049 | K74: 0.2949686 | L74: 0.25159574 | M74: 0.2586689 | N74: 0.25148559 | O74: 0.2515471 | P74: 0.24654937 | R74: =PERCENTILE(G74:P74,0.9) -> 0.28163245 | S74: =spmv_1!R$14/R74 -> 3.921935 | T74: =S74/16 -> 0.24512094
A77: Matrix | B77: Rank | D77: Local NNZ | E77: GFLOPS | G77: Iter_0 | H77: Iter_1 | I77: Iter_2 | J77: Iter_3 | K77: Iter_4 | L77: Iter_5 | M77: Iter_6 | N77: Iter_7 | O77: Iter_8 | P77: Iter_9 | R77: 90 percentile | S77: Speedup | T77: Efficiency
A78: Pflow_742.mtx | B78: 0 | D78: 2325817 | E78: 0.708994 | G78: 0.006732941 | H78: 0.006640911 | I78: 0.006607056 | J78: 0.006583691 | K78: 0.006430626 | L78: 0.006503105 | M78: 0.006553888 | N78: 0.006569862 | O78: 0.006463051 | P78: 0.006523848 | R78: =PERCENTILE(G78:P78,0.9) -> 0.006650114 | S78: =spmv_1!R$18/R78 -> 11.659759 | T78: =S78/16 -> 0.72873496
A79: Pflow_742.mtx | B79: 1 | D79: 2296578 | E79: 0.702534 | G79: 0.006816149 | H79: 0.006555557 | I79: 0.006524324 | J79: 0.006586075 | K79: 0.006358862 | L79: 0.006398678 | M79: 0.006577492 | N79: 0.006560087 | O79: 0.006412983 | P79: 0.006589651 | R79: =PERCENTILE(G79:P79,0.9) -> 0.0066123008 | S79: =spmv_1!R$18/R79 -> 11.726437 | T79: =S79/16 -> 0.73290231
A80: Pflow_742.mtx | B80: 2 | D80: 2284182 | E80: 0.6814 | G80: 0.006929874 | H80: 0.006729364 | I80: 0.006622314 | J80: 0.006841183 | K80: 0.006558418 | L80: 0.006509781 | M80: 0.006819487 | N80: 0.00677681 | O80: 0.006646872 | P80: 0.006609678 | R80: =PERCENTILE(G80:P80,0.9) -> 0.0068500521 | S80: =spmv_1!R$18/R80 -> 11.319436 | T80: =S80/16 -> 0.70746477
A81: Pflow_742.mtx | B81: 3 | D81: 2379501 | E81: 0.690574 | G81: 0.00707221 | H81: 0.006914377 | I81: 0.006759405 | J81: 0.00708437 | K81: 0.006729126 | L81: 0.006740332 | M81: 0.007012844 | N81: 0.006880522 | O81: 0.006756067 | P81: 0.006964445 | R81: =PERCENTILE(G81:P81,0.9) -> 0.007073426 | S81: =spmv_1!R$18/R81 -> 10.961976 | T81: =S81/16 -> 0.68512352
A82: Pflow_742.mtx | B82: 4 | D82: 2324721 | E82: 0.675506 | G82: 0.00714016 | H82: 0.00686264 | I82: 0.006703377 | J82: 0.007138491 | K82: 0.006768942 | L82: 0.006672144 | M82: 0.00699687 | N82: 0.006810904 | O82: 0.006763935 | P82: 0.006971598 | R82: =PERCENTILE(G82:P82,0.9) -> 0.0071386579 | S82: =spmv_1!R$18/R82 -> 10.861808 | T82: =S82/16 -> 0.67886298
A83: Pflow_742.mtx | B83: 5 | D83: 2296932 | E83: 0.655914 | G83: 0.007285595 | H83: 0.007004261 | I83: 0.006909609 | J83: 0.007286787 | K83: 0.006941795 | L83: 0.006773233 | M83: 0.007162571 | N83: 0.006944656 | O83: 0.006787777 | P83: 0.006941319 | R83: =PERCENTILE(G83:P83,0.9) -> 0.0072857142 | S83: =spmv_1!R$18/R83 -> 10.642571 | T83: =S83/16 -> 0.66516067
A84: Pflow_742.mtx | B84: 6 | D84: 2283175 | E84: 0.656792 | G84: 0.007156134 | H84: 0.006955147 | I84: 0.00676918 | J84: 0.007196665 | K84: 0.006826401 | L84: 0.00674057 | M84: 0.007214785 | N84: 0.006933689 | O84: 0.006634951 | P84: 0.007097483 | R84: =PERCENTILE(G84:P84,0.9) -> 0.007198477 | S84: =spmv_1!R$18/R84 -> 10.771546 | T84: =S84/16 -> 0.67322165
A85: Pflow_742.mtx | B85: 7 | D85: 2376213 | E85: 0.660987 | G85: 0.007306814 | H85: 0.007212639 | I85: 0.006978273 | J85: 0.007467747 | K85: 0.007030725 | L85: 0.007032394 | M85: 0.007396698 | N85: 0.007172346 | O85: 0.006911039 | P85: 0.007390261 | R85: =PERCENTILE(G85:P85,0.9) -> 0.0074038029 | S85: =spmv_1!R$18/R85 -> 10.472825 | T85: =S85/16 -> 0.65455153
A86: Pflow_742.mtx | B86: 8 | D86: 2325004 | E86: 0.644081 | G86: 0.007347584 | H86: 0.007257938 | I86: 0.00695014 | J86: 0.007590532 | K86: 0.007069349 | L86: 0.007025957 | M86: 0.007406712 | N86: 0.007145882 | O86: 0.006982327 | P86: 0.007419586 | R86: =PERCENTILE(G86:P86,0.9) -> 0.0074366806 | S86: =spmv_1!R$18/R86 -> 10.426524 | T86: =S86/16 -> 0.65165775
A87: Pflow_742.mtx | B87: 9 | D87: 2294923 | E87: 0.633895 | G87: 0.007390261 | H87: 0.007328033 | I87: 0.007066011 | J87: 0.007629395 | K87: 0.007057428 | L87: 0.006960869 | M87: 0.007363319 | N87: 0.007178307 | O87: 0.007051945 | P87: 0.007381439 | R87: =PERCENTILE(G87:P87,0.9) -> 0.0074141744 | S87: =spmv_1!R$18/R87 -> 10.458174 | T87: =S87/16 -> 0.6536359
A88: Pflow_742.mtx | B88: 10 | D88: 2284194 | E88: 0.640905 | G88: 0.00723815 | H88: 0.007170916 | I88: 0.00698781 | J88: 0.007474661 | K88: 0.00701499 | L88: 0.00681138 | M88: 0.007289648 | N88: 0.007127285 | O88: 0.00690484 | P88: 0.007260561 | R88: =PERCENTILE(G88:P88,0.9) -> 0.0073081493 | S88: =spmv_1!R$18/R88 -> 10.609899 | T88: =S88/16 -> 0.66311871
A89: Pflow_742.mtx | B89: 11 | D89: 2378110 | E89: 0.668683 | G89: 0.007359028 | H89: 0.007026911 | I89: 0.006927967 | J89: 0.007475615 | K89: 0.006976366 | L89: 0.006836414 | M89: 0.007206202 | N89: 0.007020712 | O89: 0.006948948 | P89: 0.007349968 | R89: =PERCENTILE(G89:P89,0.9) -> 0.0073706867 | S89: =spmv_1!R$18/R89 -> 10.519879 | T89: =S89/16 -> 0.65749241
... A93: Pflow_742.mtx | B93: 15 | D93: 2379648 | E93: 0.73761 | G93: 0.006642342 | H93: 0.006529093 | I93: 0.006344557 | J93: 0.006469965 | K93: 0.006352901 | L93: 0.00641346 | M93: 0.006435633 | N93: 0.006464958 | O93: 0.006409168 | P93: 0.006461143 | R93: =PERCENTILE(G93:P93,0.9) -> 0.0065404179 | S93: =spmv_1!R$18/R93 -> 11.855317 | T93: =S93/16 -> 0.74095732

Sheet spmv_2x8
A1: Matrix | B1: Rank | D1: Local NNZ | E1: GFLOPS | G1: Iter_0 | H1: Iter_1 | I1: Iter_2 | J1: Iter_3 | K1: Iter_4 | L1: Iter_5 | M1: Iter_6 | N1: Iter_7 | O1: Iter_8 | P1: Iter_9 | R1: 90 percentile | S1: Speedup | T1: Efficiency
A2: bmwcra_1.mtx | B2: 0 | D2: 666452 | E2: 0.571876 | G2: 0.004678249 | H2: 0.002353191 | I2: 0.002062798 | J2: 0.00211072 | K2: 0.001976252 | L2: 0.002060175 | M2: 0.001992226 | N2: 0.002053499 | O2: 0.001980066 | P2: 0.002040386 | R2: =PERCENTILE(G2:P2,0.9) -> 0.0025856968 | S2: =spmv_1!R$2/R2 -> 6.7383184 | T2: =S2/16 -> 0.4211449
A3: bmwcra_1.mtx | B3: 1 | D3: 667346 | E3: 0.515337 | G3: 0.006998301 | H3: 0.002379894 | I3: 0.002121687 | J3: 0.002151966 | K3: 0.002021074 | L3: 0.002095461 | M3: 0.002018213 | N3: 0.002072334 | O3: 0.001994848 | P3: 0.002045631 | R3: =PERCENTILE(G3:P3,0.9) -> 0.0028417347 | S3: =spmv_1!R$2/R3 -> 6.1312016 | T3: =S3/16 -> 0.3832001
A4: bmwcra_1.mtx | B4: 2 | D4: 665088 | E4: 0.578319 | G4: 0.003622293 | H4: 0.002352476 | I4: 0.002210617 | J4: 0.002180099 | K4: 0.002111197 | L4: 0.002115011 | M4: 0.002114058 | N4: 0.002105713 | O4: 0.002103806 | P4: 0.002085447 | R4: =PERCENTILE(G4:P4,0.9) -> 0.0024794577 | S4: =spmv_1!R$2/R4 -> 7.02704 | T4: =S4/16 -> 0.43919
A5: bmwcra_1.mtx | B5: 3 | D5: 663375 | E5: 0.60558 | G5: 0.003209114 | H5: 0.002287149 | I5: 0.002123594 | J5: 0.002118587 | K5: 0.002026558 | L5: 0.002058744 | M5: 0.002017021 | N5: 0.002021551 | O5: 0.002021551 | P5: 0.002024889 | R5: =PERCENTILE(G5:P5,0.9) -> 0.0023793455 | S5: =spmv_1!R$2/R5 -> 7.3227063 | T5: =S5/16 -> 0.45766915
A6: bmwcra_1.mtx | B6: 4 | D6: 662698 | E6: 0.605759 | G6: 0.00364852 | H6: 0.00225091 | I6: 0.0020926 | J6: 0.002036572 | K6: 0.001964331 | L6: 0.001987457 | M6: 0.00197649 | N6: 0.001979351 | O6: 0.001970053 | P6: 0.001973629 | R6: =PERCENTILE(G6:P6,0.9) -> 0.002390671 | S6: =spmv_1!R$2/R6 -> 7.288016 | T6: =S6/16 -> 0.455501
A7: bmwcra_1.mtx | B7: 5 | D7: 665594 | E7: 0.617217 | G7: 0.003391027 | H7: 0.002202511 | I7: 0.002055883 | J7: 0.002042294 | K7: 0.00197506 | L7: 0.001976252 | M7: 0.001963139 | N7: 0.001974106 | O7: 0.001999617 | P7: 0.001987696 | R7: =PERCENTILE(G7:P7,0.9) -> 0.0023213626 | S7: =spmv_1!R$2/R7 -> 7.5056126 | T7: =S7/16 -> 0.46910079
A8: bmwcra_1.mtx | B8: 6 | D8: 665712 | E8: 0.604274 | G8: 0.004482985 | H8: 0.002138615 | I8: 0.001986027 | J8: 0.00195241 | K8: 0.001884222 | L8: 0.001928806 | M8: 0.001914978 | N8: 0.001908064 | O8: 0.001915693 | P8: 0.001921654 | R8: =PERCENTILE(G8:P8,0.9) -> 0.002373052 | S8: =spmv_1!R$2/R8 -> 7.3421267 | T8: =S8/16 -> 0.45888292
A9: bmwcra_1.mtx | B9: 7 | D9: 666565 | E9: 0.671682 | G9: 0.002758265 | H9: 0.002070189 | I9: 0.001944065 | J9: 0.00191617 | K9: 0.001847506 | L9: 0.001879215 | M9: 0.001859665 | N9: 0.001844168 | O9: 0.001859665 | P9: 0.001868725 | R9: =PERCENTILE(G9:P9,0.9) -> 0.0021389966 | S9: =spmv_1!R$2/R9 -> 8.1455241 | T9: =S9/16 -> 0.50909526
A10: bmwcra_1.mtx | B10: 8 | D10: 663192 | E10: 0.528782 | G10: 0.003523111 | H10: 0.002571344 | I10: 0.002551079 | J10: 0.002466917 | K10: 0.002370596 | L10: 0.002309561 | M10: 0.002413988 | N10: 0.002338886 | O10: 0.002256393 | P10: 0.002281904 | R10: =PERCENTILE(G10:P10,0.9) -> 0.0026665207 | S10: =spmv_1!R$2/R10 -> 6.5340758 | T10: =S10/16 -> 0.40837974
A11: bmwcra_1.mtx | B11: 9 | D11: 664738 | E11: 0.538433 | G11: 0.003499985 | H11: 0.002536058 | I11: 0.00252986 | J11: 0.002428293 | K11: 0.002323866 | L11: 0.002266169 | M11: 0.002357006 | N11: 0.00229454 | O11: 0.002214193 | P11: 0.002241611 | R11: =PERCENTILE(G11:P11,0.9) -> 0.0026324507 | S11: =spmv_1!R$2/R11 -> 6.6186419 | T11: =S11/16 -> 0.41366512
A12: bmwcra_1.mtx | B12: 10 | D12: 664591 | E12: 0.624866 | G12: 0.003163338 | H12: 0.002377033 | I12: 0.002188206 | J12: 0.002065897 | K12: 0.001962662 | L12: 0.001893282 | M12: 0.001963377 | N12: 0.001872301 | O12: 0.001883745 | P12: 0.001901627 | R12: =PERCENTILE(G12:P12,0.9) -> 0.0024556635 | S12: =spmv_1!R$2/R12 -> 7.0951286 | T12: =S12/16 -> 0.44344554
A13: bmwcra_1.mtx | B13: 11 | D13: 667685 | E13: 0.559183 | G13: 0.003382683 | H13: 0.002465963 | I13: 0.002432823 | J13: 0.002359867 | K13: 0.002256393 | L13: 0.002187252 | M13: 0.002286434 | N13: 0.002203703 | O13: 0.002153635 | P13: 0.002151966 | R13: =PERCENTILE(G13:P13,0.9) -> 0.002557635 | S13: =spmv_1!R$2/R13 -> 6.8122498 | T13: =S13/16 -> 0.42576561
... A17: bmwcra_1.mtx | B17: 15 | D17: 665021 | E17: 0.747832 | G17: 0.002658129 | H17: 0.001827955 | I17: 0.001818419 | J17: 0.001682043 | K17: 0.001667023 | L17: 0.001661062 | M17: 0.001664639 | N17: 0.001608849 | O17: 0.001597881 | P17: 0.001599312 | R17: =PERCENTILE(G17:P17,0.9) -> 0.0019109724 | S17: =spmv_1!R$2/R17 -> 9.1174778 | T17: =S17/16 -> 0.56984236
A20: Matrix | B20: Rank | D20: Local NNZ | E20: GFLOPS | G20: Iter_0 | H20: Iter_1 | I20: Iter_2 | J20: Iter_3 | K20: Iter_4 | L20: Iter_5 | M20: Iter_6 | N20: Iter_7 | O20: Iter_8 | P20: Iter_9 | R20: 90 percentile | S20: Speedup | T20: Efficiency
A21: ML_Geer.mtx | B21: 0 | D21: 6930698 | E21: 0.537631 | G21: 0.026629448 | H21: 0.027374744 | I21: 0.027020693 | J21: 0.026025057 | K21: 0.02544117 | L21: 0.025626183 | M21: 0.024625301 | N21: 0.025496244 | O21: 0.025043249 | P21: 0.024541378 | R21: =PERCENTILE(G21:P21,0.9) -> 0.027056098 | S21: =spmv_1!R$6/R21 -> 6.2179923 | T21: =S21/16 -> 0.38862452
A22: ML_Geer.mtx | B22: 1 | D22: 6930722 | E22: 0.534968 | G22: 0.026901245 | H22: 0.027281523 | I22: 0.027101278 | J22: 0.026138783 | K22: 0.025616407 | L22: 0.025712252 | M22: 0.02482748 | N22: 0.025489807 | O22: 0.025339127 | P22: 0.024700165 | R22: =PERCENTILE(G22:P22,0.9) -> 0.027119303 | S22: =spmv_1!R$6/R22 -> 6.2035006 | T22: =S22/16 -> 0.38771879
A23: ML_Geer.mtx | B23: 2 | D23: 6929254 | E23: 0.532494 | G23: 0.026913643 | H23: 0.027362585 | I23: 0.027256012 | J23: 0.026221514 | K23: 0.025821447 | L23: 0.025673866 | M23: 0.024930239 | N23: 0.025813341 | O23: 0.025361538 | P23: 0.024902582 | R23: =PERCENTILE(G23:P23,0.9) -> 0.027266669 | S23: =spmv_1!R$6/R23 -> 6.1699729 | T23: =S23/16 -> 0.38562331
A24: ML_Geer.mtx | B24: 3 | D24: 6929236 | E24: 0.55171 | G24: 0.025847197 | H24: 0.026570082 | I24: 0.026399136 | J24: 0.025259018 | K24: 0.025104523 | L24: 0.024794102 | M24: 0.024228096 | N24: 0.024763823 | O24: 0.024196625 | P24: 0.02402854 | R24: =PERCENTILE(G24:P24,0.9) -> 0.026416231 | S24: =spmv_1!R$6/R24 -> 6.3686077 | T24: =S24/16 -> 0.39803798
A25: ML_Geer.mtx | B25: 4 | D25: 6928044 | E25: 0.568932 | G25: 0.025214911 | H25: 0.025974274 | I25: 0.025475979 | J25: 0.024556875 | K25: 0.024325132 | L25: 0.024059057 | M25: 0.023238182 | N25: 0.02402854 | O25: 0.0234375 | P25: 0.023235321 | R25: =PERCENTILE(G25:P25,0.9) -> 0.025525809 | S25: =spmv_1!R$6/R25 -> 6.5907652 | T25: =S25/16 -> 0.41192283
A26: ML_Geer.mtx | B26: 5 | D26: 6928026 | E26: 0.587641 | G26: 0.024461031 | H26: 0.024668694 | I26: 0.024715185 | J26: 0.023771524 | K26: 0.023467779 | L26: 0.023290396 | M26: 0.022686958 | N26: 0.023333788 | O26: 0.022830009 | P26: 0.022565842 | R26: =PERCENTILE(G26:P26,0.9) -> 0.024673343 | S26: =spmv_1!R$6/R26 -> 6.8184765 | T26: =S26/16 -> 0.42615478
A27: ML_Geer.mtx | B27: 6 | D27: 6929656 | E27: 0.582636 | G27: 0.025199175 | H27: 0.024124384 | I27: 0.023989201 | J27: 0.02304697 | K27: 0.023685217 | L27: 0.023454189 | M27: 0.023644447 | N27: 0.023436308 | O27: 0.023717403 | P27: 0.023575068 | R27: =PERCENTILE(G27:P27,0.9) -> 0.024231863 | S27: =spmv_1!R$6/R27 -> 6.9427023 | T27: =S27/16 -> 0.43391889
A28: ML_Geer.mtx | B28: 7 | D28: 6929668 | E28: 0.581194 | G28: 0.025618792 | H28: 0.022770405 | I28: 0.022955894 | J28: 0.022808313 | K28: 0.023834705 | L28: 0.024093151 | M28: 0.023860931 | N28: 0.023923159 | O28: 0.024603605 | P28: 0.023994207 | R28: =PERCENTILE(G28:P28,0.9) -> 0.024705124 | S28: =spmv_1!R$6/R28 -> 6.8097053 | T28: =S28/16 -> 0.42560658
A29: ML_Geer.mtx | B29: 8 | D29: 6931296 | E29: 0.42763 | G29: 0.042211533 | H29: 0.028882265 | I29: 0.030088186 | J29: 0.030667543 | K29: 0.032145023 | L29: 0.032002687 | M29: 0.031907797 | N29: 0.031786203 | O29: 0.032864809 | P29: 0.031616449 | R29: =PERCENTILE(G29:P29,0.9) -> 0.033799481 | S29: =spmv_1!R$6/R29 -> 4.9774317 | T29: =S29/16 -> 0.31108948
A30: ML_Geer.mtx | B30: 9 | D30: 6931306 | E30: 0.426584 | G30: 0.042117596 | H30: 0.029307842 | I30: 0.029947996 | J30: 0.030648708 | K30: 0.031876326 | L30: 0.031990051 | M30: 0.032262564 | N30: 0.031658411 | O30: 0.033245802 | P30: 0.031912327 | R30: =PERCENTILE(G30:P30,0.9) -> 0.034132981 | S30: =spmv_1!R$6/R30 -> 4.9287992 | T30: =S30/16 -> 0.30804995
A31: ML_Geer.mtx | B31: 10 | D31: 6930758 | E31: 0.378912 | G31: 0.042617798 | H31: 0.036623001 | I31: 0.036302328 | J31: 0.035794735 | K31: 0.035712004 | L31: 0.03583312 | M31: 0.035692692 | N31: 0.035370588 | O31: 0.035995245 | P31: 0.035882473 | R31: =PERCENTILE(G31:P31,0.9) -> 0.037222481 | S31: =spmv_1!R$6/R31 -> 4.5197044 | T31: =S31/16 -> 0.28248153
A32: ML_Geer.mtx | B32: 11 | D32: 6930730 | E32: 0.433604 | G32: 0.041167259 | H32: 0.031187534 | I32: 0.031903744 | J32: 0.031285048 | K32: 0.030954599 | L32: 0.031168699 | M32: 0.030559063 | N32: 0.030790329 | O32: 0.030218363 | P32: 0.030445576 | R32: =PERCENTILE(G32:P32,0.9) -> 0.032830096 | S32: =spmv_1!R$6/R32 -> 5.1244021 | T32: =S32/16 -> 0.32027513
... A36: ML_Geer.mtx | B36: 15 | D36: 6929668 | E36: 0.418839 | G36: 0.042138338 | H36: 0.032252312 | I36: 0.032766104 | J36: 0.031924248 | K36: 0.03219676 | L36: 0.032335997 | M36: 0.031894684 | N36: 0.03218627 | O36: 0.032075882 | P36: 0.031128645 | R36: =PERCENTILE(G36:P36,0.9) -> 0.033703327 | S36: =spmv_1!R$6/R36 -> 4.9916321 | T36: =S36/16 -> 0.31197701
A39: Matrix | B39: Rank | D39: Local NNZ | E39: GFLOPS | G39: Iter_0 | H39: Iter_1 | I39: Iter_2 | J39: Iter_3 | K39: Iter_4 | L39: Iter_5 | M39: Iter_6 | N39: Iter_7 | O39: Iter_8 | P39: Iter_9 | R39: 90 percentile | S39: Speedup | T39: Efficiency
A40: msdoor.mtx | B40: 0 | D40: 1267995 | E40: 0.328518 | G40: 0.007842541 | H40: 0.007570982 | I40: 0.007877827 | J40: 0.007811546 | K40: 0.007519007 | L40: 0.007532597 | M40: 0.007547855 | N40: 0.007601261 | O40: 0.007989883 | P40: 0.00790143 | R40: =PERCENTILE(G40:P40,0.9) -> 0.0079102753 | S40: =spmv_1!R$10/R40 -> 4.4286353 | T40: =S40/16 -> 0.27678971
A41: msdoor.mtx | B41: 1 | D41: 1268949 | E41: 0.324325 | G41: 0.007976532 | H41: 0.007671118 | I41: 0.007972002 | J41: 0.007926464 | K41: 0.007614851 | L41: 0.007643461 | M41: 0.007653475 | N41: 0.007702589 | O41: 0.008086205 | P41: 0.008004904 | R41: =PERCENTILE(G41:P41,0.9) -> 0.0080130341 | S41: =spmv_1!R$10/R41 -> 4.3718427 | T41: =S41/16 -> 0.27324017
A42: msdoor.mtx | B42: 2 | D42: 1266254 | E42: 0.351829 | G42: 0.007445574 | H42: 0.007060051 | I42: 0.007079601 | J42: 0.007294416 | K42: 0.007008791 | L42: 0.006994009 | M42: 0.007045269 | N42: 0.007154942 | O42: 0.007479429 | P42: 0.007419109 | R42: =PERCENTILE(G42:P42,0.9) -> 0.0074489595 | S42: =spmv_1!R$10/R42 -> 4.7029017 | T42: =S42/16 -> 0.29393136
A43: msdoor.mtx | B43: 3 | D43: 1268739 | E43: 0.353074 | G43: 0.007438421 | H43: 0.007071495 | I43: 0.007072926 | J43: 0.007284403 | K43: 0.006974936 | L43: 0.00697732 | M43: 0.007045507 | N43: 0.007124901 | O43: 0.007468224 | P43: 0.007410049 | R43: =PERCENTILE(G43:P43,0.9) -> 0.0074414013 | S43: =spmv_1!R$10/R43 -> 4.7076784 | T43: =S43/16 -> 0.2942299
A44: msdoor.mtx | B44: 4 | D44: 1260291 | E44: 0.342207 | G44: 0.007757664 | H44: 0.007215261 | I44: 0.007271051 | J44: 0.007442236 | K44: 0.007144451 | L44: 0.007163048 | M44: 0.007203817 | N44: 0.007271051 | O44: 0.007620811 | P44: 0.007567167 | R44: =PERCENTILE(G44:P44,0.9) -> 0.0076344963 | S44: =spmv_1!R$10/R44 -> 4.5886098 | T44: =S44/16 -> 0.28678811
A45: msdoor.mtx | B45: 5 | D45: 1261447 | E45: 0.324358 | G45: 0.008393526 | H45: 0.007646799 | I45: 0.007538319 | J45: 0.007713318 | K45: 0.007674456 | L45: 0.007754326 | M45: 0.007746696 | N45: 0.007690907 | O45: 0.007577658 | P45: 0.008045197 | R45: =PERCENTILE(G45:P45,0.9) -> 0.0080800299 | S45: =spmv_1!R$10/R45 -> 4.3355934 | T45: =S45/16 -> 0.27097459
A46: msdoor.mtx | B46: 6 | D46: 1260486 | E46: 0.317711 | G46: 0.008497477 | H46: 0.007793665 | I46: 0.0078125 | J46: 0.007814646 | K46: 0.007760286 | L46: 0.007783413 | M46: 0.007971764 | N46: 0.007946968 | O46: 0.007793903 | P46: 0.008173227 | R46: =PERCENTILE(G46:P46,0.9) -> 0.008205652 | S46: =spmv_1!R$10/R46 -> 4.2692189 | T46: =S46/16 -> 0.26682618
A47: msdoor.mtx | B47: 7 | D47: 1262090 | E47: 0.290457 | G47: 0.009217262 | H47: 0.008417606 | I47: 0.008558989 | J47: 0.008524179 | K47: 0.008583784 | L47: 0.008620977 | M47: 0.008667707 | N47: 0.008655787 | O47: 0.008617163 | P47: 0.009040356 | R47: =PERCENTILE(G47:P47,0.9) -> 0.0090580466 | S47: =spmv_1!R$10/R47 -> 3.8674701 | T47: =S47/16 -> 0.24171688
A48: msdoor.mtx | B48: 8 | D48: 1269447 | E48: 0.256479 | G48: 0.010501623 | H48: 0.009883165 | I48: 0.009721756 | J48: 0.009915829 | K48: 0.009854078 | L48: 0.009629011 | M48: 0.009865522 | N48: 0.009943008 | O48: 0.009487629 | P48: 0.01018858 | R48: =PERCENTILE(G48:P48,0.9) -> 0.010219884 | S48: =spmv_1!R$10/R48 -> 3.4278005 | T48: =S48/16 -> 0.21423753
A49: msdoor.mtx | B49: 9 | D49: 1271596 | E49: 0.305861 | G49: 0.014813185 | H49: 0.007547379 | I49: 0.007560492 | J49: 0.007576942 | K49: 0.007579088 | L49: 0.007461548 | M49: 0.00758791 | N49: 0.007590532 | O49: 0.00749445 | P49: 0.007937193 | R49: =PERCENTILE(G49:P49,0.9) -> 0.0086247922 | S49: =spmv_1!R$10/R49 -> 4.0617471 | T49: =S49/16 -> 0.25385919
A50: msdoor.mtx | B50: 10 | D50: 1269569 | E50: 0.266017 | G50: 0.010242462 | H50: 0.009700298 | I50: 0.009432554 | J50: 0.009599209 | K50: 0.009480953 | L50: 0.009261608 | M50: 0.009420633 | N50: 0.009538651 | O50: 0.009068966 | P50: 0.009704828 | R50: =PERCENTILE(G50:P50,0.9) -> 0.0097585914 | S50: =spmv_1!R$10/R50 -> 3.5898341 | T50: =S50/16 -> 0.22436463
A51: msdoor.mtx | B51: 11 | D51: 1271032 | E51: 0.272136 | G51: 0.010113955 | H51: 0.009493113 | I51: 0.009223461 | J51: 0.009446383 | K51: 0.009252548 | L51: 0.009079933 | M51: 0.00922513 | N51: 0.009318829 | O51: 0.008754015 | P51: 0.009504318 | R51: =PERCENTILE(G51:P51,0.9) -> 0.0095652817 | S51: =spmv_1!R$10/R51 -> 3.6623829 | T51: =S51/16 -> 0.22889893
... A55: msdoor.mtx | B55: 15 | D55: 1260710 | E55: 0.263298 | G55: 0.009116888 | H55: 0.009076118 | I55: 0.008821964 | J55: 0.009171247 | K55: 0.008750677 | L55: 0.008530855 | M55: 0.008711338 | N55: 0.008955717 | O55: 0.015650034 | P55: 0.008978128 | R55: =PERCENTILE(G55:P55,0.9) -> 0.0098191257 | S55: =spmv_1!R$10/R55 -> 3.567703 | T55: =S55/16 -> 0.22298144
A58: Matrix | B58: Rank | D58: Local NNZ | E58: GFLOPS | G58: Iter_0 | H58: Iter_1 | I58: Iter_2 | J58: Iter_3 | K58: Iter_4 | L58: Iter_5 | M58: Iter_6 | N58: Iter_7 | O58: Iter_8 | P58: Iter_9 | R58: 90 percentile | S58: Speedup | T58: Efficiency
A59: nlpkkt240.mtx | B59: 0 | D59: 48399496 | E59: 0.201148 | G59: 0.47559261 | H59: 0.42121172 | I59: 0.45675397 | J59: 0.43324184 | K59: 0.36982989 | L59: 0.54525662 | M59: 0.55182624 | N59: 0.52018881 | O59: 0.51269579 | P59: 0.52572155 | R59: =PERCENTILE(G59:P59,0.9) -> 0.54591358 | S59: =spmv_1!R$14/R59 -> 2.0232949 | T59: =S59/16 -> 0.12645593
A60: nlpkkt240.mtx | B60: 1 | D60: 48405240 | E60: 0.209053 | G60: 0.45494485 | H60: 0.40683889 | I60: 0.44200444 | J60: 0.4208622 | K60: 0.35738945 | L60: 0.52056861 | M60: 0.5266571 | N60: 0.49993992 | O60: 0.4947269 | P60: 0.50697446 | R60: =PERCENTILE(G60:P60,0.9) -> 0.52117746 | S60: =spmv_1!R$14/R60 -> 2.1193245 | T60: =S60/16 -> 0.13245778
A61: nlpkkt240.mtx | B61: 2 | D61: 48405240 | E61: 0.220259 | G61: 0.43469739 | H61: 0.38780308 | I61: 0.42213249 | J61: 0.40360332 | K61: 0.34044909 | L61: 0.48868465 | M61: 0.4922018 | N61: 0.47501516 | O61: 0.47042417 | P61: 0.48029923 | R61: =PERCENTILE(G61:P61,0.9) -> 0.48903637 | S61: =spmv_1!R$14/R61 -> 2.2586135 | T61: =S61/16 -> 0.14116335
A62: nlpkkt240.mtx | B62: 3 | D62: 48405240 | E62: 0.240017 | G62: 0.40028286 | H62: 0.35677767 | I62: 0.39160943 | J62: 0.37503838 | K62: 0.32844281 | L62: 0.4471879 | M62: 0.44880438 | N62: 0.43065071 | O62: 0.4268105 | P62: 0.4278717 | R62: =PERCENTILE(G62:P62,0.9) -> 0.44734955 | S62: =spmv_1!R$14/R62 -> 2.4690852 | T62: =S62/16 -> 0.15431783
A63: nlpkkt240.mtx | B63: 4 | D63: 48405240 | E63: 0.250051 | G63: 0.38216758 | H63: 0.34981871 | I63: 0.37132788 | J63: 0.36195803 | K63: 0.34882188 | L63: 0.42290831 | M63: 0.42293382 | N63: 0.40452194 | O63: 0.40196037 | P63: 0.40521407 | R63: =PERCENTILE(G63:P63,0.9) -> 0.42291086 | S63: =spmv_1!R$14/R63 -> 2.6117659 | T63: =S63/16 -> 0.16323537
A64: nlpkkt240.mtx | B64: 5 | D64: 48405240 | E64: 0.242542 | G64: 0.40300441 | H64: 0.3788085 | I64: 0.36577177 | J64: 0.36631656 | K64: 0.37871194 | L64: 0.41087317 | M64: 0.43256903 | N64: 0.41675401 | O64: 0.40806913 | P64: 0.43061829 | R64: =PERCENTILE(G64:P64,0.9) -> 0.43081336 | S64: =spmv_1!R$14/R64 -> 2.5638577 | T64: =S64/16 -> 0.16024111
A65: nlpkkt240.mtx | B65: 6 | D65: 48405240 | E65: 0.224835 | G65: 0.43138552 | H65: 0.40382433 | I65: 0.38925266 | J65: 0.39002633 | K65: 0.39864731 | L65: 0.44952989 | M65: 0.47112131 | N65: 0.45605302 | O65: 0.4471581 | P65: 0.46883917 | R65: =PERCENTILE(G65:P65,0.9) -> 0.46906738 | S65: =spmv_1!R$14/R65 -> 2.3547665 | T65: =S65/16 -> 0.14717291
A66: nlpkkt240.mtx | B66: 7 | D66: 48405240 | E66: 0.177141 | G66: 0.54197168 | H66: 0.50910735 | I66: 0.50047326 | J66: 0.49893022 | K66: 0.50796199 | L66: 0.57714105 | M66: 0.5989964 | N66: 0.57587552 | O66: 0.56621599 | P66: 0.58850002 | R66: =PERCENTILE(G66:P66,0.9) -> 0.58954966 | S66: =spmv_1!R$14/R66 -> 1.8735388 | T66: =S66/16 -> 0.11709617
A67: nlpkkt240.mtx | B67: 8 | D67: 48405240 | E67: 0.192455 | G67: 0.69085932 | H67: 0.51969004 | I67: 0.42280436 | J67: 0.41937613 | K67: 0.42353606 | L67: 0.49014115 | M67: 0.50440645 | N67: 0.54307723 | O67: 0.48620892 | P67: 0.53019881 | R67: =PERCENTILE(G67:P67,0.9) -> 0.55785544 | S67: =spmv_1!R$14/R67 -> 1.9799828 | T67: =S67/16 -> 0.12374892
A68: nlpkkt240.mtx | B68: 9 | D68: 48405240 | E68: 0.166029 | G68: 0.6494813 | H68: 0.64311242 | I68: 0.49527311 | J68: 0.44333243 | K68: 0.45267081 | L68: 0.53925538 | M68: 0.66812563 | N68: 0.68576598 | O68: 0.57555747 | P68: 0.67837882 | R68: =PERCENTILE(G68:P68,0.9) -> 0.67911754 | S68: =spmv_1!R$14/R68 -> 1.6264403 | T68: =S68/16 -> 0.10165252
A69: nlpkkt240.mtx | B69: 10 | D69: 48405240 | E69: 0.170532 | G69: 0.63875246 | H69: 0.62666321 | I69: 0.49571633 | J69: 0.4330368 | K69: 0.43241095 | L69: 0.52101517 | M69: 0.65993238 | N69: 0.6591568 | O69: 0.5512104 | P69: 0.65907097 | R69: =PERCENTILE(G69:P69,0.9) -> 0.65923436 | S69: =spmv_1!R$14/R69 -> 1.6754954 | T69: =S69/16 -> 0.10471847
A70: nlpkkt240.mtx | B70: 11 | D70: 48405240 | E70: 0.220315 | G70: 0.43117404 | H70: 0.39019728 | I70: 0.42282438 | J70: 0.40608549 | K70: 0.38913202 | L70: 0.47512245 | M70: 0.47487235 | N70: 0.45718169 | O70: 0.46403122 | P70: 0.48356891 | R70: =PERCENTILE(G70:P70,0.9) -> 0.4759671 | S70: =spmv_1!R$14/R70 -> 2.3206313 | T70: =S70/16 -> 0.14503946
... A74: nlpkkt240.mtx | B74: 15 | D74: 48399496 | E74: 0.158488 | G74: 0.65402126 | H74: 0.64394045 | I74: 0.53623343 | J74: 0.46941161 | K74: 0.38826633 | L74: 0.64438724 | M74: 0.73397589 | N74: 0.70469999 | O74: 0.63394785 | P74: 0.69876599 | R74: =PERCENTILE(G74:P74,0.9) -> 0.70762758 | S74: =spmv_1!R$14/R74 -> 1.5609117 | T74: =S74/16 -> 0.09755698
A77: Matrix | B77: Rank | D77: Local NNZ | E77: GFLOPS | G77: Iter_0 | H77: Iter_1 | I77: Iter_2 | J77: Iter_3 | K77: Iter_4 | L77: Iter_5 | M77: Iter_6 | N77: Iter_7 | O77: Iter_8 | P77: Iter_9 | R77: 90 percentile | S77: Speedup | T77: Efficiency
A78: Pflow_742.mtx | B78: 0 | D78: 2325817 | E78: 0.397246 | G78: 0.012349606 | H78: 0.011164427 | I78: 0.01101017 | J78: 0.011337042 | K78: 0.011107206 | L78: 0.011296511 | M78: 0.012068748 | N78: 0.011585474 | O78: 0.012624979 | P78: 0.012552977 | R78: =PERCENTILE(G78:P78,0.9) -> 0.012560177 | S78: =spmv_1!R$18/R78 -> 6.1733786 | T78: =S78/16 -> 0.38583616
A79: Pflow_742.mtx | B79: 1 | D79: 2296578 | E79: 0.39399 | G79: 0.012281418 | H79: 0.011156797 | I79: 0.010922194 | J79: 0.011371136 | K79: 0.011051178 | L79: 0.011198521 | M79: 0.012066603 | N79: 0.011538982 | O79: 0.012544632 | P79: 0.012449026 | R79: =PERCENTILE(G79:P79,0.9) -> 0.012458587 | S79: =spmv_1!R$18/R79 -> 6.2237179 | T79: =S79/16 -> 0.38898237
A80: Pflow_742.mtx | B80: 2 | D80: 2284182 | E80: 0.403951 | G80: 0.011956453 | H80: 0.010823488 | I80: 0.01062274 | J80: 0.010965109 | K80: 0.010749102 | L80: 0.010917902 | M80: 0.0115695 | N80: 0.011241674 | O80: 0.012098789 | P80: 0.012147188 | R80: =PERCENTILE(G80:P80,0.9) -> 0.012103629 | S80: =spmv_1!R$18/R80 -> 6.4062381 | T80: =S80/16 -> 0.40038988
A81: Pflow_742.mtx | B81: 3 | D81: 2379501 | E81: 0.415902 | G81: 0.012026072 | H81: 0.011009693 | I81: 0.010757923 | J81: 0.011153936 | K81: 0.010845661 | L81: 0.011045694 | M81: 0.011654615 | N81: 0.011384726 | O81: 0.01233983 | P81: 0.012207985 | R81: =PERCENTILE(G81:P81,0.9) -> 0.01222117 | S81: =spmv_1!R$18/R81 -> 6.3446243 | T81: =S81/16 -> 0.39653902
A82: Pflow_742.mtx | B82: 4 | D82: 2324721 | E82: 0.45557 | G82: 0.010840178 | H82: 0.00955677 | I82: 0.009560108 | J82: 0.009995699 | K82: 0.009540796 | L82: 0.009822607 | M82: 0.01058507 | N82: 0.010030031 | O82: 0.0109725 | P82: 0.011153936 | R82: =PERCENTILE(G82:P82,0.9) -> 0.010990644 | S82: =spmv_1!R$18/R82 -> 7.0549762 | T82: =S82/16 -> 0.44093601
A83: Pflow_742.mtx | B83: 5 | D83: 2296932 | E83: 0.453188 | G83: 0.010781765 | H83: 0.009492874 | I83: 0.009494066 | J83: 0.009886265 | K83: 0.009538174 | L83: 0.009789944 | M83: 0.010481596 | N83: 0.009940147 | O83: 0.010899544 | P83: 0.011063337 | R83: =PERCENTILE(G83:P83,0.9) -> 0.010915923 | S83: =spmv_1!R$18/R83 -> 7.103268 | T83: =S83/16 -> 0.44395425
A84: Pflow_742.mtx | B84: 6 | D84: 2283175 | E84: 0.408884 | G84: 0.011853456 | H84: 0.010848999 | I84: 0.010610104 | J84: 0.011011362 | K84: 0.010794163 | L84: 0.010980368 | M84: 0.011111021 | N84: 0.011321783 | O84: 0.011638641 | P84: 0.011508465 | R84: =PERCENTILE(G84:P84,0.9) -> 0.011660122 | S84: =spmv_1!R$18/R84 -> 6.6499069 | T84: =S84/16 -> 0.41561918
A85: Pflow_742.mtx | B85: 7 | D85: 2376213 | E85: 0.395458 | G85: 0.012675762 | H85: 0.011531115 | I85: 0.011662006 | J85: 0.01174736 | K85: 0.011590242 | L85: 0.011711836 | M85: 0.012097836 | N85: 0.012057304 | O85: 0.012591362 | P85: 0.012510538 | R85: =PERCENTILE(G85:P85,0.9) -> 0.012599802 | S85: =spmv_1!R$18/R85 -> 6.1539641 | T85: =S85/16 -> 0.38462275
A86: Pflow_742.mtx | B86: 8 | D86: 2325004 | E86: 0.383986 | G86: 0.012637138 | H86: 0.01142168 | I86: 0.01188612 | J86: 0.011863947 | K86: 0.011834621 | L86: 0.011784554 | M86: 0.012150288 | N86: 0.012104273 | O86: 0.012710571 | P86: 0.012705326 | R86: =PERCENTILE(G86:P86,0.9) -> 0.01270585 | S86: =spmv_1!R$18/R86 -> 6.1026004 | T86: =S86/16 -> 0.38141253
A87: Pflow_742.mtx | B87: 9 | D87: 2294923 | E87: 0.376437 | G87: 0.01271677 | H87: 0.011511564 | I87: 0.011808634 | J87: 0.011795044 | K87: 0.011826277 | L87: 0.011804581 | M87: 0.012590885 | N87: 0.012494564 | O87: 0.012669802 | P87: 0.012710571 | R87: =PERCENTILE(G87:P87,0.9) -> 0.012711191 | S87: =spmv_1!R$18/R87 -> 6.1000365 | T87: =S87/16 -> 0.38125228
A88: Pflow_742.mtx | B88: 10 | D88: 2284194 | E88: 0.341771 | G88: 0.01431942 | H88: 0.012800455 | I88: 0.013479471 | J88: 0.013122559 | K88: 0.012704611 | L88: 0.012881517 | M88: 0.013424397 | N88: 0.013543606 | O88: 0.013685465 | P88: 0.013706684 | R88: =PERCENTILE(G88:P88,0.9) -> 0.013767958 | S88: =spmv_1!R$18/R88 -> 5.6318251 | T88: =S88/16 -> 0.35198907
A89: Pflow_742.mtx | B89: 11 | D89: 2378110 | E89: 0.359496 | G89: 0.01431632 | H89: 0.012824535 | I89: 0.013039112 | J89: 0.012931347 | K89: 0.012666225 | L89: 0.012807608 | M89: 0.013342857 | N89: 0.013381243 | O89: 0.013426542 | P89: 0.013566732 | R89: =PERCENTILE(G89:P89,0.9) -> 0.013641691 | S89: =spmv_1!R$18/R89 -> 5.683953 | T89: =S89/16 -> 0.35524706
... A93: Pflow_742.mtx | B93: 15 | D93: 2379648 | E93: 0.42079 | G93: 0.011868715 | H93: 0.010627031 | I93: 0.010601282 | J93: 0.010989428 | K93: 0.010864496 | L93: 0.010816813 | M93: 0.011622667 | N93: 0.011206388 | O93: 0.012236834 | P93: 0.012270212 | R93: =PERCENTILE(G93:P93,0.9) -> 0.012240172 | S93: =spmv_1!R$18/R93 -> 6.3347745 | T93: =S93/16 -> 0.39592341

Sheet spmv_2x16
A1: Matrix | B1: Rank | D1: Local NNZ | E1: GFLOPS | G1: Iter_0 | H1: Iter_1 | I1: Iter_2 | J1: Iter_3 | K1: Iter_4 | L1: Iter_5 | M1: Iter_6 | N1: Iter_7 | O1: Iter_8 | P1: Iter_9 | R1: 90 percentile | S1: Speedup | T1: Efficiency
A2: bmwcra_1.mtx | B2: 0 | D2: 334767 | E2: 0.3082 | G2: 0.003142118 | H2: 0.002468586 | I2: 0.00225687 | J2: 0.002562523 | K2: 0.002287388 | L2: 0.001948595 | M2: 0.001868486 | N2: 0.001846552 | O2: 0.00170064 | P2: 0.001642227 | R2: =PERCENTILE(G2:P2,0.9) -> 0.0026204825 | S2: =spmv_1!R$2/R2 -> 6.6488704 | T2: =S2/32 -> 0.2077772
A3: bmwcra_1.mtx | B3: 1 | D3: 335777 | E3: 0.309885 | G3: 0.003232956 | H3: 0.002453804 | I3: 0.002284288 | J3: 0.002555132 | K3: 0.002288342 | L3: 0.001928329 | M3: 0.001856565 | N3: 0.001803875 | O3: 0.001657248 | P3: 0.001610518 | R3: =PERCENTILE(G3:P3,0.9) -> 0.0026229144 | S3: =spmv_1!R$2/R3 -> 6.6427057 | T3: =S3/32 -> 0.20758455
A4: bmwcra_1.mtx | B4: 2 | D4: 334221 | E4: 0.305119 | G4: 0.003208876 | H4: 0.002468109 | I4: 0.002327681 | J4: 0.002563715 | K4: 0.00229454 | L4: 0.001962662 | M4: 0.001888037 | N4: 0.001859903 | O4: 0.001700401 | P4: 0.001633644 | R4: =PERCENTILE(G4:P4,0.9) -> 0.0026282311 | S4: =spmv_1!R$2/R4 -> 6.629268 | T4: =S4/32 -> 0.20716463
A5: bmwcra_1.mtx | B5: 3 | D5: 332836 | E5: 0.309185 | G5: 0.003132343 | H5: 0.002407551 | I5: 0.002344847 | J5: 0.002476931 | K5: 0.002249718 | L5: 0.001920223 | M5: 0.001866579 | N5: 0.001827002 | O5: 0.001681805 | P5: 0.001622915 | R5: =PERCENTILE(G5:P5,0.9) -> 0.0025424722 | S5: =spmv_1!R$2/R5 -> 6.8528767 | T5: =S5/32 -> 0.2141524
A6: bmwcra_1.mtx | B6: 4 | D6: 331435 | E6: 0.311743 | G6: 0.003157854 | H6: 0.00236392 | I6: 0.002364635 | J6: 0.002455235 | K6: 0.002170324 | L6: 0.001869917 | M6: 0.001818895 | N6: 0.001765966 | O6: 0.001638889 | P6: 0.001657724 | R6: =PERCENTILE(G6:P6,0.9) -> 0.0025254969 | S6: =spmv_1!R$2/R6 -> 6.8989387 | T6: =S6/32 -> 0.21559184
A7: bmwcra_1.mtx | B7: 5 | D7: 331788 | E7: 0.312692 | G7: 0.003153801 | H7: 0.002295971 | I7: 0.00239563 | J7: 0.002475977 | K7: 0.002182961 | L7: 0.001874447 | M7: 0.00178051 | N7: 0.001720428 | O7: 0.001674891 | P7: 0.001666784 | R7: =PERCENTILE(G7:P7,0.9) -> 0.0025437594 | S7: =spmv_1!R$2/R7 -> 6.8494089 | T7: =S7/32 -> 0.21404403
A8: bmwcra_1.mtx | B8: 6 | D8: 331215 | E8: 0.317455 | G8: 0.003110886 | H8: 0.002251863 | I8: 0.002389669 | J8: 0.002447367 | K8: 0.002167225 | L8: 0.001829147 | M8: 0.001746655 | N8: 0.001678944 | O8: 0.001637459 | P8: 0.001607656 | R8: =PERCENTILE(G8:P8,0.9) -> 0.0025137189 | S8: =spmv_1!R$2/R8 -> 6.9312636 | T8: =S8/32 -> 0.21660199
A9: bmwcra_1.mtx | B9: 7 | D9: 331506 | E9: 0.32393 | G9: 0.003127813 | H9: 0.002154827 | I9: 0.002283573 | J9: 0.002417088 | K9: 0.00209713 | L9: 0.00179863 | M9: 0.001713753 | N9: 0.001655817 | O9: 0.001613379 | P9: 0.001605749 | R9: =PERCENTILE(G9:P9,0.9) -> 0.0024881605 | S9: =spmv_1!R$2/R9 -> 7.0024616 | T9: =S9/32 -> 0.21882693
A10: bmwcra_1.mtx | B10: 8 | D10: 330876 | E10: 0.326705 | G10: 0.003057241 | H10: 0.002120256 | I10: 0.002291918 | J10: 0.002417088 | K10: 0.002101183 | L10: 0.001801729 | M10: 0.00169301 | N10: 0.001636028 | O10: 0.001580238 | P10: 0.001556635 | R10: =PERCENTILE(G10:P10,0.9) -> 0.0024811033 | S10: =spmv_1!R$2/R10 -> 7.0223793 | T10: =S10/32 -> 0.21944935
A11: bmwcra_1.mtx | B11: 9 | D11: 332319 | E11: 0.344717 | G11: 0.002894163 | H11: 0.002004623 | I11: 0.00224781 | J11: 0.00222826 | K11: 0.001960278 | L11: 0.001750946 | M11: 0.001614571 | N11: 0.001588583 | O11: 0.001483917 | P11: 0.001507521 | R11: =PERCENTILE(G11:P11,0.9) -> 0.0023124453 | S11: =spmv_1!R$2/R11 -> 7.5345559 | T11: =S11/32 -> 0.23545487
A12: bmwcra_1.mtx | B12: 10 | D12: 333354 | E12: 0.337112 | G12: 0.002963543 | H12: 0.002032757 | I12: 0.002365351 | J12: 0.002259016 | K12: 0.002002716 | L12: 0.001818419 | M12: 0.001657248 | N12: 0.001609802 | O12: 0.001564026 | P12: 0.001504183 | R12: =PERCENTILE(G12:P12,0.9) -> 0.0024251702 | S12: =spmv_1!R$2/R12 -> 7.1843405 | T12: =S12/32 -> 0.22451064
A13: bmwcra_1.mtx | B13: 11 | D13: 335328 | E13: 0.343724 | G13: 0.002942801 | H13: 0.002038479 | I13: 0.002389908 | J13: 0.002181292 | K13: 0.00195384 | L13: 0.001770973 | M13: 0.001647711 | N13: 0.001559496 | O13: 0.001538754 | P13: 0.001488209 | R13: =PERCENTILE(G13:P13,0.9) -> 0.0024451973 | S13: =spmv_1!R$2/R13 -> 7.125498 | T13: =S13/32 -> 0.22267181
... A33: bmwcra_1.mtx | B33: 31 | D33: 333077 | E33: 0.328681 | G33: 0.003069162 | H33: 0.002462149 | I33: 0.002114058 | J33: 0.002503157 | K33: 0.002234221 | L33: 0.00165844 | M33: 0.001713276 | N33: 0.001500368 | O33: 0.001505613 | P33: 0.001507044 | R33: =PERCENTILE(G33:P33,0.9) -> 0.0025597575 | S33: =spmv_1!R$2/R33 -> 6.8066012 | T33: =S33/32 -> 0.21270629
A36: Matrix | B36: Rank | D36: Local NNZ | E36: GFLOPS | G36: Iter_0 | H36: Iter_1 | I36: Iter_2 | J36: Iter_3 | K36: Iter_4 | L36: Iter_5 | M36: Iter_6 | N36: Iter_7 | O36: Iter_8 | P36: Iter_9 | R36: 90 percentile | S36: Speedup | T36: Efficiency
A37: ML_Geer.mtx | B37: 0 | D37: 3465310 | E37: 0.275724 | G37: 0.025449991 | H37: 0.024714947 | I37: 0.024677992 | J37: 0.025755644 | K37: 0.025396585 | L37: 0.025112391 | M37: 0.024916172 | N37: 0.025058031 | O37: 0.025285959 | P37: 0.024993181 | R37: =PERCENTILE(G37:P37,0.9) -> 0.025480556 | S37: =spmv_1!R$6/R37 -> 6.6024701 | T37: =S37/32 -> 0.20632719
A38: ML_Geer.mtx | B38: 1 | D38: 3465328 | E38: 0.274757 | G38: 0.025564671 | H38: 0.024665594 | I38: 0.024906158 | J38: 0.025967836 | K38: 0.025454283 | L38: 0.025279045 | M38: 0.024907351 | N38: 0.025200129 | O38: 0.025217772 | P38: 0.025084019 | R38: =PERCENTILE(G38:P38,0.9) -> 0.025604987 | S38: =spmv_1!R$6/R38 -> 6.5703844 | T38: =S38/32 -> 0.20532451
A39: ML_Geer.mtx | B39: 2 | D39: 3464502 | E39: 0.291994 | G39: 0.024166346 | H39: 0.023402452 | I39: 0.02349925 | J39: 0.024950504 | K39: 0.023993492 | L39: 0.023687124 | M39: 0.023321629 | N39: 0.023346901 | O39: 0.023481131 | P39: 0.023450613 | R39: =PERCENTILE(G39:P39,0.9) -> 0.024244762 | S39: =spmv_1!R$6/R39 -> 6.9390086 | T39: =S39/32 -> 0.21684402
A40: ML_Geer.mtx | B40: 3 | D40: 3464516 | E40: 0.278067 | G40: 0.025303364 | H40: 0.024379253 | I40: 0.024574995 | J40: 0.02565527 | K40: 0.025155067 | L40: 0.024960041 | M40: 0.024606943 | N40: 0.024806261 | O40: 0.024904013 | P40: 0.024840117 | R40: =PERCENTILE(G40:P40,0.9) -> 0.025338555 | S40: =spmv_1!R$6/R40 -> 6.6394715 | T40: =S40/32 -> 0.20748348
A41: ML_Geer.mtx | B41: 4 | D41: 3463708 | E41: 0.282123 | G41: 0.02487874 | H41: 0.024183989 | I41: 0.023803473 | J41: 0.025298119 | K41: 0.024808407 | L41: 0.024643421 | M41: 0.02428937 | N41: 0.024475813 | O41: 0.024632692 | P41: 0.02453208 | R41: =PERCENTILE(G41:P41,0.9) -> 0.024920678 | S41: =spmv_1!R$6/R41 -> 6.7508039 | T41: =S41/32 -> 0.21096262
A42: ML_Geer.mtx | B42: 5 | D42: 3463690 | E42: 0.289157 | G42: 0.02439785 | H42: 0.023705482 | I42: 0.023097515 | J42: 0.024694204 | K42: 0.024186373 | L42: 0.024190664 | M42: 0.023639679 | N42: 0.023783922 | O42: 0.024064302 | P42: 0.02381134 | R42: =PERCENTILE(G42:P42,0.9) -> 0.024427485 | S42: =spmv_1!R$6/R42 -> 6.8871031 | T42: =S42/32 -> 0.21522197
A43: ML_Geer.mtx | B43: 6 | D43: 3464254 | E43: 0.317922 | G43: 0.022207975 | H43: 0.021520376 | I43: 0.021128416 | J43: 0.02298665 | K43: 0.022011518 | L43: 0.021905184 | M43: 0.021451473 | N43: 0.021406412 | O43: 0.021695852 | P43: 0.021616936 | R43: =PERCENTILE(G43:P43,0.9) -> 0.022285842 | S43: =spmv_1!R$6/R43 -> 7.5489455 | T43: =S43/32 -> 0.23590455
A44: ML_Geer.mtx | B44: 7 | D44: 3464266 | E44: 0.303037 | G44: 0.023140669 | H44: 0.022600651 | I44: 0.022077084 | J44: 0.023708105 | K44: 0.023398399 | L44: 0.022859097 | M44: 0.022610903 | N44: 0.022639513 | O44: 0.022885323 | P44: 0.022716761 | R44: =PERCENTILE(G44:P44,0.9) -> 0.02342937 | S44: =spmv_1!R$6/R44 -> 7.1805009 | T44: =S44/32 -> 0.22439065
A45: ML_Geer.mtx | B45: 8 | D45: 3465672 | E45: 0.334094 | G45: 0.02082634 | H45: 0.020307064 | I45: 0.020744562 | J45: 0.021627426 | K45: 0.020782948 | L45: 0.02058959 | M45: 0.0202384 | N45: 0.020846128 | O45: 0.02089119 | P45: 0.020612955 | R45: =PERCENTILE(G45:P45,0.9) -> 0.020964814 | S45: =spmv_1!R$6/R45 -> 8.0246175 | T45: =S45/32 -> 0.2507693
A46: ML_Geer.mtx | B46: 9 | D46: 3465682 | E46: 0.325589 | G46: 0.0213902 | H46: 0.020137548 | I46: 0.021661758 | J46: 0.0216465 | K46: 0.020842314 | L46: 0.021402359 | M46: 0.021044731 | N46: 0.021622658 | O46: 0.021667719 | P46: 0.021471262 | R46: =PERCENTILE(G46:P46,0.9) -> 0.021662354 | S46: =spmv_1!R$6/R46 -> 7.7662201 | T46: =S46/32 -> 0.24269438
A47: ML_Geer.mtx | B47: 10 | D47: 3465536 | E47: 0.319453 | G47: 0.021897793 | H47: 0.020413876 | I47: 0.022202253 | J47: 0.021332502 | K47: 0.021251202 | L47: 0.021950483 | M47: 0.021529436 | N47: 0.022118568 | O47: 0.022225142 | P47: 0.022045374 | R47: =PERCENTILE(G47:P47,0.9) -> 0.022204542 | S47: =spmv_1!R$6/R47 -> 7.5765855 | T47: =S47/32 -> 0.2367683
A48: ML_Geer.mtx | B48: 11 | D48: 3465508 | E48: 0.289355 | G48: 0.023923159 | H48: 0.022293568 | I48: 0.024637222 | J48: 0.023131132 | K48: 0.02331543 | L48: 0.024288654 | M48: 0.023952484 | N48: 0.024776936 | O48: 0.024798632 | P48: 0.024416447 | R48: =PERCENTILE(G48:P48,0.9) -> 0.024779106 | S48: =spmv_1!R$6/R48 -> 6.7893738 | T48: =S48/32 -> 0.21216793
... A68: ML_Geer.mtx | B68: 31 | D68: 3464170 | E68: 0.245881 | G68: 0.025979757 | H68: 0.028027534 | I68: 0.028077126 | J68: 0.029185534 | K68: 0.029381514 | L68: 0.028688431 | M68: 0.028104782 | N68: 0.02828455 | O68: 0.027893066 | P68: 0.028154135 | R68: =PERCENTILE(G68:P68,0.9) -> 0.029205132 | S68: =spmv_1!R$6/R68 -> 5.7604468 | T68: =S68/32 -> 0.18001396
A71: Matrix | B71: Rank | D71: Local NNZ | E71: GFLOPS | G71: Iter_0 | H71: Iter_1 | I71: Iter_2 | J71: Iter_3 | K71: Iter_4 | L71: Iter_5 | M71: Iter_6 | N71: Iter_7 | O71: Iter_8 | P71: Iter_9 | R71: 90 percentile | S71: Speedup | T71: Efficiency
A72: msdoor.mtx | B72: 0 | D72: 633662 | E72: 0.220009 | G72: 0.008855343 | H72: 0.005824327 | I72: 0.005285501 | J72: 0.00551486 | K72: 0.005412579 | L72: 0.005459785 | M72: 0.00526619 | N72: 0.005033016 | O72: 0.005560398 | P72: 0.005391359 | R72: =PERCENTILE(G72:P72,0.9) -> 0.0061274286 | S72: =spmv_1!R$10/R72 -> 5.7171983 | T72: =S72/32 -> 0.17866245
A73: msdoor.mtx | B73: 1 | D73: 633672 | E73: 0.220819 | G73: 0.008861065 | H73: 0.005828619 | I73: 0.005256653 | J73: 0.005457401 | K73: 0.005354643 | L73: 0.005422831 | M73: 0.005236387 | N73: 0.004993439 | O73: 0.005603552 | P73: 0.005378246 | R73: =PERCENTILE(G73:P73,0.9) -> 0.0061318636 | S73: =spmv_1!R$10/R73 -> 5.7130632 | T73: =S73/32 -> 0.17853323
A74: msdoor.mtx | B74: 2 | D74: 632774 | E74: 0.228849 | G74: 0.008602619 | H74: 0.005541563 | I74: 0.005072117 | J74: 0.005251884 | K74: 0.005137205 | L74: 0.005294085 | M74: 0.004957199 | N74: 0.004755259 | O74: 0.005567789 | P74: 0.005120754 | R74: =PERCENTILE(G74:P74,0.9) -> 0.005871272 | S74: =spmv_1!R$10/R74 -> 5.9666328 | T74: =S74/32 -> 0.18645728
A75: msdoor.mtx | B75: 3 | D75: 633655 | E75: 0.24088 | G75: 0.00826335 | H75: 0.005200148 | I75: 0.004876614 | J75: 0.004992962 | K75: 0.005031824 | L75: 0.004986763 | M75: 0.004705906 | N75: 0.004421949 | O75: 0.005223274 | P75: 0.0049088 | R75: =PERCENTILE(G75:P75,0.9) -> 0.0055272816 | S75: =spmv_1!R$10/R75 -> 6.3379663 | T75: =S75/32 -> 0.19806145
A76: msdoor.mtx | B76: 4 | D76: 629153 | E76: 0.230488 | G76: 0.008281231 | H76: 0.005484104 | I76: 0.005018234 | J76: 0.005206585 | K76: 0.005093336 | L76: 0.005283594 | M76: 0.004939556 | N76: 0.004715443 | O76: 0.005477905 | P76: 0.005093098 | R76: =PERCENTILE(G76:P76,0.9) -> 0.0057638167 | S76: =spmv_1!R$10/R76 -> 6.0778693 | T76: =S76/32 -> 0.18993341
A77: msdoor.mtx | B77: 5 | D77: 629935 | E77: 0.231526 | G77: 0.008283854 | H77: 0.005470753 | I77: 0.004982948 | J77: 0.005188942 | K77: 0.005069017 | L77: 0.005258799 | M77: 0.004903555 | N77: 0.004716873 | O77: 0.005448818 | P77: 0.005092382 | R77: =PERCENTILE(G77:P77,0.9) -> 0.0057520631 | S77: =spmv_1!R$10/R77 -> 6.0902886 | T77: =S77/32 -> 0.19032152
A78: msdoor.mtx | B78: 6 | D78: 629646 | E78: 0.249798 | G78: 0.007662058 | H78: 0.00514698 | I78: 0.004625082 | J78: 0.00474143 | K78: 0.004675627 | L78: 0.004704952 | M78: 0.004611731 | N78: 0.0042243 | O78: 0.005099773 | P78: 0.004920483 | R78: =PERCENTILE(G78:P78,0.9) -> 0.0053984878 | S78: =spmv_1!R$10/R78 -> 6.4891736 | T78: =S78/32 -> 0.20278667
A79: msdoor.mtx | B79: 7 | D79: 630566 | E79: 0.249186 | G79: 0.007975578 | H79: 0.005164146 | I79: 0.00464344 | J79: 0.004761219 | K79: 0.004695892 | L79: 0.004669666 | M79: 0.004597664 | N79: 0.004151344 | O79: 0.005098581 | P79: 0.004852533 | R79: =PERCENTILE(G79:P79,0.9) -> 0.0054452892 | S79: =spmv_1!R$10/R79 -> 6.4334001 | T79: =S79/32 -> 0.20104375
A80: msdoor.mtx | B80: 8 | D80: 633998 | E80: 0.252322 | G80: 0.008080959 | H80: 0.005097151 | I80: 0.004566193 | J80: 0.004705906 | K80: 0.004684687 | L80: 0.004622698 | M80: 0.004537344 | N80: 0.004156113 | O80: 0.005010366 | P80: 0.004791737 | R80: =PERCENTILE(G80:P80,0.9) -> 0.0053955318 | S80: =spmv_1!R$10/R80 -> 6.4927287 | T80: =S80/32 -> 0.20289777
A81: msdoor.mtx | B81: 9 | D81: 634978 | E81: 0.250115 | G81: 0.008229971 | H81: 0.004961252 | I81: 0.004649401 | J81: 0.004820585 | K81: 0.004812956 | L81: 0.00474906 | M81: 0.004523039 | N81: 0.004346609 | O81: 0.00499773 | P81: 0.00468421 | R81: =PERCENTILE(G81:P81,0.9) -> 0.0053209541 | S81: =spmv_1!R$10/R81 -> 6.5837298 | T81: =S81/32 -> 0.20574156
A82: msdoor.mtx | B82: 10 | D82: 633758 | E82: 0.249197 | G82: 0.008540154 | H82: 0.00508213 | I82: 0.004467964 | J82: 0.004618645 | K82: 0.00460124 | L82: 0.004573345 | M82: 0.004589319 | N82: 0.004600525 | O82: 0.005016804 | P82: 0.004773855 | R82: =PERCENTILE(G82:P82,0.9) -> 0.0054279324 | S82: =spmv_1!R$10/R82 -> 6.4539721 | T82: =S82/32 -> 0.20168663
A83: msdoor.mtx | B83: 11 | D83: 634593 | E83: 0.250441 | G83: 0.008609533 | H83: 0.005104065 | I83: 0.004504204 | J83: 0.00457859 | K83: 0.004596472 | L83: 0.004480839 | M83: 0.004466295 | N83: 0.004613876 | O83: 0.004976273 | P83: 0.004747868 | R83: =PERCENTILE(G83:P83,0.9) -> 0.0054546118 | S83: =spmv_1!R$10/R83 -> 6.4224047 | T83: =S83/32 -> 0.20070015
... A103: msdoor.mtx | B103: 31 | D103: 629779 | E103: 0.126456 | G103: 0.013514519 | H103: 0.009354115 | I103: 0.008913755 | J103: 0.009814501 | K103: 0.009658098 | L103: 0.009326696 | M103: 0.009371281 | N103: 0.009638786 | O103: 0.010008097 | P103: 0.01000452 | R103: =PERCENTILE(G103:P103,0.9) -> 0.010358739 | S103: =spmv_1!R$10/R103 -> 3.3818521 | T103: =S103/32 -> 0.10568288
A106: Matrix | B106: Rank | D106: Local NNZ | E106: GFLOPS | G106: Iter_0 | H106: Iter_1 | I106: Iter_2 | J106: Iter_3 | K106: Iter_4 | L106: Iter_5 | M106: Iter_6 | N106: Iter_7 | O106: Iter_8 | P106: Iter_9 | R106: 90 percentile | S106: Speedup | T106: Efficiency
A107: nlpkkt240.mtx | B107: 0 | D107: 24198312 | E107: 0.104633 | G107: 0.58387208 | H107: 0.54369187 | I107: 0.51448631 | J107: 0.50955153 | K107: 0.47565508 | L107: 0.4054122 | M107: 0.3983233 | N107: 0.39696407 | O107: 0.40193272 | P107: 0.39547801 | R107: =PERCENTILE(G107:P107,0.9) -> 0.54770989 | S107: =spmv_1!R$14/R107 -> 2.0166591 | T107: =S107/32 -> 0.063020598
A108: nlpkkt240.mtx | B108: 1 | D108: 24201902 | E108: 0.102754 | G108: 0.58129406 | H108: 0.58226156 | I108: 0.52686882 | J108: 0.52099299 | K108: 0.46179009 | L108: 0.44379663 | M108: 0.39077234 | N108: 0.4256506 | O108: 0.39130545 | P108: 0.38593841 | R108: =PERCENTILE(G108:P108,0.9) -> 0.58139081 | S108: =spmv_1!R$14/R108 -> 1.8998308 | T108: =S108/32 -> 0.059369712
A109: nlpkkt240.mtx | B109: 2 | D109: 24202620 | E109: 0.090699 | G109: 0.66184187 | H109: 0.85732341 | I109: 0.54204178 | J109: 0.62002563 | K109: 0.48005319 | L109: 0.56800246 | M109: 0.40377522 | N109: 0.38234925 | O109: 0.4363873 | P109: 0.38512588 | R109: =PERCENTILE(G109:P109,0.9) -> 0.68139002 | S109: =spmv_1!R$14/R109 -> 1.621016 | T109: =S109/32 -> 0.050656752
A110: nlpkkt240.mtx | B110: 3 | D110: 24202620 | E110: 0.106544 | G110: 0.58544064 | H110: 0.526963 | I110: 0.50021005 | J110: 0.50164247 | K110: 0.46179295 | L110: 0.40370703 | M110: 0.3967166 | N110: 0.38947916 | O110: 0.38899708 | P110: 0.38827753 | R110: =PERCENTILE(G110:P110,0.9) -> 0.53281076 | S110: =spmv_1!R$14/R110 -> 2.0730515 | T110: =S110/32 -> 0.06478286
A111: nlpkkt240.mtx | B111: 4 | D111: 24202620 | E111: 0.108092 | G111: 0.58056688 | H111: 0.52004623 | I111: 0.49096894 | J111: 0.49394178 | K111: 0.45374036 | L111: 0.39919376 | M111: 0.39034247 | N111: 0.38450217 | O111: 0.38305211 | P111: 0.3818121 | R111: =PERCENTILE(G111:P111,0.9) -> 0.5260983 | S111: =spmv_1!R$14/R111 -> 2.0995015 | T111: =S111/32 -> 0.065609422
A112: nlpkkt240.mtx | B112: 5 | D112: 24202620 | E112: 0.11446 | G112: 0.5541513 | H112: 0.49817753 | I112: 0.464818 | J112: 0.46751714 | K112: 0.42794251 | L112: 0.37405467 | M112: 0.36577058 | N112: 0.35933638 | O112: 0.359447 | P112: 0.35779929 | R112: =PERCENTILE(G112:P112,0.9) -> 0.5037749 | S112: =spmv_1!R$14/R112 -> 2.1925351 | T112: =S112/32 -> 0.068516722
A113: nlpkkt240.mtx | B113: 6 | D113: 24202620 | E113: 0.111141 | G113: 0.56719017 | H113: 0.50722599 | I113: 0.47641182 | J113: 0.47807789 | K113: 0.44232964 | L113: 0.38868284 | M113: 0.37849498 | N113: 0.37308931 | O113: 0.37356043 | P113: 0.37025309 | R113: =PERCENTILE(G113:P113,0.9) -> 0.51322241 | S113: =spmv_1!R$14/R113 -> 2.1521745 | T113: =S113/32 -> 0.067255452
A114: nlpkkt240.mtx | B114: 7 | D114: 24202620 | E114: 0.115911 | G114: 0.53680253 | H114: 0.48933768 | I114: 0.45719004 | J114: 0.45858645 | K114: 0.42516994 | L114: 0.37287569 | M114: 0.36192369 | N114: 0.35878921 | O114: 0.35885286 | P114: 0.3565526 | R114: =PERCENTILE(G114:P114,0.9) -> 0.49408417 | S114: =spmv_1!R$14/R114 -> 2.2355385 | T114: =S114/32 -> 0.069860577
A115: nlpkkt240.mtx | B115: 8 | D115: 24202620 | E115: 0.114437 | G115: 0.55487823 | H115: 0.49161243 | I115: 0.4593575 | J115: 0.45693135 | K115: 0.43264961 | L115: 0.37822533 | M115: 0.36733365 | N115: 0.36465597 | O115: 0.36299849 | P115: 0.36121678 | R115: =PERCENTILE(G115:P115,0.9) -> 0.49793901 | S115: =spmv_1!R$14/R115 -> 2.2182318 | T115: =S115/32 -> 0.069319744
A116: nlpkkt240.mtx | B116: 9 | D116: 24202620 | E116: 0.08732 | G116: 0.68061018 | H116: 0.75057602 | I116: 0.5959487 | J116: 0.55221176 | K116: 0.59534693 | L116: 0.46597314 | M116: 0.65922356 | N116: 0.46817398 | O116: 0.3926549 | P116: 0.38268971 | R116: =PERCENTILE(G116:P116,0.9) -> 0.68760676 | S116: =spmv_1!R$14/R116 -> 1.6063602 | T116: =S116/32 -> 0.050198757
A117: nlpkkt240.mtx | B117: 10 | D117: 24202620 | E117: 0.11743 | G117: 0.52138996 | H117: 0.47504115 | I117: 0.43549395 | J117: 0.458112 | K117: 0.42964339 | L117: 0.37198591 | M117: 0.35916948 | N117: 0.35960221 | O117: 0.35431743 | P117: 0.35731077 | R117: =PERCENTILE(G117:P117,0.9) -> 0.47967603 | S117: =spmv_1!R$14/R117 -> 2.3026878 | T117: =S117/32 -> 0.071958995
A118: nlpkkt240.mtx | B118: 11 | D118: 24202620 | E118: 0.122442 | G118: 0.48980713 | H118: 0.4440341 | I118: 0.42494273 | J118: 0.44614887 | K118: 0.41367769 | L118: 0.35797691 | M118: 0.34446645 | N118: 0.34605908 | O118: 0.34095454 | P118: 0.34523678 | R118: =PERCENTILE(G118:P118,0.9) -> 0.4505147 | S118: =spmv_1!R$14/R118 -> 2.4517384 | T118: =S118/32 -> 0.076616824
... A138: nlpkkt240.mtx | B138: 31 | D138: 24198312 | E138: 0.072891 | G138: 0.77636981 | H138: 0.80409074 | I138: 0.79392076 | J138: 0.7334969 | K138: 0.6976335 | L138: 0.57564926 | M138: 0.560534 | N138: 0.56074095 | O138: 0.57381511 | P138: 0.56337786 | R138: =PERCENTILE(G138:P138,0.9) -> 0.79493775 | S138: =spmv_1!R$14/R138 -> 1.3894725 | T138: =S138/32 -> 0.043421016
A141: Matrix | B141: Rank | D141: Local NNZ | E141: GFLOPS | G141: Iter_0 | H141: Iter_1 | I141: Iter_2 | J141: Iter_3 | K141: Iter_4 | L141: Iter_5 | M141: Iter_6 | N141: Iter_7 | O141: Iter_8 | P141: Iter_9 | R141: 90 percentile | S141: Speedup | T141: Efficiency
A142: Pflow_742.mtx | B142: 0 | D142: 1163752 | E142: 0.188643 | G142: 0.011930466 | H142: 0.011992931 | I142: 0.012035847 | J142: 0.012871981 | K142: 0.012678385 | L142: 0.013005495 | M142: 0.012798309 | N142: 0.011689186 | O142: 0.011993408 | P142: 0.012385368 | R142: =PERCENTILE(G142:P142,0.9) -> 0.012885332 | S142: =spmv_1!R$18/R142 -> 6.0175963 | T142: =S142/32 -> 0.18804988
A143: Pflow_742.mtx | B143: 1 | D143: 1150316 | E143: 0.186909 | G143: 0.011948347 | H143: 0.011957645 | I143: 0.012024641 | J143: 0.012786627 | K143: 0.012518883 | L143: 0.012993336 | M143: 0.012839794 | N143: 0.011658669 | O143: 0.011983871 | P143: 0.012376547 | R143: =PERCENTILE(G143:P143,0.9) -> 0.012855148 | S143: =spmv_1!R$18/R143 -> 6.0317258 | T143: =S143/32 -> 0.18849143
A144: Pflow_742.mtx | B144: 2 | D144: 1142874 | E144: 0.190085 | G144: 0.011624336 | H144: 0.011689663 | I144: 0.011745214 | J144: 0.012629032 | K144: 0.0123353 | L144: 0.012750387 | M144: 0.012538195 | N144: 0.011350393 | O144: 0.011721849 | P144: 0.011864424 | R144: =PERCENTILE(G144:P144,0.9) -> 0.012641167 | S144: =spmv_1!R$18/R144 -> 6.1338265 | T144: =S144/32 -> 0.19168208
A145: Pflow_742.mtx | B145: 3 | D145: 1191523 | E145: 0.196119 | G145: 0.011815071 | H145: 0.011880398 | I145: 0.011910915 | J145: 0.012640476 | K145: 0.012387037 | L145: 0.012898207 | M145: 0.012692928 | N145: 0.011474371 | O145: 0.011821747 | P145: 0.011989117 | R145: =PERCENTILE(G145:P145,0.9) -> 0.012713456 | S145: =spmv_1!R$18/R145 -> 6.0989498 | T145: =S145/32 -> 0.19059218
A146: Pflow_742.mtx | B146: 4 | D146: 1162939 | E146: 0.194511 | G146: 0.011618853 | H146: 0.011732578 | I146: 0.011762381 | J146: 0.012475014 | K146: 0.012122869 | L146: 0.012751579 | M146: 0.012536287 | N146: 0.011249542 | O146: 0.011645555 | P146: 0.01168108 | R146: =PERCENTILE(G146:P146,0.9) -> 0.012557816 | S146: =spmv_1!R$18/R146 -> 6.1745392 | T146: =S146/32 -> 0.19295435
A147: Pflow_742.mtx | B147: 5 | D147: 1149526 | E147: 0.193447 | G147: 0.011593819 | H147: 0.011626005 | I147: 0.011680126 | J147: 0.012387991 | K147: 0.012074232 | L147: 0.012681246 | M147: 0.012471676 | N147: 0.011133194 | O147: 0.011615276 | P147: 0.01158309 | R147: =PERCENTILE(G147:P147,0.9) -> 0.012492633 | S147: =spmv_1!R$18/R147 -> 6.2067563 | T147: =S147/32 -> 0.19396113
A148: Pflow_742.mtx | B148: 6 | D148: 1141798 | E148: 0.195972 | G148: 0.011333942 | H148: 0.011378527 | I148: 0.011527538 | J148: 0.012158394 | K148: 0.011817694 | L148: 0.01247263 | M148: 0.012308359 | N148: 0.010899544 | O148: 0.011349678 | P148: 0.011280537 | R148: =PERCENTILE(G148:P148,0.9) -> 0.012324786 | S148: =spmv_1!R$18/R148 -> 6.2912839 | T148: =S148/32 -> 0.19660262
A149: Pflow_742.mtx | B149: 7 | D149: 1188979 | E149: 0.203676 | G149: 0.011369705 | H149: 0.0114007 | I149: 0.011490107 | J149: 0.012194157 | K149: 0.011986732 | L149: 0.012413263 | M149: 0.012272596 | N149: 0.010881901 | O149: 0.011445999 | P149: 0.011296749 | R149: =PERCENTILE(G149:P149,0.9) -> 0.012286663 | S149: =spmv_1!R$18/R149 -> 6.3108047 | T149: =S149/32 -> 0.19721265
A150: Pflow_742.mtx | B150: 8 | D150: 1162794 | E150: 0.201465 | G150: 0.011249781 | H150: 0.011300325 | I150: 0.01139164 | J150: 0.012037516 | K150: 0.0117836 | L150: 0.012318611 | M150: 0.012103558 | N150: 0.010774612 | O150: 0.011292934 | P150: 0.011181355 | R150: =PERCENTILE(G150:P150,0.9) -> 0.012125063 | S150: =spmv_1!R$18/R150 -> 6.3949133 | T150: =S150/32 -> 0.19984104
A151: Pflow_742.mtx | B151: 9 | D151: 1147314 | E151: 0.199261 | G151: 0.011277437 | H151: 0.01128006 | I151: 0.011321068 | J151: 0.012026548 | K151: 0.011730433 | L151: 0.012284279 | M151: 0.012084246 | N151: 0.010723829 | O151: 0.011256933 | P151: 0.011171818 | R151: =PERCENTILE(G151:P151,0.9) -> 0.012104249 | S151: =spmv_1!R$18/R151 -> 6.4059098 | T151: =S151/32 -> 0.20018468
A152: Pflow_742.mtx | B152: 10 | D152: 1143166 | E152: 0.202288 | G152: 0.011017799 | H152: 0.011089087 | I152: 0.011081934 | J152: 0.011855125 | K152: 0.011579037 | L152: 0.012109756 | M152: 0.01190114 | N152: 0.010495424 | O152: 0.010979176 | P152: 0.010915041 | R152: =PERCENTILE(G152:P152,0.9) -> 0.011922002 | S152: =spmv_1!R$18/R152 -> 6.5038348 | T152: =S152/32 -> 0.20324484
A153: Pflow_742.mtx | B153: 11 | D153: 1189676 | E153: 0.21117 | G153: 0.011092663 | H153: 0.011041403 | I153: 0.011032581 | J153: 0.011737108 | K153: 0.011463642 | L153: 0.012025833 | M153: 0.011770964 | N153: 0.010550022 | O153: 0.010966063 | P153: 0.010994434 | R153: =PERCENTILE(G153:P153,0.9) -> 0.011796451 | S153: =spmv_1!R$18/R153 -> 6.5730557 | T153: =S153/32 -> 0.20540799
... A173: Pflow_742.mtx | B173: 31 | D173: 1190860 | E173: 0.152111 | G173: 0.015542269 | H173: 0.015267849 | I173: 0.015180111 | J173: 0.016022205 | K173: 0.015650749 | L173: 0.017031908 | M173: 0.016044617 | N173: 0.014907598 | O173: 0.015584469 | P173: 0.015346289 | R173: =PERCENTILE(G173:P173,0.9) -> 0.016143346 | S173: =spmv_1!R$18/R173 -> 4.8031386 | T173: =S173/32 -> 0.15009808

Sheet spmv_4x8
A1: Matrix | B1: Rank | D1: Local NNZ | E1: GFLOPS | G1: Iter_0 | H1: Iter_1 | I1: Iter_2 | J1: Iter_3 | K1: Iter_4 | L1: Iter_5 | M1: Iter_6 | N1: Iter_7 | O1: Iter_8 | P1: Iter_9 | R1: 90 percentile | S1: Speedup | T1: Efficiency
A2: bmwcra_1.mtx | B2: 0 | D2: 334767 | E2: 0.287935 | G2: 0.004070044 | H2: 0.002326965 | I2: 0.002481937 | J2: 0.002363443 | K2: 0.002142906 | L2: 0.002164364 | M2: 0.001933813 | N2: 0.001876593 | O2: 0.001971245 | P2: 0.001921654 | R2: =PERCENTILE(G2:P2,0.9) -> 0.0026407477 | S2: =spmv_1!R$2/R2 -> 6.5978467 | T2: =S2/32 -> 0.20618271
A3: bmwcra_1.mtx | B3: 1 | D3: 335777 | E3: 0.265712 | G3: 0.00445962 | H3: 0.002599001 | I3: 0.002668619 | J3: 0.002515078 | K3: 0.002314568 | L3: 0.002305031 | M3: 0.0021348 | N3: 0.002090693 | O3: 0.002137184 | P3: 0.002049208 | R3: =PERCENTILE(G3:P3,0.9) -> 0.0028477191 | S3: =spmv_1!R$2/R3 -> 6.1183171 | T3: =S3/32 -> 0.19119741
A4: bmwcra_1.mtx | B4: 2 | D4: 334221 | E4: 0.266193 | G4: 0.00445652 | H4: 0.002581358 | I4: 0.002635479 | J4: 0.002485991 | K4: 0.002299547 | L4: 0.002291441 | M4: 0.002118349 | N4: 0.002080917 | O4: 0.002130508 | P4: 0.002031088 | R4: =PERCENTILE(G4:P4,0.9) -> 0.0028175831 | S4: =spmv_1!R$2/R4 -> 6.1837567 | T4: =S4/32 -> 0.1932424
A5: bmwcra_1.mtx | B5: 3 | D5: 332836 | E5: 0.268632 | G5: 0.004418135 | H5: 0.002549887 | I5: 0.002608776 | J5: 0.002398252 | K5: 0.002281189 | L5: 0.002265692 | M5: 0.002101421 | N5: 0.002040386 | O5: 0.002103567 | P5: 0.00201273 | R5: =PERCENTILE(G5:P5,0.9) -> 0.0027897119 | S5: =spmv_1!R$2/R5 -> 6.2455368 | T5: =S5/32 -> 0.19517303
A6: bmwcra_1.mtx | B6: 4 | D6: 331435 | E6: 0.269715 | G6: 0.004382372 | H6: 0.002506495 | I6: 0.002595186 | J6: 0.00238204 | K6: 0.002248287 | L6: 0.002267838 | M6: 0.002092123 | N6: 0.002025843 | O6: 0.002080441 | P6: 0.00199604 | R6: =PERCENTILE(G6:P6,0.9) -> 0.0027739046 | S6: =spmv_1!R$2/R6 -> 6.2811275 | T6: =S6/32 -> 0.19628523
A7: bmwcra_1.mtx | B7: 5 | D7: 331788 | E7: 0.27032 | G7: 0.004355192 | H7: 0.002460003 | I7: 0.002586603 | J7: 0.002382994 | K7: 0.002232552 | L7: 0.002252102 | M7: 0.002110958 | N7: 0.002039671 | O7: 0.002104998 | P7: 0.002022743 | R7: =PERCENTILE(G7:P7,0.9) -> 0.0027634619 | S7: =spmv_1!R$2/R7 -> 6.3048629 | T7: =S7/32 -> 0.19702697
A8: bmwcra_1.mtx | B8: 6 | D8: 331215 | E8: 0.282691 | G8: 0.004206657 | H8: 0.002349854 | I8: 0.002501965 | J8: 0.002255678 | K8: 0.002066374 | L8: 0.002161741 | M8: 0.002022505 | N8: 0.001924038 | O8: 0.002020597 | P8: 0.001923561 | R8: =PERCENTILE(G8:P8,0.9) -> 0.0026724342 | S8: =spmv_1!R$2/R8 -> 6.5196174 | T8: =S8/32 -> 0.20373804
A9: bmwcra_1.mtx | B9: 7 | D9: 331506 | E9: 0.287524 | G9: 0.00412631 | H9: 0.002342701 | I9: 0.002478123 | J9: 0.002216339 | K9: 0.002050638 | L9: 0.002132654 | M9: 0.001960278 | N9: 0.001892805 | O9: 0.001954556 | P9: 0.001904964 | R9: =PERCENTILE(G9:P9,0.9) -> 0.0026429417 | S9: =spmv_1!R$2/R9 -> 6.5923696 | T9: =S9/32 -> 0.20601155
A10: bmwcra_1.mtx | B10: 8 | D10: 330876 | E10: 0.29418 | G10: 0.004340887 | H10: 0.002191305 | I10: 0.002376556 | J10: 0.002139091 | K10: 0.001977444 | L10: 0.002050877 | M10: 0.001880884 | N10: 0.001830339 | O10: 0.001847506 | P10: 0.001859903 | R10: =PERCENTILE(G10:P10,0.9) -> 0.0025729891 | S10: =spmv_1!R$2/R10 -> 6.7715982 | T10: =S10/32 -> 0.21161244
A11: bmwcra_1.mtx | B11: 9 | D11: 332319 | E11: 0.307109 | G11: 0.004267931 | H11: 0.002147675 | I11: 0.002272367 | J11: 0.002044678 | K11: 0.001879215 | L11: 0.001943827 | M11: 0.001810312 | N11: 0.001756907 | O11: 0.001771688 | P11: 0.001747131 | R11: =PERCENTILE(G11:P11,0.9) -> 0.0024719234 | S11: =spmv_1!R$2/R11 -> 7.0484581 | T11: =S11/32 -> 0.22026431
A12: bmwcra_1.mtx | B12: 10 | D12: 333354 | E12: 0.297743 | G12: 0.004323959 | H12: 0.002090693 | I12: 0.002342224 | J12: 0.002128363 | K12: 0.001973391 | L12: 0.00204134 | M12: 0.001918077 | N12: 0.001843691 | O12: 0.001893044 | P12: 0.001837254 | R12: =PERCENTILE(G12:P12,0.9) -> 0.0025403975 | S12: =spmv_1!R$2/R12 -> 6.8584733 | T12: =S12/32 -> 0.21432729
A13: bmwcra_1.mtx | B13: 11 | D13: 335328 | E13: 0.303891 | G13: 0.004302025 | H13: 0.002075195 | I13: 0.002315044 | J13: 0.002051353 | K13: 0.001947641 | L13: 0.002016544 | M13: 0.001887083 | N13: 0.001817703 | O13: 0.001853704 | P13: 0.001802683 | R13: =PERCENTILE(G13:P13,0.9) -> 0.0025137421 | S13: =spmv_1!R$2/R13 -> 6.9311997 | T13: =S13/32 -> 0.21659999
... A33: bmwcra_1.mtx | B33: 31 | D33: 333077 | E33: 0.285291 | G33: 0.004159689 | H33: 0.002542496 | I33: 0.002639532 | J33: 0.00253129 | K33: 0.002298117 | L33: 0.002118826 | M33: 0.00199604 | N33: 0.001717567 | O33: 0.001520634 | P33: 0.001825809 | R33: =PERCENTILE(G33:P33,0.9) -> 0.0027915477 | S33: =spmv_1!R$2/R33 -> 6.2414296 | T33: =S33/32 -> 0.19504467
A36: Matrix | B36: Rank | D36: Local NNZ | E36: GFLOPS | G36: Iter_0 | H36: Iter_1 | I36: Iter_2 | J36: Iter_3 | K36: Iter_4 | L36: Iter_5 | M36: Iter_6 | N36: Iter_7 | O36: Iter_8 | P36: Iter_9 | R36: 90 percentile | S36: Speedup | T36: Efficiency
A37: ML_Geer.mtx | B37: 0 | D37: 3465310 | E37: 0.290398 | G37: 0.023735285 | H37: 0.023579597 | I37: 0.023742437 | J37: 0.023926258 | K37: 0.023786545 | L37: 0.023627281 | M37: 0.024735928 | N37: 0.0242908 | O37: 0.023433685 | P37: 0.023801327 | R37: =PERCENTILE(G37:P37,0.9) -> 0.024335313 | S37: =spmv_1!R$6/R37 -> 6.9131887 | T37: =S37/32 -> 0.21603715
A38: ML_Geer.mtx | B38: 1 | D38: 3465328 | E38: 0.284862 | G38: 0.024097204 | H38: 0.024043322 | I38: 0.023933411 | J38: 0.024172544 | K38: 0.024501801 | L38: 0.024038792 | M38: 0.025283098 | N38: 0.024663448 | O38: 0.023812294 | P38: 0.024753094 | R38: =PERCENTILE(G38:P38,0.9) -> 0.024806094 | S38: =spmv_1!R$6/R38 -> 6.781987 | T38: =S38/32 -> 0.21193709
A39: ML_Geer.mtx | B39: 2 | D39: 3464502 | E39: 0.284494 | G39: 0.024158001 | H39: 0.023915768 | I39: 0.024040699 | J39: 0.024206877 | K39: 0.024364948 | L39: 0.024141788 | M39: 0.025379419 | N39: 0.024868011 | O39: 0.023906469 | P39: 0.024573565 | R39: =PERCENTILE(G39:P39,0.9) -> 0.024919152 | S39: =spmv_1!R$6/R39 -> 6.7512174 | T39: =S39/32 -> 0.21097554
A40: ML_Geer.mtx | B40: 3 | D40: 3464516 | E40: 0.316031 | G40: 0.022607327 | H40: 0.021720886 | I40: 0.022265911 | J40: 0.02199316 | K40: 0.021801233 | L40: 0.021545172 | M40: 0.021824837 | N40: 0.021878958 | O40: 0.021716595 | P40: 0.021897554 | R40: =PERCENTILE(G40:P40,0.9) -> 0.022300053 | S40: =spmv_1!R$6/R40 -> 7.5441351 | T40: =S40/32 -> 0.23575422
A41: ML_Geer.mtx | B41: 4 | D41: 3463708 | E41: 0.306993 | G41: 0.023302555 | H41: 0.021605015 | I41: 0.023029089 | J41: 0.022642612 | K41: 0.022445202 | L41: 0.022355318 | M41: 0.022552013 | N41: 0.022680283 | O41: 0.022375822 | P41: 0.022666216 | R41: =PERCENTILE(G41:P41,0.9) -> 0.023056436 | S41: =spmv_1!R$6/R41 -> 7.2966444 | T41: =S41/32 -> 0.22802014
A42: ML_Geer.mtx | B42: 5 | D42: 3463690 | E42: 0.302791 | G42: 0.023526907 | H42: 0.021127462 | I42: 0.023411274 | J42: 0.02311635 | K42: 0.022888422 | L42: 0.02274394 | M42: 0.02299571 | N42: 0.023151636 | O42: 0.02280879 | P42: 0.023014069 | R42: =PERCENTILE(G42:P42,0.9) -> 0.023422837 | S42: =spmv_1!R$6/R42 -> 7.1825035 | T42: =S42/32 -> 0.22445323
A43: ML_Geer.mtx | B43: 6 | D43: 3464254 | E43: 0.295738 | G43: 0.023910999 | H43: 0.02165556 | I43: 0.024032354 | J43: 0.023750305 | K43: 0.023485184 | L43: 0.023296833 | M43: 0.023486137 | N43: 0.023747921 | O43: 0.023356199 | P43: 0.023557186 | R43: =PERCENTILE(G43:P43,0.9) -> 0.023923134 | S43: =spmv_1!R$6/R43 -> 7.032298 | T43: =S43/32 -> 0.21975931
A44: ML_Geer.mtx | B44: 7 | D44: 3464266 | E44: 0.272289 | G44: 0.025408983 | H44: 0.023606777 | I44: 0.025758982 | J44: 0.025227547 | K44: 0.025773048 | L44: 0.025428534 | M44: 0.026278734 | N44: 0.02589035 | O44: 0.025072098 | P44: 0.026009798 | R44: =PERCENTILE(G44:P44,0.9) -> 0.026036692 | S44: =spmv_1!R$6/R44 -> 6.4614435 | T44: =S44/32 -> 0.20192011
A45: ML_Geer.mtx | B45: 8 | D45: 3465672 | E45: 0.308292 | G45: 0.023115396 | H45: 0.02050662 | I45: 0.023514748 | J45: 0.022288084 | K45: 0.022670746 | L45: 0.022626162 | M45: 0.022366047 | N45: 0.022624731 | O45: 0.022436619 | P45: 0.022680998 | R45: =PERCENTILE(G45:P45,0.9) -> 0.023155331 | S45: =spmv_1!R$6/R45 -> 7.2654806 | T45: =S45/32 -> 0.22704627
A46: ML_Geer.mtx | B46: 9 | D46: 3465682 | E46: 0.309172 | G46: 0.023233175 | H46: 0.020512104 | I46: 0.023269653 | J46: 0.022325754 | K46: 0.022637844 | L46: 0.022478342 | M46: 0.022294044 | N46: 0.022573709 | O46: 0.022411108 | P46: 0.022455454 | R46: =PERCENTILE(G46:P46,0.9) -> 0.023236823 | S46: =spmv_1!R$6/R46 -> 7.2400006 | T46: =S46/32 -> 0.22625002
A47: ML_Geer.mtx | B47: 10 | D47: 3465536 | E47: 0.27663 | G47: 0.024206638 | H47: 0.023314714 | I47: 0.026191473 | J47: 0.024978638 | K47: 0.025463104 | L47: 0.025482178 | M47: 0.025173903 | N47: 0.025183439 | O47: 0.025367975 | P47: 0.025191784 | R47: =PERCENTILE(G47:P47,0.9) -> 0.025553108 | S47: =spmv_1!R$6/R47 -> 6.5837241 | T47: =S47/32 -> 0.20574138
A48: ML_Geer.mtx | B48: 11 | D48: 3465508 | E48: 0.322713 | G48: 0.023315191 | H48: 0.019550562 | I48: 0.022096872 | J48: 0.021116257 | K48: 0.021528959 | L48: 0.021389484 | M48: 0.021117687 | N48: 0.021600723 | O48: 0.021556616 | P48: 0.021500826 | R48: =PERCENTILE(G48:P48,0.9) -> 0.022218704 | S48: =spmv_1!R$6/R48 -> 7.5717563 | T48: =S48/32 -> 0.23661738
... A68: ML_Geer.mtx | B68: 31 | D68: 3464170 | E68: 0.295281 | G68: 0.023332596 | H68: 0.023006439 | I68: 0.024050236 | J68: 0.023318768 | K68: 0.023490191 | L68: 0.023505926 | M68: 0.023433447 | N68: 0.023470879 | O68: 0.023440361 | P68: 0.023586512 | R68: =PERCENTILE(G68:P68,0.9) -> 0.023632884 | S68: =spmv_1!R$6/R68 -> 7.118666 | T68: =S68/32 -> 0.22245831
A71: Matrix | B71: Rank | D71: Local NNZ | E71: GFLOPS | G71: Iter_0 | H71: Iter_1 | I71: Iter_2 | J71: Iter_3 | K71: Iter_4 | L71: Iter_5 | M71: Iter_6 | N71: Iter_7 | O71: Iter_8 | P71: Iter_9 | R71: 90 percentile | S71: Speedup | T71: Efficiency
A72: msdoor.mtx | B72: 0 | D72: 633662 | E72: 0.227785 | G72: 0.008286715 | H72: 0.006331682 | I72: 0.006661415 | J72: 0.005061865 | K72: 0.004804611 | L72: 0.004809856 | M72: 0.004789829 | N72: 0.004846573 | O72: 0.004912138 | P72: 0.005132198 | R72: =PERCENTILE(G72:P72,0.9) -> 0.006823945 | S72: =spmv_1!R$10/R72 -> 5.1336469 | T72: =S72/32 -> 0.16042647
A73: msdoor.mtx | B73: 1 | D73: 633672 | E73: 0.192063 | G73: 0.009399176 | H73: 0.007171154 | I73: 0.007662058 | J73: 0.006048679 | K73: 0.005916119 | L73: 0.005842686 | M73: 0.005843878 | N73: 0.005857706 | O73: 0.006007433 | P73: 0.00623703 | R73: =PERCENTILE(G73:P73,0.9) -> 0.0078357698 | S73: =spmv_1!R$10/R73 -> 4.4707444 | T73: =S73/32 -> 0.13971076
A74: msdoor.mtx | B74: 2 | D74: 632774 | E74: 0.187752 | G74: 0.009730339 | H74: 0.007339478 | I74: 0.007738113 | J74: 0.006178617 | K74: 0.006119967 | L74: 0.005945444 | M74: 0.005950451 | N74: 0.005947351 | O74: 0.006011963 | P74: 0.006443501 | R74: =PERCENTILE(G74:P74,0.9) -> 0.0079373356 | S74: =spmv_1!R$10/R74 -> 4.413537 | T74: =S74/32 -> 0.13792303
A75: msdoor.mtx | B75: 3 | D75: 633655 | E75: 0.18707 | G75: 0.009932518 | H75: 0.007344007 | I75: 0.007789373 | J75: 0.006165743 | K75: 0.006127119 | L75: 0.005977869 | M75: 0.005960226 | N75: 0.005958796 | O75: 0.006031036 | P75: 0.006458521 | R75: =PERCENTILE(G75:P75,0.9) -> 0.0080036875 | S75: =spmv_1!R$10/R75 -> 4.376948 | T75: =S75/32 -> 0.13677963
A76: msdoor.mtx | B76: 4 | D76: 629153 | E76: 0.196807 | G76: 0.009148121 | H76: 0.007104874 | I76: 0.007245064 | J76: 0.005861998 | K76: 0.005882263 | L76: 0.005645275 | M76: 0.005640507 | N76: 0.005548954 | O76: 0.005753279 | P76: 0.006105661 | R76: =PERCENTILE(G76:P76,0.9) -> 0.0074353697 | S76: =spmv_1!R$10/R76 -> 4.7114973 | T76: =S76/32 -> 0.14723429
A77: msdoor.mtx | B77: 5 | D77: 629935 | E77: 0.190578 | G77: 0.010015249 | H77: 0.007231951 | I77: 0.007456064 | J77: 0.005999088 | K77: 0.006040335 | L77: 0.005802393 | M77: 0.005812407 | N77: 0.00566268 | O77: 0.005818129 | P77: 0.006269693 | R77: =PERCENTILE(G77:P77,0.9) -> 0.0077119825 | S77: =spmv_1!R$10/R77 -> 4.5425057 | T77: =S77/32 -> 0.1419533
A78: msdoor.mtx | B78: 6 | D78: 629646 | E78: 0.192262 | G78: 0.010082483 | H78: 0.007086754 | I78: 0.007221699 | J78: 0.005925417 | K78: 0.005926371 | L78: 0.00578618 | M78: 0.00579977 | N78: 0.00563097 | O78: 0.00579071 | P78: 0.006248474 | R78: =PERCENTILE(G78:P78,0.9) -> 0.0075077774 | S78: =spmv_1!R$10/R78 -> 4.6660579 | T78: =S78/32 -> 0.14581431
A79: msdoor.mtx | B79: 7 | D79: 630566 | E79: 0.200573 | G79: 0.009457111 | H79: 0.00688076 | I79: 0.006973982 | J79: 0.005673409 | K79: 0.005719185 | L79: 0.005559444 | M79: 0.005563974 | N79: 0.005443811 | O79: 0.005609989 | P79: 0.005994797 | R79: =PERCENTILE(G79:P79,0.9) -> 0.0072222949 | S79: =spmv_1!R$10/R79 -> 4.8504976 | T79: =S79/32 -> 0.15157805
A80: msdoor.mtx | B80: 8 | D80: 633998 | E80: 0.24531 | G80: 0.008658648 | H80: 0.005665779 | I80: 0.006279469 | J80: 0.004356861 | K80: 0.004386187 | L80: 0.004385948 | M80: 0.004354954 | N80: 0.004346848 | O80: 0.004491091 | P80: 0.004763842 | R80: =PERCENTILE(G80:P80,0.9) -> 0.0065173869 | S80: =spmv_1!R$10/R80 -> 5.3751181 | T80: =S80/32 -> 0.16797244
A81: msdoor.mtx | B81: 9 | D81: 634978 | E81: 0.237118 | G81: 0.010519028 | H81: 0.005666256 | I81: 0.006269693 | J81: 0.004358768 | K81: 0.004383087 | L81: 0.004386425 | M81: 0.004362345 | N81: 0.004361868 | O81: 0.004497528 | P81: 0.004752874 | R81: =PERCENTILE(G81:P81,0.9) -> 0.0066946265 | S81: =spmv_1!R$10/R81 -> 5.2328124 | T81: =S81/32 -> 0.16352539
A82: msdoor.mtx | B82: 10 | D82: 633758 | E82: 0.241637 | G82: 0.00871563 | H82: 0.005672216 | I82: 0.006277084 | J82: 0.004450083 | K82: 0.004466772 | L82: 0.004475594 | M82: 0.004475832 | N82: 0.004453421 | O82: 0.004601717 | P82: 0.004867077 | R82: =PERCENTILE(G82:P82,0.9) -> 0.0065209386 | S82: =spmv_1!R$10/R82 -> 5.3721905 | T82: =S82/32 -> 0.16788095
A83: msdoor.mtx | B83: 11 | D83: 634593 | E83: 0.243579 | G83: 0.008641005 | H83: 0.005654335 | I83: 0.006325483 | J83: 0.00440979 | K83: 0.004542828 | L83: 0.004430771 | M83: 0.004423857 | N83: 0.004420519 | O83: 0.004461765 | P83: 0.004795313 | R83: =PERCENTILE(G83:P83,0.9) -> 0.0065570352 | S83: =spmv_1!R$10/R83 -> 5.3426165 | T83: =S83/32 -> 0.16695676
... A103: msdoor.mtx | B103: 31 | D103: 629779 | E103: 0.218902 | G103: 0.008595705 | H103: 0.006275415 | I103: 0.006849527 | J103: 0.005182981 | K103: 0.005137205 | L103: 0.005110741 | M103: 0.004962921 | N103: 0.005088329 | O103: 0.005151987 | P103: 0.005185127 | R103: =PERCENTILE(G103:P103,0.9) -> 0.0070241448 | S103: =spmv_1!R$10/R103 -> 4.9873295 | T103: =S103/32 -> 0.15585405
A106: Matrix | B106: Rank | D106: Local NNZ | E106: GFLOPS | G106: Iter_0 | H106: Iter_1 | I106: Iter_2 | J106: Iter_3 | K106: Iter_4 | L106: Iter_5 | M106: Iter_6 | N106: Iter_7 | O106: Iter_8 | P106: Iter_9 | R106: 90 percentile | S106: Speedup | T106: Efficiency
A107: nlpkkt240.mtx | B107: 0 | D107: 24198312 | E107: 0.087379 | G107: 0.57017517 | H107: 0.55752373 | I107: 0.55249357 | J107: 0.54979777 | K107: 0.55606175 | L107: 0.54333615 | M107: 0.54929638 | N107: 0.54968643 | O107: 0.55215263 | P107: 0.55820727 | R107: =PERCENTILE(G107:P107,0.9) -> 0.55940406 | S107: =spmv_1!R$14/R107 -> 1.9745015 | T107: =S107/32 -> 0.061703172
A108: nlpkkt240.mtx | B108: 1 | D108: 24201902 | E108: 0.105318 | G108: 0.47241998 | H108: 0.46446276 | I108: 0.46452737 | J108: 0.45349407 | K108: 0.46107936 | L108: 0.46108508 | M108: 0.45787001 | N108: 0.45081973 | O108: 0.44950914 | P108: 0.46069002 | R108: =PERCENTILE(G108:P108,0.9) -> 0.46531663 | S108: =spmv_1!R$14/R108 -> 2.3737474 | T108: =S108/32 -> 0.074179608
A109: nlpkkt240.mtx | B109: 2 | D109: 24202620 | E109: 0.106909 | G109: 0.46551466 | H109: 0.45770168 | I109: 0.45750952 | J109: 0.44660306 | K109: 0.45443249 | L109: 0.45471835 | M109: 0.45101738 | N109: 0.44361353 | O109: 0.44267654 | P109: 0.45390344 | R109: =PERCENTILE(G109:P109,0.9) -> 0.45848298 | S109: =spmv_1!R$14/R109 -> 2.4091279 | T109: =S109/32 -> 0.075285248
A110: nlpkkt240.mtx | B110: 3 | D110: 24202620 | E110: 0.109378 | G110: 0.45553255 | H110: 0.44751978 | I110: 0.44699621 | J110: 0.4365232 | K110: 0.44372606 | L110: 0.44477749 | M110: 0.44068456 | N110: 0.43357897 | O110: 0.432621 | P110: 0.44355154 | R110: =PERCENTILE(G110:P110,0.9) -> 0.44832106 | S110: =spmv_1!R$14/R110 -> 2.4637347 | T110: =S110/32 -> 0.076991711
A111: nlpkkt240.mtx | B111: 4 | D111: 24202620 | E111: 0.093274 | G111: 0.53492856 | H111: 0.52146268 | I111: 0.51598811 | J111: 0.51468515 | K111: 0.52100158 | L111: 0.50992775 | M111: 0.51543546 | N111: 0.51526475 | O111: 0.51895762 | P111: 0.52192283 | R111: =PERCENTILE(G111:P111,0.9) -> 0.5232234 | S111: =spmv_1!R$14/R111 -> 2.1110374 | T111: =S111/32 -> 0.065969919
A112: nlpkkt240.mtx | B112: 5 | D112: 24202620 | E112: 0.106087 | G112: 0.46457481 | H112: 0.45464158 | I112: 0.45350718 | J112: 0.44457769 | K112: 0.4519248 | L112: 0.45038533 | M112: 0.44820785 | N112: 0.45432305 | O112: 0.48909617 | P112: 0.45153475 | R112: =PERCENTILE(G112:P112,0.9) -> 0.46702695 | S112: =spmv_1!R$14/R112 -> 2.3650544 | T112: =S112/32 -> 0.073907951
A113: nlpkkt240.mtx | B113: 6 | D113: 24202620 | E113: 0.115776 | G113: 0.43098545 | H113: 0.42193914 | I113: 0.42200422 | J113: 0.41055632 | K113: 0.42019796 | L113: 0.41943407 | M113: 0.4167459 | N113: 0.40980196 | O113: 0.40884686 | P113: 0.42044258 | R113: =PERCENTILE(G113:P113,0.9) -> 0.42290235 | S113: =spmv_1!R$14/R113 -> 2.6118185 | T113: =S113/32 -> 0.081619328
A114: nlpkkt240.mtx | B114: 7 | D114: 24202620 | E114: 0.096232 | G114: 0.51955438 | H114: 0.50396609 | I114: 0.50201345 | J114: 0.49636293 | K114: 0.50555158 | L114: 0.49501705 | M114: 0.49751091 | N114: 0.50093842 | O114: 0.50162077 | P114: 0.50750041 | R114: =PERCENTILE(G114:P114,0.9) -> 0.50870581 | S114: =spmv_1!R$14/R114 -> 2.1712828 | T114: =S114/32 -> 0.067852587
A115: nlpkkt240.mtx | B115: 8 | D115: 24202620 | E115: 0.126251 | G115: 0.3995502 | H115: 0.38816857 | I115: 0.3824749 | J115: 0.38032699 | K115: 0.38709402 | L115: 0.37596011 | M115: 0.37952852 | N115: 0.38021803 | O115: 0.37998605 | P115: 0.38074231 | R115: =PERCENTILE(G115:P115,0.9) -> 0.38930674 | S115: =spmv_1!R$14/R115 -> 2.8372079 | T115: =S115/32 -> 0.088662748
A116: nlpkkt240.mtx | B116: 9 | D116: 24202620 | E116: 0.1284 | G116: 0.39270902 | H116: 0.38209605 | I116: 0.37722564 | J116: 0.37460852 | K116: 0.3806529 | L116: 0.36936617 | M116: 0.37402511 | N116: 0.37354398 | O116: 0.37338018 | P116: 0.37225985 | R116: =PERCENTILE(G116:P116,0.9) -> 0.38315735 | S116: =spmv_1!R$14/R116 -> 2.882743 | T116: =S116/32 -> 0.090085719
A117: nlpkkt240.mtx | B117: 10 | D117: 24202620 | E117: 0.133397 | G117: 0.37915707 | H117: 0.36280465 | I117: 0.3626399 | J117: 0.36023641 | K117: 0.36685061 | L117: 0.36200762 | M117: 0.35936928 | N117: 0.35659933 | O117: 0.36195683 | P117: 0.35704517 | R117: =PERCENTILE(G117:P117,0.9) -> 0.36808126 | S117: =spmv_1!R$14/R117 -> 3.0008161 | T117: =S117/32 -> 0.093775502
A118: nlpkkt240.mtx | B118: 11 | D118: 24202620 | E118: 0.131402 | G118: 0.3783834 | H118: 0.3618207 | I118: 0.36832643 | J118: 0.37159038 | K118: 0.36230135 | L118: 0.37380838 | M118: 0.36320043 | N118: 0.36547971 | O118: 0.37286663 | P118: 0.36596489 | R118: =PERCENTILE(G118:P118,0.9) -> 0.37426589 | S118: =spmv_1!R$14/R118 -> 2.9512285 | T118: =S118/32 -> 0.092225892
... A138: nlpkkt240.mtx | B138: 31 | D138: 24198312 | E138: 0.082283 | G138: 0.6026814 | H138: 0.59086013 | I138: 0.58904386 | J138: 0.5848 | K138: 0.59152436 | L138: 0.57832766 | M138: 0.58465147 | N138: 0.58210826 | O138: 0.58517122 | P138: 0.59256649 | R138: =PERCENTILE(G138:P138,0.9) -> 0.59357798 | S138: =spmv_1!R$14/R138 -> 1.860824 | T138: =S138/32 -> 0.058150751
A141: Matrix | B141: Rank | D141: Local NNZ | E141: GFLOPS | G141: Iter_0 | H141: Iter_1 | I141: Iter_2 | J141: Iter_3 | K141: Iter_4 | L141: Iter_5 | M141: Iter_6 | N141: Iter_7 | O141: Iter_8 | P141: Iter_9 | R141: 90 percentile | S141: Speedup | T141: Efficiency
A142: Pflow_742.mtx | B142: 0 | D142: 1163752 | E142: 0.190845 | G142: 0.012688637 | H142: 0.012151957 | I142: 0.012263536 | J142: 0.012297869 | K142: 0.012175083 | L142: 0.012238264 | M142: 0.011821508 | N142: 0.01213789 | O142: 0.012097836 | P142: 0.012085199 | R142: =PERCENTILE(G142:P142,0.9) -> 0.012336946 | S142: =spmv_1!R$18/R142 -> 6.285083 | T142: =S142/32 -> 0.19640884
A143: Pflow_742.mtx | B143: 1 | D143: 1150316 | E143: 0.187303 | G143: 0.012783766 | H143: 0.01230526 | I143: 0.012272835 | J143: 0.01233077 | K143: 0.012278318 | L143: 0.012344122 | M143: 0.011882544 | N143: 0.012187719 | O143: 0.012229919 | P143: 0.012214422 | R143: =PERCENTILE(G143:P143,0.9) -> 0.012388086 | S143: =spmv_1!R$18/R143 -> 6.2591369 | T143: =S143/32 -> 0.19559803
A144: Pflow_742.mtx | B144: 2 | D144: 1142874 | E144: 0.19837 | G144: 0.012648582 | H144: 0.011519194 | I144: 0.011385441 | J144: 0.011436462 | K144: 0.011512518 | L144: 0.011461973 | M144: 0.011089325 | N144: 0.011396646 | O144: 0.011353254 | P144: 0.011422873 | R144: =PERCENTILE(G144:P144,0.9) -> 0.011632133 | S144: =spmv_1!R$18/R144 -> 6.6659081 | T144: =S144/32 -> 0.20830963
A145: Pflow_742.mtx | B145: 3 | D145: 1191523 | E145: 0.199029 | G145: 0.012209177 | H145: 0.011977196 | I145: 0.012018681 | J145: 0.012071848 | K145: 0.011976004 | L145: 0.012064934 | M145: 0.011642456 | N145: 0.01194191 | O145: 0.011874676 | P145: 0.011956453 | R145: =PERCENTILE(G145:P145,0.9) -> 0.012085581 | S145: =spmv_1!R$18/R145 -> 6.4158049 | T145: =S145/32 -> 0.2004939
A146: Pflow_742.mtx | B146: 4 | D146: 1162939 | E146: 0.224393 | G146: 0.010504246 | H146: 0.010297775 | I146: 0.010462761 | J146: 0.010338545 | K146: 0.010411263 | L146: 0.010567427 | M146: 0.010075331 | N146: 0.010341883 | O146: 0.010370255 | P146: 0.010282278 | R146: =PERCENTILE(G146:P146,0.9) -> 0.010510564 | S146: =spmv_1!R$18/R146 -> 7.3772186 | T146: =S146/32 -> 0.23053808
A147: Pflow_742.mtx | B147: 5 | D147: 1149526 | E147: 0.215519 | G147: 0.010766983 | H147: 0.010510683 | I147: 0.010882139 | J147: 0.010656357 | K147: 0.010670185 | L147: 0.010694504 | M147: 0.010569096 | N147: 0.010668039 | O147: 0.010608196 | P147: 0.010648727 | R147: =PERCENTILE(G147:P147,0.9) -> 0.010778499 | S147: =spmv_1!R$18/R147 -> 7.1938339 | T147: =S147/32 -> 0.22480731
A148: Pflow_742.mtx | B148: 6 | D148: 1141798 | E148: 0.19667 | G148: 0.01251626 | H148: 0.011392832 | I148: 0.011528015 | J148: 0.011708736 | K148: 0.011633635 | L148: 0.011460543 | M148: 0.011403561 | N148: 0.011602163 | O148: 0.011423111 | P148: 0.01144433 | R148: =PERCENTILE(G148:P148,0.9) -> 0.011789488 | S148: =spmv_1!R$18/R148 -> 6.5769375 | T148: =S148/32 -> 0.2055293
A149: Pflow_742.mtx | B149: 7 | D149: 1188979 | E149: 0.196395 | G149: 0.012987137 | H149: 0.011896849 | I149: 0.012052298 | J149: 0.012198448 | K149: 0.012092829 | L149: 0.011937141 | M149: 0.011904478 | N149: 0.012013912 | O149: 0.011953354 | P149: 0.012044191 | R149: =PERCENTILE(G149:P149,0.9) -> 0.012277317 | S149: =spmv_1!R$18/R149 -> 6.3156086 | T149: =S149/32 -> 0.19736277
A150: Pflow_742.mtx | B150: 8 | D150: 1162794 | E150: 0.197871 | G150: 0.011571407 | H150: 0.011387587 | I150: 0.011896849 | J150: 0.011781931 | K150: 0.011874914 | L150: 0.011830807 | M150: 0.011718988 | N150: 0.011875391 | O150: 0.011803389 | P150: 0.011789322 | R150: =PERCENTILE(G150:P150,0.9) -> 0.011877537 | S150: =spmv_1!R$18/R150 -> 6.5281826 | T150: =S150/32 -> 0.20400571
A151: Pflow_742.mtx | B151: 9 | D151: 1147314 | E151: 0.197597 | G151: 0.011430502 | H151: 0.011253357 | I151: 0.011772394 | J151: 0.011636496 | K151: 0.011754751 | L151: 0.011666775 | M151: 0.011561632 | N151: 0.011753559 | O151: 0.011653662 | P151: 0.01164341 | R151: =PERCENTILE(G151:P151,0.9) -> 0.011756515 | S151: =spmv_1!R$18/R151 -> 6.5953837 | T151: =S151/32 -> 0.20610574
A152: Pflow_742.mtx | B152: 10 | D152: 1143166 | E152: 0.200922 | G152: 0.011231184 | H152: 0.011070013 | I152: 0.01148653 | J152: 0.011419296 | K152: 0.011565447 | L152: 0.011457682 | M152: 0.011316061 | N152: 0.011477709 | O152: 0.011407614 | P152: 0.011360645 | R152: =PERCENTILE(G152:P152,0.9) -> 0.011494422 | S152: =spmv_1!R$18/R152 -> 6.7457703 | T152: =S152/32 -> 0.21080532
A153: Pflow_742.mtx | B153: 11 | D153: 1189676 | E153: 0.209279 | G153: 0.011214733 | H153: 0.011077166 | I153: 0.011484623 | J153: 0.011406422 | K153: 0.011469364 | L153: 0.011462688 | M153: 0.01134038 | N153: 0.011472702 | O153: 0.011400938 | P153: 0.011363983 | R153: =PERCENTILE(G153:P153,0.9) -> 0.011473894 | S153: =spmv_1!R$18/R153 -> 6.757839 | T153: =S153/32 -> 0.21118247
... A173: Pflow_742.mtx | B173: 31 | D173: 1190860 | E173: 0.212513 | G173: 0.011141777 | H173: 0.010992527 | I173: 0.011343956 | J173: 0.011271477 | K173: 0.011286497 | L173: 0.011419296 | M173: 0.010893106 | N173: 0.011225939 | O173: 0.01125288 | P173: 0.011246681 | R173: =PERCENTILE(G173:P173,0.9) -> 0.01135149 | S173: =spmv_1!R$18/R173 -> 6.8307093 | T173: =S173/32 -> 0.21345967

Sheet spmv_4x16
A1: Matrix | B1: Rank | D1: Local NNZ | E1: GFLOPS | G1: Iter_0 | H1: Iter_1 | I1: Iter_2 | J1: Iter_3 | K1: Iter_4 | L1: Iter_5 | M1: Iter_6 | N1: Iter_7 | O1: Iter_8 | P1: Iter_9 | R1: 90 percentile | S1: Speedup | T1: Efficiency
A2: bmwcra_1.mtx | B2: 0 | D2: 168709 | E2: 0.115766 | G2: 0.003997803 | H2: 0.004230976 | I2: 0.003723383 | J2: 0.002555132 | K2: 0.00241065 | L2: 0.002382278 | M2: 0.00236702 | N2: 0.002392769 | O2: 0.002460241 | P2: 0.002626181 | R2: =PERCENTILE(G2:P2,0.9) -> 0.0040211203 | S2: =spmv_1!R$2/R2 -> 4.3329339 | T2: =S2/64 -> 0.067702092
A3: bmwcra_1.mtx | B3: 1 | D3: 168720 | E3: 0.120469 | G3: 0.004043579 | H3: 0.00420022 | I3: 0.003640175 | J3: 0.002425909 | K3: 0.002255201 | L3: 0.002241135 | M3: 0.002231121 | N3: 0.002235413 | O3: 0.002291918 | P3: 0.002445936 | R3: =PERCENTILE(G3:P3,0.9) -> 0.0040592431 | S3: =spmv_1!R$2/R3 -> 4.2922407 | T3: =S3/64 -> 0.067066261
A4: bmwcra_1.mtx | B4: 2 | D4: 167161 | E4: 0.119214 | G4: 0.004196405 | H4: 0.004345417 | I4: 0.003602505 | J4: 0.002402544 | K4: 0.002215385 | L4: 0.002218723 | M4: 0.002199888 | N4: 0.002209902 | O4: 0.002263308 | P4: 0.002389669 | R4: =PERCENTILE(G4:P4,0.9) -> 0.0042113062 | S4: =spmv_1!R$2/R4 -> 4.1372552 | T4: =S4/64 -> 0.064644612
A5: bmwcra_1.mtx | B5: 3 | D5: 166269 | E5: 0.118357 | G5: 0.003869057 | H5: 0.004268169 | I5: 0.003642082 | J5: 0.002442122 | K5: 0.002290964 | L5: 0.002269268 | M5: 0.002253056 | N5: 0.002269745 | O5: 0.002329826 | P5: 0.00246191 | R5: =PERCENTILE(G5:P5,0.9) -> 0.0039089682 | S5: =spmv_1!R$2/R5 -> 4.45725 | T5: =S5/64 -> 0.069644531
A6: bmwcra_1.mtx | B6: 4 | D6: 165666 | E6: 0.1189 | G6: 0.003711224 | H6: 0.004298687 | I6: 0.003637075 | J6: 0.002429724 | K6: 0.002281904 | L6: 0.002253771 | M6: 0.002242088 | N6: 0.002251863 | O6: 0.00231719 | P6: 0.002442837 | R6: =PERCENTILE(G6:P6,0.9) -> 0.0037699703 | S6: =spmv_1!R$2/R6 -> 4.6215877 | T6: =S6/64 -> 0.072212308
A7: bmwcra_1.mtx | B7: 5 | D7: 166190 | E7: 0.118825 | G7: 0.003911495 | H7: 0.00433445 | I7: 0.003653526 | J7: 0.00240922 | K7: 0.002262354 | L7: 0.002230167 | M7: 0.0022223 | N7: 0.002233028 | O7: 0.002291918 | P7: 0.002423763 | R7: =PERCENTILE(G7:P7,0.9) -> 0.0039537905 | S7: =spmv_1!R$2/R7 -> 4.4067202 | T7: =S7/64 -> 0.068855003
A8: bmwcra_1.mtx | B8: 6 | D8: 165630 | E8: 0.119908 | G8: 0.004196405 | H8: 0.004446745 | I8: 0.003637791 | J8: 0.002348185 | K8: 0.002140999 | L8: 0.002131701 | M8: 0.002112865 | N8: 0.002131939 | O8: 0.002183676 | P8: 0.002295971 | R8: =PERCENTILE(G8:P8,0.9) -> 0.004221439 | S8: =spmv_1!R$2/R8 -> 4.1273245 | T8: =S8/64 -> 0.064489445
A9: bmwcra_1.mtx | B9: 7 | D9: 165732 | E9: 0.11936 | G9: 0.003871202 | H9: 0.004368782 | I9: 0.003656864 | J9: 0.00239253 | K9: 0.002242565 | L9: 0.002213478 | M9: 0.002187252 | N9: 0.002202749 | O9: 0.002266645 | P9: 0.002367973 | R9: =PERCENTILE(G9:P9,0.9) -> 0.00392096 | S9: =spmv_1!R$2/R9 -> 4.443618 | T9: =S9/64 -> 0.069431531
A10: bmwcra_1.mtx | B10: 8 | D10: 165536 | E10: 0.120218 | G10: 0.00386095 | H10: 0.004374504 | I10: 0.003641129 | J10: 0.002354622 | K10: 0.002198696 | L10: 0.002184391 | M10: 0.002165556 | N10: 0.002175808 | O10: 0.00224638 | P10: 0.002337217 | R10: =PERCENTILE(G10:P10,0.9) -> 0.0039123054 | S10: =spmv_1!R$2/R10 -> 4.4534479 | T10: =S10/64 -> 0.069585124
A11: bmwcra_1.mtx | B11: 9 | D11: 165735 | E11: 0.120824 | G11: 0.003866434 | H11: 0.004374266 | I11: 0.003628254 | J11: 0.002333403 | K11: 0.002185345 | L11: 0.002176762 | M11: 0.00214982 | N11: 0.002170324 | O11: 0.002225161 | P11: 0.002324343 | R11: =PERCENTILE(G11:P11,0.9) -> 0.0039172172 | S11: =spmv_1!R$2/R11 -> 4.4478638 | T11: =S11/64 -> 0.069497871
A12: bmwcra_1.mtx | B12: 10 | D12: 165583 | E12: 0.12262 | G12: 0.004105091 | H12: 0.004464626 | I12: 0.003615618 | J12: 0.002305031 | K12: 0.002087116 | L12: 0.002053499 | M12: 0.002047777 | N12: 0.002047539 | O12: 0.002100229 | P12: 0.002181053 | R12: =PERCENTILE(G12:P12,0.9) -> 0.0041410445 | S12: =spmv_1!R$2/R12 -> 4.2074526 | T12: =S12/64 -> 0.065741447
A13: bmwcra_1.mtx | B13: 11 | D13: 166049 | E13: 0.131138 | G13: 0.003506422 | H13: 0.004123926 | I13: 0.003334045 | J13: 0.002132177 | K13: 0.002001762 | L13: 0.002011538 | M13: 0.001985788 | N13: 0.002020836 | O13: 0.002058029 | P13: 0.00214982 | R13: =PERCENTILE(G13:P13,0.9) -> 0.0035681724 | S13: =spmv_1!R$2/R13 -> 4.8829615 | T13: =S13/64 -> 0.076296273
... A65: bmwcra_1.mtx | B65: 63 | D65: 167249 | E65: 0.175106 | G65: 0.003283262 | H65: 0.002538204 | I65: 0.002405882 | J65: 0.001923323 | K65: 0.001741409 | L65: 0.001484156 | M65: 0.001466751 | N65: 0.001392126 | O65: 0.001446962 | P65: 0.001420498 | R65: =PERCENTILE(G65:P65,0.9) -> 0.0026127098 | S65: =spmv_1!R$2/R65 -> 6.6686505 | T65: =S65/64 -> 0.10419766
A68: Matrix | B68: Rank | D68: Local NNZ | E68: GFLOPS | G68: Iter_0 | H68: Iter_1 | I68: Iter_2 | J68: Iter_3 | K68: Iter_4 | L68: Iter_5 | M68: Iter_6 | N68: Iter_7 | O68: Iter_8 | P68: Iter_9 | R68: 90 percentile | S68: Speedup | T68: Efficiency
A69: ML_Geer.mtx | B69: 0 | D69: 1732658 | E69: 0.104547 | G69: 0.035164118 | H69: 0.032729387 | I69: 0.032709122 | J69: 0.032319784 | K69: 0.033918142 | L69: 0.034213781 | M69: 0.033688784 | N69: 0.032019377 | O69: 0.032191515 | P69: 0.03250742 | R69: =PERCENTILE(G69:P69,0.9) -> 0.034308815 | S69: =spmv_1!R$6/R69 -> 4.903539 | T69: =S69/64 -> 0.076617797
A70: ML_Geer.mtx | B70: 1 | D70: 1732676 | E70: 0.104721 | G70: 0.03516078 | H70: 0.032651424 | I70: 0.032624722 | J70: 0.032258987 | K70: 0.033842087 | L70: 0.034311056 | M70: 0.033577681 | N70: 0.031937361 | O70: 0.032114744 | P70: 0.032432556 | R70: =PERCENTILE(G70:P70,0.9) -> 0.034396028 | S70: =spmv_1!R$6/R70 -> 4.8911057 | T70: =S70/64 -> 0.076423527
A71: ML_Geer.mtx | B71: 2 | D71: 1732256 | E71: 0.125532 | G71: 0.027349472 | H71: 0.026906967 | I71: 0.026638031 | J71: 0.026651859 | K71: 0.028917074 | L71: 0.031364202 | M71: 0.028836727 | N71: 0.026267529 | O71: 0.026750088 | P71: 0.026304007 | R71: =PERCENTILE(G71:P71,0.9) -> 0.029161787 | S71: =spmv_1!R$6/R71 -> 5.769009 | T71: =S71/64 -> 0.090140766
A72: ML_Geer.mtx | B72: 3 | D72: 1732270 | E72: 0.109768 | G72: 0.032275677 | H72: 0.031087399 | I72: 0.030924797 | J72: 0.030733347 | K72: 0.03265667 | L72: 0.032943487 | M72: 0.032670975 | N72: 0.030674934 | O72: 0.030823708 | P72: 0.03083396 | R72: =PERCENTILE(G72:P72,0.9) -> 0.032698226 | S72: =spmv_1!R$6/R72 -> 5.1450684 | T72: =S72/64 -> 0.080391694
A73: ML_Geer.mtx | B73: 4 | D73: 1731826 | E73: 0.125385 | G73: 0.027824402 | H73: 0.026975155 | I73: 0.026992083 | J73: 0.026980639 | K73: 0.028413296 | L73: 0.030573845 | M73: 0.028475523 | N73: 0.026585579 | O73: 0.026628971 | P73: 0.026792526 | R73: =PERCENTILE(G73:P73,0.9) -> 0.028685355 | S73: =spmv_1!R$6/R73 -> 5.8648258 | T73: =S73/64 -> 0.091637903
A74: ML_Geer.mtx | B74: 5 | D74: 1731808 | E74: 0.110551 | G74: 0.031927109 | H74: 0.030889034 | I74: 0.030690432 | J74: 0.030603647 | K74: 0.032436848 | L74: 0.032631397 | M74: 0.032486916 | N74: 0.030500174 | O74: 0.030604601 | P74: 0.03053546 | R74: =PERCENTILE(G74:P74,0.9) -> 0.032501364 | S74: =spmv_1!R$6/R74 -> 5.1762323 | T74: =S74/64 -> 0.08087863
A75: ML_Geer.mtx | B75: 6 | D75: 1732108 | E75: 0.105065 | G75: 0.03510499 | H75: 0.033178806 | I75: 0.032693148 | J75: 0.032089949 | K75: 0.033625841 | L75: 0.033524275 | M75: 0.033515453 | N75: 0.031827927 | O75: 0.031946421 | P75: 0.032213926 | R75: =PERCENTILE(G75:P75,0.9) -> 0.033773756 | S75: =spmv_1!R$6/R75 -> 4.981223 | T75: =S75/64 -> 0.07783161
A76: ML_Geer.mtx | B76: 7 | D76: 1732120 | E76: 0.1056 | G76: 0.035001993 | H76: 0.032479048 | I76: 0.03234005 | J76: 0.032036543 | K76: 0.033611298 | L76: 0.03345871 | M76: 0.033353567 | N76: 0.031744242 | O76: 0.031929493 | P76: 0.032098055 | R76: =PERCENTILE(G76:P76,0.9) -> 0.033750368 | S76: =spmv_1!R$6/R76 -> 4.9846749 | T76: =S76/64 -> 0.077885546
A77: ML_Geer.mtx | B77: 8 | D77: 1732828 | E77: 0.111597 | G77: 0.031439781 | H77: 0.030699253 | I77: 0.030549765 | J77: 0.03047657 | K77: 0.032215834 | L77: 0.03215313 | M77: 0.032218456 | N77: 0.030268908 | O77: 0.030465126 | P77: 0.030063391 | R77: =PERCENTILE(G77:P77,0.9) -> 0.032216096 | S77: =spmv_1!R$6/R77 -> 5.2220669 | T77: =S77/64 -> 0.081594796
A78: ML_Geer.mtx | B78: 9 | D78: 1732838 | E78: 0.130578 | G78: 0.02714467 | H78: 0.026186943 | I78: 0.026220798 | J78: 0.026056051 | K78: 0.027169466 | L78: 0.028645039 | M78: 0.027576208 | N78: 0.025467157 | O78: 0.025814533 | P78: 0.025128603 | R78: =PERCENTILE(G78:P78,0.9) -> 0.027683091 | S78: =spmv_1!R$6/R78 -> 6.0771613 | T78: =S78/64 -> 0.094955646
A79: ML_Geer.mtx | B79: 10 | D79: 1732720 | E79: 0.112636 | G79: 0.031460524 | H79: 0.03036809 | I79: 0.030178547 | J79: 0.030067921 | K79: 0.032004356 | L79: 0.031866074 | M79: 0.032119036 | N79: 0.02997303 | O79: 0.030118465 | P79: 0.029509783 | R79: =PERCENTILE(G79:P79,0.9) -> 0.032015824 | S79: =spmv_1!R$6/R79 -> 5.2547331 | T79: =S79/64 -> 0.082105205
A80: ML_Geer.mtx | B80: 11 | D80: 1732692 | E80: 0.107089 | G80: 0.034903526 | H80: 0.032054663 | I80: 0.031889915 | J80: 0.031535149 | K80: 0.033059597 | L80: 0.0327456 | M80: 0.032873154 | N80: 0.031309605 | O80: 0.031507015 | P80: 0.031719923 | R80: =PERCENTILE(G80:P80,0.9) -> 0.03324399 | S80: =spmv_1!R$6/R80 -> 5.0606023 | T80: =S80/64 -> 0.07907191
... A132: ML_Geer.mtx | B132: 63 | D132: 1731528 | E132: 0.116119 | G132: 0.028591871 | H132: 0.029205084 | I132: 0.029090881 | J132: 0.02893281 | K132: 0.031244278 | L132: 0.033260584 | M132: 0.03115654 | N132: 0.028610706 | O132: 0.028829813 | P132: 0.02930975 | R132: =PERCENTILE(G132:P132,0.9) -> 0.031445909 | S132: =spmv_1!R$6/R132 -> 5.3499682 | T132: =S132/64 -> 0.083593253
A135: Matrix | B135: Rank | D135: Local NNZ | E135: GFLOPS | G135: Iter_0 | H135: Iter_1 | I135: Iter_2 | J135: Iter_3 | K135: Iter_4 | L135: Iter_5 | M135: Iter_6 | N135: Iter_7 | O135: Iter_8 | P135: Iter_9 | R135: 90 percentile | S135: Speedup | T135: Efficiency
A136: msdoor.mtx | B136: 0 | D136: 317855 | E136: 0.097022 | G136: 0.014574289 | H136: 0.007181644 | I136: 0.007292271 | J136: 0.005563021 | K136: 0.005303383 | L136: 0.005256414 | M136: 0.005226851 | N136: 0.005153894 | O136: 0.004775286 | P136: 0.005195379 | R136: =PERCENTILE(G136:P136,0.9) -> 0.0080204728 | S136: =spmv_1!R$10/R136 -> 4.3677879 | T136: =S136/64 -> 0.068246686
A137: msdoor.mtx | B137: 1 | D137: 317884 | E137: 0.092747 | G137: 0.017727137 | H137: 0.007137775 | I137: 0.007320881 | J137: 0.0055511 | K137: 0.005260706 | L137: 0.005197287 | M137: 0.005176544 | N137: 0.005132675 | O137: 0.004743338 | P137: 0.005301237 | R137: =PERCENTILE(G137:P137,0.9) -> 0.0083615066 | S137: =spmv_1!R$10/R137 -> 4.1896426 | T137: =S137/64 -> 0.065463166
A138: msdoor.mtx | B138: 2 | D138: 317409 | E138: 0.070482 | G138: 0.019962072 | H138: 0.010745287 | I138: 0.008716106 | J138: 0.007532835 | K138: 0.007423401 | L138: 0.007223845 | M138: 0.007169008 | N138: 0.007194519 | O138: 0.006844044 | P138: 0.007256508 | R138: =PERCENTILE(G138:P138,0.9) -> 0.011666965 | S138: =spmv_1!R$10/R138 -> 3.0026423 | T138: =S138/64 -> 0.046916286
A139: msdoor.mtx | B139: 3 | D139: 317812 | E139: 0.069929 | G139: 0.02036953 | H139: 0.011250257 | I139: 0.008724689 | J139: 0.007543802 | K139: 0.007449627 | L139: 0.007227659 | M139: 0.007117271 | N139: 0.007144451 | O139: 0.006830692 | P139: 0.007237196 | R139: =PERCENTILE(G139:P139,0.9) -> 0.012162184 | S139: =spmv_1!R$10/R139 -> 2.880381 | T139: =S139/64 -> 0.045005953
A140: msdoor.mtx | B140: 4 | D140: 315134 | E140: 0.071422 | G140: 0.020308018 | H140: 0.009619236 | I140: 0.008707047 | J140: 0.007493734 | K140: 0.007254362 | L140: 0.006971598 | M140: 0.007038116 | N140: 0.006920576 | O140: 0.006805897 | P140: 0.007127523 | R140: =PERCENTILE(G140:P140,0.9) -> 0.010688114 | S140: =spmv_1!R$10/R140 -> 3.2776338 | T140: =S140/64 -> 0.051213028
A141: msdoor.mtx | B141: 5 | D141: 314865 | E141: 0.063571 | G141: 0.0214715 | H141: 0.010432959 | I141: 0.009225845 | J141: 0.008163691 | K141: 0.008289576 | L141: 0.008505106 | M141: 0.008431196 | N141: 0.008223057 | O141: 0.008054972 | P141: 0.008261919 | R141: =PERCENTILE(G141:P141,0.9) -> 0.011536813 | S141: =spmv_1!R$10/R141 -> 3.0365166 | T141: =S141/64 -> 0.047445572
A142: msdoor.mtx | B142: 6 | D142: 314542 | E142: 0.06989 | G142: 0.020273209 | H142: 0.009649277 | I142: 0.008692741 | J142: 0.007485628 | K142: 0.007524967 | L142: 0.007304907 | M142: 0.007277012 | N142: 0.007244825 | O142: 0.007198811 | P142: 0.007359028 | R142: =PERCENTILE(G142:P142,0.9) -> 0.01071167 | S142: =spmv_1!R$10/R142 -> 3.270426 | T142: =S142/64 -> 0.051100406
A143: msdoor.mtx | B143: 7 | D143: 314910 | E143: 0.069822 | G143: 0.020312548 | H143: 0.00970602 | I143: 0.008730173 | J143: 0.007511854 | K143: 0.007535934 | L143: 0.00729394 | M143: 0.007283688 | N143: 0.007261276 | O143: 0.007204294 | P143: 0.007364035 | R143: =PERCENTILE(G143:P143,0.9) -> 0.010766673 | S143: =spmv_1!R$10/R143 -> 3.2537187 | T143: =S143/64 -> 0.050839354
A144: msdoor.mtx | B144: 8 | D144: 316949 | E144: 0.070493 | G144: 0.020325661 | H144: 0.009661436 | I144: 0.008716583 | J144: 0.007455587 | K144: 0.007508993 | L144: 0.007253885 | M144: 0.007261276 | N144: 0.007230043 | O144: 0.007179737 | P144: 0.007330179 | R144: =PERCENTILE(G144:P144,0.9) -> 0.010727858 | S144: =spmv_1!R$10/R144 -> 3.2654909 | T144: =S144/64 -> 0.051023295
A145: msdoor.mtx | B145: 9 | D145: 317303 | E145: 0.070624 | G145: 0.020281792 | H145: 0.009647608 | I145: 0.008723736 | J145: 0.007456303 | K145: 0.007471323 | L145: 0.007260323 | M145: 0.007238626 | N145: 0.007230043 | O145: 0.007195711 | P145: 0.007350922 | R145: =PERCENTILE(G145:P145,0.9) -> 0.010711026 | S145: =spmv_1!R$10/R145 -> 3.2706225 | T145: =S145/64 -> 0.051103477
A146: msdoor.mtx | B146: 10 | D146: 316274 | E146: 0.070844 | G146: 0.020394802 | H146: 0.00951767 | I146: 0.008690119 | J146: 0.007332802 | K146: 0.00743103 | L146: 0.007145643 | M146: 0.007210016 | N146: 0.007130623 | O146: 0.007162333 | P146: 0.007272005 | R146: =PERCENTILE(G146:P146,0.9) -> 0.010605383 | S146: =spmv_1!R$10/R146 -> 3.3032021 | T146: =S146/64 -> 0.051612533
A147: msdoor.mtx | B147: 11 | D147: 316678 | E147: 0.063802 | G147: 0.021586657 | H147: 0.010504246 | I147: 0.009254932 | J147: 0.008238077 | K147: 0.008278131 | L147: 0.008464098 | M147: 0.008405685 | N147: 0.008203506 | O147: 0.008075714 | P147: 0.008257389 | R147: =PERCENTILE(G147:P147,0.9) -> 0.011612487 | S147: =spmv_1!R$10/R147 -> 3.0167288 | T147: =S147/64 -> 0.047136388
... A199: msdoor.mtx | B199: 63 | D199: 315851 | E199: 0.088271 | G199: 0.015011549 | H199: 0.007920742 | I199: 0.007499695 | J199: 0.006308079 | K199: 0.0059793 | L199: 0.00593853 | M199: 0.005918503 | N199: 0.005824327 | O199: 0.005337238 | P199: 0.005826235 | R199: =PERCENTILE(G199:P199,0.9) -> 0.0086298227 | S199: =spmv_1!R$10/R199 -> 4.0593794 | T199: =S199/64 -> 0.063427803
A202: Matrix | B202: Rank | D202: Local NNZ | E202: GFLOPS | G202: Iter_0 | H202: Iter_1 | I202: Iter_2 | J202: Iter_3 | K202: Iter_4 | L202: Iter_5 | M202: Iter_6 | N202: Iter_7 | O202: Iter_8 | P202: Iter_9 | R202: 90 percentile | S202: Speedup | T202: Efficiency
A203: nlpkkt240.mtx | B203: 0 | D203: 12099164 | E203: 0.038031 | G203: 0.64888501 | H203: 0.63315535 | I203: 0.6381824 | J203: 0.63269734 | K203: 0.63301849 | L203: 0.63778543 | M203: 0.63071942 | N203: 0.63830686 | O203: 0.63485289 | P203: 0.63515973 | R203: =PERCENTILE(G203:P203,0.9) -> 0.63936467 | S203: =spmv_1!R$14/R203 -> 1.7275652 | T203: =S203/64 -> 0.026993206
A204: nlpkkt240.mtx | B204: 1 | D204: 12103470 | E204: 0.03804 | G204: 0.64898109 | H204: 0.63324499 | I204: 0.63873935 | J204: 0.63286924 | K204: 0.63353825 | L204: 0.63839722 | M204: 0.63098288 | N204: 0.63724589 | O204: 0.63452244 | P204: 0.6350317 | R204: =PERCENTILE(G204:P204,0.9) -> 0.63976352 | S204: =spmv_1!R$14/R204 -> 1.7264882 | T204: =S204/64 -> 0.026976378
A205: nlpkkt240.mtx | B205: 2 | D205: 12105624 | E205: 0.037762 | G205: 0.65446067 | H205: 0.63777351 | I205: 0.64410376 | J205: 0.6372385 | K205: 0.63962722 | L205: 0.6425488 | M205: 0.63527179 | N205: 0.64192843 | O205: 0.63905907 | P205: 0.63951921 | R205: =PERCENTILE(G205:P205,0.9) -> 0.64513946 | S205: =spmv_1!R$14/R205 -> 1.7121014 | T205: =S205/64 -> 0.026751584
A206: nlpkkt240.mtx | B206: 3 | D206: 12105624 | E206: 0.04284 | G206: 0.56724215 | H206: 0.55998206 | I206: 0.56932211 | J206: 0.56150889 | K206: 0.56670451 | L206: 0.56776691 | M206: 0.5574398 | N206: 0.57496524 | O206: 0.56219792 | P206: 0.56438541 | R206: =PERCENTILE(G206:P206,0.9) -> 0.56988642 | S206: =spmv_1!R$14/R206 -> 1.938183 | T206: =S206/64 -> 0.030284109
A207: nlpkkt240.mtx | B207: 4 | D207: 12103470 | E207: 0.042268 | G207: 0.57518268 | H207: 0.56729531 | I207: 0.57791114 | J207: 0.56825352 | K207: 0.57352018 | L207: 0.57507586 | M207: 0.57033205 | N207: 0.58038974 | O207: 0.57039523 | P207: 0.56868911 | R207: =PERCENTILE(G207:P207,0.9) -> 0.578159 | S207: =spmv_1!R$14/R207 -> 1.9104505 | T207: =S207/64 -> 0.029850789
A208: nlpkkt240.mtx | B208: 5 | D208: 12101316 | E208: 0.041957 | G208: 0.58212686 | H208: 0.57190275 | I208: 0.58098888 | J208: 0.57265902 | K208: 0.57547832 | L208: 0.57841301 | M208: 0.57654762 | N208: 0.58211541 | O208: 0.57433605 | P208: 0.57381535 | R208: =PERCENTILE(G208:P208,0.9) -> 0.58211656 | S208: =spmv_1!R$14/R208 -> 1.8974622 | T208: =S208/64 -> 0.029647847
A209: nlpkkt240.mtx | B209: 6 | D209: 12099162 | E209: 0.037201 | G209: 0.66382742 | H209: 0.64695549 | I209: 0.65268063 | J209: 0.64666891 | K209: 0.64920545 | L209: 0.65098882 | M209: 0.6474545 | N209: 0.65075803 | O209: 0.64826727 | P209: 0.64800572 | R209: =PERCENTILE(G209:P209,0.9) -> 0.65379531 | S209: =spmv_1!R$14/R209 -> 1.6894342 | T209: =S209/64 -> 0.026397409
A210: nlpkkt240.mtx | B210: 7 | D210: 12099162 | E210: 0.041618 | G210: 0.58511972 | H210: 0.57619643 | I210: 0.58639383 | J210: 0.57796979 | K210: 0.58078575 | L210: 0.58323646 | M210: 0.58124757 | N210: 0.58559704 | O210: 0.57999158 | P210: 0.5778482 | R210: =PERCENTILE(G210:P210,0.9) -> 0.58567672 | S210: =spmv_1!R$14/R210 -> 1.8859281 | T210: =S210/64 -> 0.029467626
A211: nlpkkt240.mtx | B211: 8 | D211: 12101316 | E211: 0.044134 | G211: 0.55852699 | H211: 0.540833 | I211: 0.54517055 | J211: 0.54465056 | K211: 0.54270363 | L211: 0.5388279 | M211: 0.54247284 | N211: 0.56851029 | O211: 0.54543781 | P211: 0.55678582 | R211: =PERCENTILE(G211:P211,0.9) -> 0.55952532 | S211: =spmv_1!R$14/R211 -> 1.9740736 | T211: =S211/64 -> 0.0308449
A212: nlpkkt240.mtx | B212: 9 | D212: 12103470 | E212: 0.043898 | G212: 0.56590009 | H212: 0.54500103 | I212: 0.54249096 | J212: 0.54993963 | K212: 0.54669762 | L212: 0.53759575 | M212: 0.54607701 | N212: 0.56992865 | O212: 0.54921198 | P212: 0.56151605 | R212: =PERCENTILE(G212:P212,0.9) -> 0.56630294 | S212: =spmv_1!R$14/R212 -> 1.9504475 | T212: =S212/64 -> 0.030475742
A213: nlpkkt240.mtx | B213: 10 | D213: 12105624 | E213: 0.037038 | G213: 0.66877866 | H213: 0.65086579 | I213: 0.65110636 | J213: 0.65192461 | K213: 0.65302825 | L213: 0.65001178 | M213: 0.65257263 | N213: 0.65378475 | O213: 0.65234828 | P213: 0.65239167 | R213: =PERCENTILE(G213:P213,0.9) -> 0.65528414 | S213: =spmv_1!R$14/R213 -> 1.6855957 | T213: =S213/64 -> 0.026337434
A214: nlpkkt240.mtx | B214: 11 | D214: 12105624 | E214: 0.037005 | G214: 0.66901898 | H214: 0.65159822 | I214: 0.65161276 | J214: 0.6525321 | K214: 0.65367293 | L214: 0.6502409 | M214: 0.65318179 | N214: 0.65449858 | O214: 0.65311456 | P214: 0.65321088 | R214: =PERCENTILE(G214:P214,0.9) -> 0.65595062 | S214: =spmv_1!R$14/R214 -> 1.6838831 | T214: =S214/64 -> 0.026310674
... A266: nlpkkt240.mtx | B266: 63 | D266: 12099164 | E266: 0.051869 | G266: 0.47175264 | H266: 0.46231651 | I266: 0.4699564 | J266: 0.46307635 | K266: 0.46414685 | L266: 0.46824431 | M266: 0.45996952 | N266: 0.47179055 | O266: 0.4688611 | P266: 0.46519327 | R266: =PERCENTILE(G266:P266,0.9) -> 0.47175643 | S266: =spmv_1!R$14/R266 -> 2.3413441 | T266: =S266/64 -> 0.036583502
A269: Matrix | B269: Rank | D269: Local NNZ | E269: GFLOPS | G269: Iter_0 | H269: Iter_1 | I269: Iter_2 | J269: Iter_3 | K269: Iter_4 | L269: Iter_5 | M269: Iter_6 | N269: Iter_7 | O269: Iter_8 | P269: Iter_9 | R269: 90 percentile | S269: Speedup | T269: Efficiency
A270: Pflow_742.mtx | B270: 0 | D270: 582355 | E270: 0.075523 | G270: 0.016428947 | H270: 0.015826941 | I270: 0.014880657 | J270: 0.014874458 | K270: 0.015329123 | L270: 0.015007019 | M270: 0.015315771 | N270: 0.015407562 | O270: 0.01571846 | P270: 0.01543045 | R270: =PERCENTILE(G270:P270,0.9) -> 0.015887142 | S270: =spmv_1!R$18/R270 -> 4.8805966 | T270: =S270/64 -> 0.076259321
A271: Pflow_742.mtx | B271: 1 | D271: 575611 | E271: 0.072426 | G271: 0.016723871 | H271: 0.016050816 | I271: 0.015735626 | J271: 0.015716314 | K271: 0.015712261 | L271: 0.015765429 | M271: 0.015697002 | N271: 0.015736103 | O271: 0.016030312 | P271: 0.015784025 | R271: =PERCENTILE(G271:P271,0.9) -> 0.016118121 | S271: =spmv_1!R$18/R271 -> 4.8106554 | T271: =S271/64 -> 0.075166491
A272: Pflow_742.mtx | B272: 2 | D272: 571734 | E272: 0.070607 | G272: 0.016924381 | H272: 0.016216516 | I272: 0.016075611 | J272: 0.016139269 | K272: 0.016031742 | L272: 0.01604104 | M272: 0.015996218 | N272: 0.016038656 | O272: 0.01635313 | P272: 0.016130924 | R272: =PERCENTILE(G272:P272,0.9) -> 0.016410255 | S272: =spmv_1!R$18/R272 -> 4.7250167 | T272: =S272/64 -> 0.073828385
A273: Pflow_742.mtx | B273: 3 | D273: 594990 | E273: 0.076402 | G273: 0.016449451 | H273: 0.01546216 | I273: 0.015430212 | J273: 0.015515566 | K273: 0.015687704 | L273: 0.015343904 | M273: 0.015321016 | N273: 0.015487671 | O273: 0.015545607 | P273: 0.01550889 | R273: =PERCENTILE(G273:P273,0.9) -> 0.015763879 | S273: =spmv_1!R$18/R273 -> 4.9187595 | T273: =S273/64 -> 0.076855618
A274: Pflow_742.mtx | B274: 4 | D274: 582226 | E274: 0.070824 | G274: 0.017351866 | H274: 0.016342402 | I274: 0.016323328 | J274: 0.016384125 | K274: 0.016251564 | L274: 0.016267776 | M274: 0.016189575 | N274: 0.016340971 | O274: 0.016591311 | P274: 0.016371965 | R274: =PERCENTILE(G274:P274,0.9) -> 0.016667366 | S274: =spmv_1!R$18/R274 -> 4.6521284 | T274: =S274/64 -> 0.072689506
A275: Pflow_742.mtx | B275: 5 | D275: 574954 | E275: 0.073616 | G275: 0.016642332 | H275: 0.015463829 | I275: 0.015504837 | J275: 0.0155375 | K275: 0.015706062 | L275: 0.015364647 | M275: 0.015335321 | N275: 0.015568733 | O275: 0.015546799 | P275: 0.015532732 | R275: =PERCENTILE(G275:P275,0.9) -> 0.015799689 | S275: =spmv_1!R$18/R275 -> 4.9076111 | T275: =S275/64 -> 0.076681423
A276: Pflow_742.mtx | B276: 6 | D276: 570053 | E276: 0.073017 | G276: 0.016516447 | H276: 0.015407324 | I276: 0.01553607 | J276: 0.015536308 | K276: 0.015734196 | L276: 0.015378714 | M276: 0.015347481 | N276: 0.015553474 | O276: 0.015573263 | P276: 0.01555872 | R276: =PERCENTILE(G276:P276,0.9) -> 0.015812421 | S276: =spmv_1!R$18/R276 -> 4.9036595 | T276: =S276/64 -> 0.07661968
A277: Pflow_742.mtx | B277: 7 | D277: 594070 | E277: 0.071985 | G277: 0.017469406 | H277: 0.016323328 | I277: 0.016475201 | J277: 0.016400814 | K277: 0.016345263 | L277: 0.016314507 | M277: 0.016248226 | N277: 0.016425848 | O277: 0.016632318 | P277: 0.016418934 | R277: =PERCENTILE(G277:P277,0.9) -> 0.016716027 | S277: =spmv_1!R$18/R277 -> 4.6385861 | T277: =S277/64 -> 0.072477907
A278: Pflow_742.mtx | B278: 8 | D278: 581177 | E278: 0.0704 | G278: 0.017506599 | H278: 0.016325951 | I278: 0.016494989 | J278: 0.016397238 | K278: 0.016358852 | L278: 0.016314268 | M278: 0.016234636 | N278: 0.016418457 | O278: 0.016631365 | P278: 0.01642561 | R278: =PERCENTILE(G278:P278,0.9) -> 0.016718888 | S278: =spmv_1!R$18/R278 -> 4.6377921 | T278: =S278/64 -> 0.072465502
A279: Pflow_742.mtx | B279: 9 | D279: 574153 | E279: 0.069518 | G279: 0.017580748 | H279: 0.016365051 | I279: 0.016491413 | J279: 0.016408205 | K279: 0.016343594 | L279: 0.016308546 | M279: 0.016239405 | N279: 0.016421318 | O279: 0.016601562 | P279: 0.01642108 | R279: =PERCENTILE(G279:P279,0.9) -> 0.016699481 | S279: =spmv_1!R$18/R279 -> 4.6431821 | T279: =S279/64 -> 0.07254972
A280: Pflow_742.mtx | B280: 10 | D280: 570535 | E280: 0.069284 | G280: 0.017452478 | H280: 0.016134977 | I280: 0.016470909 | J280: 0.016386747 | K280: 0.016325474 | L280: 0.016310692 | M280: 0.016216993 | N280: 0.016414642 | O280: 0.016593933 | P280: 0.016387701 | R280: =PERCENTILE(G280:P280,0.9) -> 0.016679788 | S280: =spmv_1!R$18/R280 -> 4.6486641 | T280: =S280/64 -> 0.072635376
A281: Pflow_742.mtx | B281: 11 | D281: 594554 | E281: 0.07208 | G281: 0.017439604 | H281: 0.01627636 | I281: 0.016486883 | J281: 0.01640439 | K281: 0.016356468 | L281: 0.016299009 | M281: 0.016241789 | N281: 0.016419172 | O281: 0.016624689 | P281: 0.016422749 | R281: =PERCENTILE(G281:P281,0.9) -> 0.016706181 | S281: =spmv_1!R$18/R281 -> 4.6413199 | T281: =S281/64 -> 0.072520624
... A333: Pflow_742.mtx | B333: 63 | D333: 595349 | E333: 0.188767 | G333: 0.007790327 | H333: 0.00621295 | I333: 0.005772114 | J333: 0.00612855 | K333: 0.006317616 | L333: 0.005950928 | M333: 0.00613904 | N333: 0.006279707 | O333: 0.006210566 | P333: 0.006275892 | R333: =PERCENTILE(G333:P333,0.9) -> 0.0064648871 | S333: =spmv_1!R$18/R333 -> 11.993826 | T333: =S333/64 -> 0.18740353

Sheet spmv_8x8
A1: Matrix | B1: Rank | D1: Local NNZ | E1: GFLOPS | G1: Iter_0 | H1: Iter_1 | I1: Iter_2 | J1: Iter_3 | K1: Iter_4 | L1: Iter_5 | M1: Iter_6 | N1: Iter_7 | O1: Iter_8 | P1: Iter_9 | R1: 90 percentile | S1: Speedup | T1: Efficiency
A2: bmwcra_1.mtx | B2: 0 | D2: 168709 | E2: 0.118393 | G2: 0.00480938 | H2: 0.004929543 | I2: 0.004833937 | J2: 0.002339125 | K2: 0.001988411 | L2: 0.002251148 | M2: 0.001795769 | N2: 0.001867771 | O2: 0.001897812 | P2: 0.001786947 | R2: =PERCENTILE(G2:P2,0.9) -> 0.0048434976 | S2: =spmv_1!R$2/R2 -> 3.5972452 | T2: =S2/64 -> 0.056206956
A3: bmwcra_1.mtx | B3: 1 | D3: 168720 | E3: 0.122237 | G3: 0.004819393 | H3: 0.004808187 | I3: 0.004734039 | J3: 0.002230644 | K3: 0.001874924 | L3: 0.002146006 | M3: 0.001713514 | N3: 0.001791239 | O3: 0.001804113 | P3: 0.001683235 | R3: =PERCENTILE(G3:P3,0.9) -> 0.0048093076 | S3: =spmv_1!R$2/R3 -> 3.6228185 | T3: =S3/64 -> 0.056606539
A4: bmwcra_1.mtx | B4: 2 | D4: 167161 | E4: 0.122229 | G4: 0.004626989 | H4: 0.004791975 | I4: 0.004706383 | J4: 0.002214909 | K4: 0.001859903 | L4: 0.002145529 | M4: 0.001714706 | N4: 0.001793146 | O4: 0.001811504 | P4: 0.00168705 | R4: =PERCENTILE(G4:P4,0.9) -> 0.0047149422 | S4: =spmv_1!R$2/R4 -> 3.695326 | T4: =S4/64 -> 0.057739468
A5: bmwcra_1.mtx | B5: 3 | D5: 166269 | E5: 0.123275 | G5: 0.004534245 | H5: 0.004653931 | I5: 0.004652023 | J5: 0.00220418 | K5: 0.001843214 | L5: 0.002132177 | M5: 0.001701355 | N5: 0.001770735 | O5: 0.001805544 | P5: 0.00167799 | R5: =PERCENTILE(G5:P5,0.9) -> 0.0046522138 | S5: =spmv_1!R$2/R5 -> 3.7451521 | T5: =S5/64 -> 0.058518002
A6: bmwcra_1.mtx | B6: 4 | D6: 165666 | E6: 0.123999 | G6: 0.004520893 | H6: 0.004616499 | I6: 0.00458169 | J6: 0.002186775 | K6: 0.001834393 | L6: 0.002117395 | M6: 0.001670361 | N6: 0.001749992 | O6: 0.001786947 | P6: 0.001655579 | R6: =PERCENTILE(G6:P6,0.9) -> 0.0045851709 | S6: =spmv_1!R$2/R6 -> 3.7999125 | T6: =S6/64 -> 0.059373633
A7: bmwcra_1.mtx | B7: 5 | D7: 166190 | E7: 0.124883 | G7: 0.004500628 | H7: 0.004603863 | I7: 0.004565954 | J7: 0.002178907 | K7: 0.001820326 | L7: 0.002116919 | M7: 0.001670599 | N7: 0.001738071 | O7: 0.001778126 | P7: 0.001641989 | R7: =PERCENTILE(G7:P7,0.9) -> 0.0045697449 | S7: =spmv_1!R$2/R7 -> 3.8127398 | T7: =S7/64 -> 0.05957406
A8: bmwcra_1.mtx | B8: 6 | D8: 165630 | E8: 0.127044 | G8: 0.004352331 | H8: 0.004451036 | I8: 0.004479408 | J8: 0.002161741 | K8: 0.001815081 | L8: 0.002080679 | M8: 0.001651764 | N8: 0.001714468 | O8: 0.001753569 | P8: 0.001614332 | R8: =PERCENTILE(G8:P8,0.9) -> 0.0044538732 | S8: =spmv_1!R$2/R8 -> 3.9119318 | T8: =S8/64 -> 0.061123935
A9: bmwcra_1.mtx | B9: 7 | D9: 165732 | E9: 0.129034 | G9: 0.004232168 | H9: 0.004304409 | I9: 0.004462481 | J9: 0.002164841 | K9: 0.00179863 | L9: 0.00206542 | M9: 0.001632214 | N9: 0.001697302 | O9: 0.00173378 | P9: 0.001596928 | R9: =PERCENTILE(G9:P9,0.9) -> 0.0043202162 | S9: =spmv_1!R$2/R9 -> 4.0329575 | T9: =S9/64 -> 0.063014961
A10: bmwcra_1.mtx | B10: 8 | D10: 165536 | E10: 0.129812 | G10: 0.00425458 | H10: 0.004193544 | I10: 0.00441432 | J10: 0.002141476 | K10: 0.001791239 | L10: 0.00206995 | M10: 0.001633167 | N10: 0.001683474 | O10: 0.001728773 | P10: 0.001593351 | R10: =PERCENTILE(G10:P10,0.9) -> 0.004270554 | S10: =spmv_1!R$2/R10 -> 4.0798567 | T10: =S10/64 -> 0.063747761
A11: bmwcra_1.mtx | B11: 9 | D11: 165735 | E11: 0.131637 | G11: 0.004045248 | H11: 0.004179239 | I11: 0.004397631 | J11: 0.002140522 | K11: 0.001788378 | L11: 0.002048731 | M11: 0.001623631 | N11: 0.001670837 | O11: 0.001710892 | P11: 0.00157547 | R11: =PERCENTILE(G11:P11,0.9) -> 0.0042010782 | S11: =spmv_1!R$2/R11 -> 4.1473278 | T11: =S11/64 -> 0.064801997
A12: bmwcra_1.mtx | B12: 10 | D12: 165583 | E12: 0.132133 | G12: 0.004119873 | H12: 0.004143238 | I12: 0.004368305 | J12: 0.002119541 | K12: 0.001776218 | L12: 0.002041101 | M12: 0.001600266 | N12: 0.001655579 | O12: 0.001682043 | P12: 0.001556873 | R12: =PERCENTILE(G12:P12,0.9) -> 0.0041657447 | S12: =spmv_1!R$2/R12 -> 4.1825051 | T12: =S12/64 -> 0.065351642
A13: bmwcra_1.mtx | B13: 11 | D13: 166049 | E13: 0.135643 | G13: 0.003804684 | H13: 0.004117012 | I13: 0.00432086 | J13: 0.002111673 | K13: 0.001740694 | L13: 0.0020051 | M13: 0.001564264 | N13: 0.001635313 | O13: 0.001649857 | P13: 0.001533747 | R13: =PERCENTILE(G13:P13,0.9) -> 0.0041373968 | S13: =spmv_1!R$2/R13 -> 4.2111621 | T13: =S13/64 -> 0.065799407
... A65: bmwcra_1.mtx | B65: 63 | D65: 167249 | E65: 0.123662 | G65: 0.004962683 | H65: 0.005043507 | I65: 0.004914522 | J65: 0.002117872 | K65: 0.001809597 | L65: 0.001517534 | M65: 0.00164175 | N65: 0.001717329 | O65: 0.001694918 | P65: 0.001629591 | R65: =PERCENTILE(G65:P65,0.9) -> 0.0049707654 | S65: =spmv_1!R$2/R65 -> 3.505144 | T65: =S65/64 -> 0.054767875
A68: Matrix | B68: Rank | D68: Local NNZ | E68: GFLOPS | G68: Iter_0 | H68: Iter_1 | I68: Iter_2 | J68: Iter_3 | K68: Iter_4 | L68: Iter_5 | M68: Iter_6 | N68: Iter_7 | O68: Iter_8 | P68: Iter_9 | R68: 90 percentile | S68: Speedup | T68: Efficiency
A69: ML_Geer.mtx | B69: 0 | D69: 1732658 | E69: 0.141036 | G69: 0.025119543 | H69: 0.024617434 | I69: 0.024300814 | J69: 0.025197029 | K69: 0.024062157 | L69: 0.024871349 | M69: 0.024513721 | N69: 0.024371862 | O69: 0.024105787 | P69: 0.024545431 | R69: =PERCENTILE(G69:P69,0.9) -> 0.025127292 | S69: =spmv_1!R$6/R69 -> 6.6952942 | T69: =S69/64 -> 0.10461397
A70: ML_Geer.mtx | B70: 1 | D70: 1732676 | E70: 0.141912 | G70: 0.024992704 | H70: 0.024395227 | I70: 0.02420187 | J70: 0.024955988 | K70: 0.024016619 | L70: 0.024699926 | M70: 0.024389029 | N70: 0.024151564 | O70: 0.024024248 | P70: 0.024362564 | R70: =PERCENTILE(G70:P70,0.9) -> 0.02495966 | S70: =spmv_1!R$6/R70 -> 6.7402606 | T70: =S70/64 -> 0.10531657
A71: ML_Geer.mtx | B71: 2 | D71: 1732256 | E71: 0.141798 | G71: 0.025058031 | H71: 0.024392605 | I71: 0.024171829 | J71: 0.024938345 | K71: 0.024012566 | L71: 0.024749041 | M71: 0.024406672 | N71: 0.024180889 | O71: 0.024049759 | P71: 0.024368048 | R71: =PERCENTILE(G71:P71,0.9) -> 0.024950314 | S71: =spmv_1!R$6/R71 -> 6.7427854 | T71: =S71/64 -> 0.10535602
A72: ML_Geer.mtx | B72: 3 | D72: 1732270 | E72: 0.142325 | G72: 0.025071144 | H72: 0.024425745 | I72: 0.023699522 | J72: 0.024987936 | K72: 0.023846388 | L72: 0.024581909 | M72: 0.024379015 | N72: 0.024145842 | O72: 0.023893356 | P72: 0.024394035 | R72: =PERCENTILE(G72:P72,0.9) -> 0.024996257 | S72: =spmv_1!R$6/R72 -> 6.7303922 | T72: =S72/64 -> 0.10516238
A73: ML_Geer.mtx | B73: 4 | D73: 1731826 | E73: 0.144171 | G73: 0.024641275 | H73: 0.024158716 | I73: 0.023179293 | J73: 0.024785519 | K73: 0.023583174 | L73: 0.024349451 | M73: 0.024044514 | N73: 0.023766279 | O73: 0.023624897 | P73: 0.024112463 | R73: =PERCENTILE(G73:P73,0.9) -> 0.024655699 | S73: =spmv_1!R$6/R73 -> 6.8233558 | T73: =S73/64 -> 0.10661494
A74: ML_Geer.mtx | B74: 5 | D74: 1731808 | E74: 0.14546 | G74: 0.024469852 | H74: 0.023926258 | I74: 0.023012638 | J74: 0.024291277 | K74: 0.023362398 | L74: 0.024172068 | M74: 0.023883581 | N74: 0.023591518 | O74: 0.023454905 | P74: 0.023949385 | R74: =PERCENTILE(G74:P74,0.9) -> 0.024309134 | S74: =spmv_1!R$6/R74 -> 6.9206335 | T74: =S74/64 -> 0.1081349
A75: ML_Geer.mtx | B75: 6 | D75: 1732108 | E75: 0.147574 | G75: 0.024107695 | H75: 0.02365303 | I75: 0.022736311 | J75: 0.024002552 | K75: 0.023044109 | L75: 0.023809433 | M75: 0.0235672 | N75: 0.023311377 | O75: 0.023132801 | P75: 0.023379326 | R75: =PERCENTILE(G75:P75,0.9) -> 0.024013066 | S75: =spmv_1!R$6/R75 -> 7.0059612 | T75: =S75/64 -> 0.10946814
A76: ML_Geer.mtx | B76: 7 | D76: 1732120 | E76: 0.148529 | G76: 0.024135351 | H76: 0.023400545 | I76: 0.022681236 | J76: 0.023762941 | K76: 0.022946835 | L76: 0.023668289 | M76: 0.023332596 | N76: 0.023073912 | O76: 0.023048878 | P76: 0.023185968 | R76: =PERCENTILE(G76:P76,0.9) -> 0.023800182 | S76: =spmv_1!R$6/R76 -> 7.0686271 | T76: =S76/64 -> 0.1104473
A77: ML_Geer.mtx | B77: 8 | D77: 1732828 | E77: 0.151296 | G77: 0.023427963 | H77: 0.023144007 | I77: 0.022202015 | J77: 0.023498297 | K77: 0.022481441 | L77: 0.023300171 | M77: 0.022889137 | N77: 0.022687674 | O77: 0.022639275 | P77: 0.022794962 | R77: =PERCENTILE(G77:P77,0.9) -> 0.023434996 | S77: =spmv_1!R$6/R77 -> 7.1787769 | T77: =S77/64 -> 0.11216839
A78: ML_Geer.mtx | B78: 9 | D78: 1732838 | E78: 0.151451 | G78: 0.023529291 | H78: 0.023034334 | I78: 0.022294998 | J78: 0.023329258 | K78: 0.022523403 | L78: 0.023254871 | M78: 0.022886276 | N78: 0.022639275 | O78: 0.022654295 | P78: 0.022685051 | R78: =PERCENTILE(G78:P78,0.9) -> 0.023349261 | S78: =spmv_1!R$6/R78 -> 7.2051363 | T78: =S78/64 -> 0.11258025
A79: ML_Geer.mtx | B79: 10 | D79: 1732720 | E79: 0.155427 | G79: 0.022807121 | H79: 0.022581339 | I79: 0.021627188 | J79: 0.022763252 | K79: 0.021838188 | L79: 0.022667646 | M79: 0.022239447 | N79: 0.022184849 | O79: 0.022031546 | P79: 0.022222281 | R79: =PERCENTILE(G79:P79,0.9) -> 0.022767639 | S79: =spmv_1!R$6/R79 -> 7.3891988 | T79: =S79/64 -> 0.11545623
A80: ML_Geer.mtx | B80: 11 | D80: 1732692 | E80: 0.155183 | G80: 0.022895098 | H80: 0.022251844 | I80: 0.021656752 | J80: 0.022907019 | K80: 0.021985292 | L80: 0.0227561 | M80: 0.022351503 | N80: 0.022188425 | O80: 0.022104979 | P80: 0.022212982 | R80: =PERCENTILE(G80:P80,0.9) -> 0.02289629 | S80: =spmv_1!R$6/R80 -> 7.3476799 | T80: =S80/64 -> 0.1148075
... A132: ML_Geer.mtx | B132: 63 | D132: 1731528 | E132: 0.13464 | G132: 0.026438236 | H132: 0.025694132 | I132: 0.025020361 | J132: 0.026223183 | K132: 0.025332451 | L132: 0.02606988 | M132: 0.025830746 | N132: 0.025487661 | O132: 0.025381804 | P132: 0.025730133 | R132: =PERCENTILE(G132:P132,0.9) -> 0.026244688 | S132: =spmv_1!R$6/R132 -> 6.4102347 | T132: =S132/64 -> 0.10015992
A135: Matrix | B135: Rank | D135: Local NNZ | E135: GFLOPS | G135: Iter_0 | H135: Iter_1 | I135: Iter_2 | J135: Iter_3 | K135: Iter_4 | L135: Iter_5 | M135: Iter_6 | N135: Iter_7 | O135: Iter_8 | P135: Iter_9 | R135: 90 percentile | S135: Speedup | T135: Efficiency
A136: msdoor.mtx | B136: 0 | D136: 317855 | E136: 0.085983 | G136: 0.012802362 | H136: 0.010732412 | I136: 0.009154558 | J136: 0.006038189 | K136: 0.006092787 | L136: 0.006164312 | M136: 0.005855322 | N136: 0.005725861 | O136: 0.005696058 | P136: 0.005672693 | R136: =PERCENTILE(G136:P136,0.9) -> 0.010939407 | S136: =spmv_1!R$10/R136 -> 3.2023422 | T136: =S136/64 -> 0.050036596
A137: msdoor.mtx | B137: 1 | D137: 317884 | E137: 0.075271 | G137: 0.015212536 | H137: 0.011455774 | I137: 0.009997845 | J137: 0.007047892 | K137: 0.006984949 | L137: 0.006950378 | M137: 0.006773233 | N137: 0.006721258 | O137: 0.006671667 | P137: 0.006648302 | R137: =PERCENTILE(G137:P137,0.9) -> 0.01183145 | S137: =spmv_1!R$10/R137 -> 2.9608986 | T137: =S137/64 -> 0.046264041
A138: msdoor.mtx | B138: 2 | D138: 317409 | E138: 0.080664 | G138: 0.016076803 | H138: 0.010893345 | I138: 0.009338856 | J138: 0.006071091 | K138: 0.006321192 | L138: 0.006443024 | M138: 0.005901575 | N138: 0.005931139 | O138: 0.005820751 | P138: 0.005901337 | R138: =PERCENTILE(G138:P138,0.9) -> 0.011411691 | S138: =spmv_1!R$10/R138 -> 3.0698102 | T138: =S138/64 -> 0.047965784
A139: msdoor.mtx | B139: 3 | D139: 317812 | E139: 0.083605 | G139: 0.015812635 | H139: 0.010663986 | I139: 0.009089708 | J139: 0.00592947 | K139: 0.00601244 | L139: 0.006105185 | M139: 0.005679131 | N139: 0.00562644 | O139: 0.005509138 | P139: 0.005598545 | R139: =PERCENTILE(G139:P139,0.9) -> 0.011178851 | S139: =spmv_1!R$10/R139 -> 3.13375 | T139: =S139/64 -> 0.048964844
A140: msdoor.mtx | B140: 4 | D140: 315134 | E140: 0.073132 | G140: 0.017482996 | H140: 0.011400223 | I140: 0.009959459 | J140: 0.006936073 | K140: 0.006966114 | L140: 0.006889343 | M140: 0.006658077 | N140: 0.006681204 | O140: 0.00658989 | P140: 0.0066185 | R140: =PERCENTILE(G140:P140,0.9) -> 0.0120085 | S140: =spmv_1!R$10/R140 -> 2.9172439 | T140: =S140/64 -> 0.045581936
A141: msdoor.mtx | B141: 5 | D141: 314865 | E141: 0.063401 | G141: 0.01886344 | H141: 0.012717485 | I141: 0.011137247 | J141: 0.008208036 | K141: 0.008244514 | L141: 0.008132696 | M141: 0.00809288 | N141: 0.008084297 | O141: 0.00788784 | P141: 0.007956028 | R141: =PERCENTILE(G141:P141,0.9) -> 0.01333208 | S141: =spmv_1!R$10/R141 -> 2.6276262 | T141: =S141/64 -> 0.04105666
A142: msdoor.mtx | B142: 6 | D142: 314542 | E142: 0.072962 | G142: 0.017655134 | H142: 0.011337757 | I142: 0.009981155 | J142: 0.006938457 | K142: 0.006921768 | L142: 0.006881714 | M142: 0.006688833 | N142: 0.00666523 | O142: 0.006575108 | P142: 0.006575823 | R142: =PERCENTILE(G142:P142,0.9) -> 0.011969495 | S142: =spmv_1!R$10/R142 -> 2.9267505 | T142: =S142/64 -> 0.045730476
A143: msdoor.mtx | B143: 7 | D143: 314910 | E143: 0.063824 | G143: 0.018736362 | H143: 0.012664557 | I143: 0.011116982 | J143: 0.008172512 | K143: 0.008127213 | L143: 0.008080006 | M143: 0.008066654 | N143: 0.008018732 | O143: 0.007811785 | P143: 0.007886171 | R143: =PERCENTILE(G143:P143,0.9) -> 0.013271738 | S143: =spmv_1!R$10/R143 -> 2.6395733 | T143: =S143/64 -> 0.041243333
A144: msdoor.mtx | B144: 8 | D144: 316949 | E144: 0.073795 | G144: 0.017774582 | H144: 0.011296272 | I144: 0.009963989 | J144: 0.006787777 | K144: 0.006882191 | L144: 0.006866217 | M144: 0.006638527 | N144: 0.006542921 | O144: 0.006593943 | P144: 0.006553888 | R144: =PERCENTILE(G144:P144,0.9) -> 0.011944103 | S144: =spmv_1!R$10/R144 -> 2.9329724 | T144: =S144/64 -> 0.045827694
A145: msdoor.mtx | B145: 9 | D145: 317303 | E145: 0.082081 | G145: 0.016778469 | H145: 0.010595322 | I145: 0.009260893 | J145: 0.005795479 | K145: 0.006061792 | L145: 0.006158829 | M145: 0.005705357 | N145: 0.00562644 | O145: 0.005674124 | P145: 0.005657673 | R145: =PERCENTILE(G145:P145,0.9) -> 0.011213637 | S145: =spmv_1!R$10/R145 -> 3.1240288 | T145: =S145/64 -> 0.04881295
A146: msdoor.mtx | B146: 10 | D146: 316274 | E146: 0.064447 | G146: 0.018962622 | H146: 0.012582541 | I146: 0.01108861 | J146: 0.008096695 | K146: 0.008037329 | L146: 0.00797534 | M146: 0.007946014 | N146: 0.007921219 | O146: 0.007745028 | P146: 0.007794142 | R146: =PERCENTILE(G146:P146,0.9) -> 0.013220549 | S146: =spmv_1!R$10/R146 -> 2.6497934 | T146: =S146/64 -> 0.041403023
A147: msdoor.mtx | B147: 11 | D147: 316678 | E147: 0.074481 | G147: 0.017893076 | H147: 0.011249065 | I147: 0.00996089 | J147: 0.006642103 | K147: 0.006690979 | L147: 0.006741047 | M147: 0.006534576 | N147: 0.006432772 | O147: 0.006432056 | P147: 0.006459713 | R147: =PERCENTILE(G147:P147,0.9) -> 0.011913466 | S147: =spmv_1!R$10/R147 -> 2.9405149 | T147: =S147/64 -> 0.045945545
... A199: msdoor.mtx | B199: 63 | D199: 315851 | E199: 0.081451 | G199: 0.013269901 | H199: 0.01099205 | I199: 0.009521246 | J199: 0.006380796 | K199: 0.006585121 | L199: 0.006495237 | M199: 0.006138802 | N199: 0.006141186 | O199: 0.006033897 | P199: 0.005997419 | R199: =PERCENTILE(G199:P199,0.9) -> 0.011219835 | S199: =spmv_1!R$10/R199 -> 3.122303 | T199: =S199/64 -> 0.048785984
A202: Matrix | B202: Rank | D202: Local NNZ | E202: GFLOPS | G202: Iter_0 | H202: Iter_1 | I202: Iter_2 | J202: Iter_3 | K202: Iter_4 | L202: Iter_5 | M202: Iter_6 | N202: Iter_7 | O202: Iter_8 | P202: Iter_9 | R202: 90 percentile | S202: Speedup | T202: Efficiency
A203: nlpkkt240.mtx | B203: 0 | D203: 12099164 | E203: 0.07588 | G203: 0.31692791 | H203: 0.31296682 | I203: 0.3195622 | J203: 0.31672216 | K203: 0.31879663 | L203: 0.31919742 | M203: 0.32103086 | N203: 0.31485963 | O203: 0.32840681 | P203: 0.32056141 | R203: =PERCENTILE(G203:P203,0.9) -> 0.32176845 | S203: =spmv_1!R$14/R203 -> 3.4327298 | T203: =S203/64 -> 0.053636404
A204: nlpkkt240.mtx | B204: 1 | D204: 12103470 | E204: 0.073512 | G204: 0.32993197 | H204: 0.32467556 | I204: 0.32699251 | J204: 0.32576656 | K204: 0.32941508 | L204: 0.33065462 | M204: 0.33050728 | N204: 0.32617664 | O204: 0.33842301 | P204: 0.33036614 | R204: =PERCENTILE(G204:P204,0.9) -> 0.33143146 | S204: =spmv_1!R$14/R204 -> 3.3326473 | T204: =S204/64 -> 0.052072614
A205: nlpkkt240.mtx | B205: 2 | D205: 12105624 | E205: 0.077346 | G205: 0.31217289 | H205: 0.30816102 | I205: 0.30941176 | J205: 0.30920672 | K205: 0.31288958 | L205: 0.3135345 | M205: 0.31336284 | N205: 0.3110466 | O205: 0.32519269 | P205: 0.31526017 | R205: =PERCENTILE(G205:P205,0.9) -> 0.31625342 | S205: =spmv_1!R$14/R205 -> 3.492592 | T205: =S205/64 -> 0.054571749
A206: nlpkkt240.mtx | B206: 3 | D206: 12105624 | E206: 0.078342 | G206: 0.30859923 | H206: 0.30425668 | I206: 0.30507779 | J206: 0.3052876 | K206: 0.30779314 | L206: 0.30950689 | M206: 0.30961561 | N206: 0.30725264 | O206: 0.32157254 | P206: 0.31150389 | R206: =PERCENTILE(G206:P206,0.9) -> 0.31251075 | S206: =spmv_1!R$14/R206 -> 3.5344197 | T206: =S206/64 -> 0.055225308
A207: nlpkkt240.mtx | B207: 4 | D207: 12103470 | E207: 0.074949 | G207: 0.32280278 | H207: 0.31870413 | I207: 0.32115221 | J207: 0.31931567 | K207: 0.32219529 | L207: 0.32468653 | M207: 0.32410646 | N207: 0.32026339 | O207: 0.33221555 | P207: 0.32433796 | R207: =PERCENTILE(G207:P207,0.9) -> 0.32543943 | S207: =spmv_1!R$14/R207 -> 3.3940084 | T207: =S207/64 -> 0.053031382
A208: nlpkkt240.mtx | B208: 5 | D208: 12101316 | E208: 0.075551 | G208: 0.32056665 | H208: 0.31617141 | I208: 0.31768346 | J208: 0.31633711 | K208: 0.32008696 | L208: 0.32175279 | M208: 0.32122421 | N208: 0.31820297 | O208: 0.33016181 | P208: 0.3212955 | R208: =PERCENTILE(G208:P208,0.9) -> 0.32259369 | S208: =spmv_1!R$14/R208 -> 3.4239485 | T208: =S208/64 -> 0.053499195
A209: nlpkkt240.mtx | B209: 6 | D209: 12099162 | E209: 0.075981 | G209: 0.31894374 | H209: 0.31439233 | I209: 0.31597304 | J209: 0.3146162 | K209: 0.31850934 | L209: 0.32001495 | M209: 0.3195262 | N209: 0.31662106 | O209: 0.32756424 | P209: 0.31860638 | R209: =PERCENTILE(G209:P209,0.9) -> 0.32076988 | S209: =spmv_1!R$14/R209 -> 3.4434161 | T209: =S209/64 -> 0.053803376
A210: nlpkkt240.mtx | B210: 7 | D210: 12099162 | E210: 0.080755 | G210: 0.29872346 | H210: 0.29429603 | I210: 0.29835272 | J210: 0.29637384 | K210: 0.29895115 | L210: 0.29996419 | M210: 0.30203223 | N210: 0.29726768 | O210: 0.30926895 | P210: 0.30128932 | R210: =PERCENTILE(G210:P210,0.9) -> 0.3027559 | S210: =spmv_1!R$14/R210 -> 3.6482993 | T210: =S210/64 -> 0.057004677
A211: nlpkkt240.mtx | B211: 8 | D211: 12101316 | E211: 0.078024 | G211: 0.31200957 | H211: 0.30395961 | I211: 0.3053925 | J211: 0.30680275 | K211: 0.30823994 | L211: 0.31326127 | M211: 0.31065106 | N211: 0.30814385 | O211: 0.32220387 | P211: 0.31129241 | R211: =PERCENTILE(G211:P211,0.9) -> 0.31415553 | S211: =spmv_1!R$14/R211 -> 3.5159151 | T211: =S211/64 -> 0.054936173
A212: nlpkkt240.mtx | B212: 9 | D212: 12103470 | E212: 0.083183 | G212: 0.29340148 | H212: 0.28655148 | I212: 0.28633046 | J212: 0.28603029 | K212: 0.28832221 | L212: 0.29099011 | M212: 0.29150701 | N212: 0.2906189 | O212: 0.30414128 | P212: 0.29217792 | R212: =PERCENTILE(G212:P212,0.9) -> 0.29447546 | S212: =spmv_1!R$14/R212 -> 3.750887 | T212: =S212/64 -> 0.058607609
A213: nlpkkt240.mtx | B213: 10 | D213: 12105624 | E213: 0.079097 | G213: 0.30869293 | H213: 0.30002475 | I213: 0.30180359 | J213: 0.30168223 | K213: 0.30467033 | L213: 0.30931234 | M213: 0.30726743 | N213: 0.30453205 | O213: 0.31723976 | P213: 0.30574012 | R213: =PERCENTILE(G213:P213,0.9) -> 0.31010509 | S213: =spmv_1!R$14/R213 -> 3.5618383 | T213: =S213/64 -> 0.055653723
A214: nlpkkt240.mtx | B214: 11 | D214: 12105624 | E214: 0.080089 | G214: 0.30514145 | H214: 0.29617691 | I214: 0.30163956 | J214: 0.2967701 | K214: 0.30086827 | L214: 0.30437922 | M214: 0.30254459 | N214: 0.30028367 | O214: 0.31258082 | P214: 0.30265689 | R214: =PERCENTILE(G214:P214,0.9) -> 0.30588539 | S214: =spmv_1!R$14/R214 -> 3.610974 | T214: =S214/64 -> 0.056421468
... A266: nlpkkt240.mtx | B266: 63 | D266: 12099164 | E266: 0.074738 | G266: 0.32477427 | H266: 0.31784701 | I266: 0.32210946 | J266: 0.31960964 | K266: 0.32242179 | L266: 0.32511473 | M266: 0.32476067 | N266: 0.32013702 | O266: 0.33673525 | P266: 0.32426453 | R266: =PERCENTILE(G266:P266,0.9) -> 0.32627678 | S266: =spmv_1!R$14/R266 -> 3.3852981 | T266: =S266/64 -> 0.052895283
A269: Matrix | B269: Rank | D269: Local NNZ | E269: GFLOPS | G269: Iter_0 | H269: Iter_1 | I269: Iter_2 | J269: Iter_3 | K269: Iter_4 | L269: Iter_5 | M269: Iter_6 | N269: Iter_7 | O269: Iter_8 | P269: Iter_9 | R269: 90 percentile | S269: Speedup | T269: Efficiency
A270: Pflow_742.mtx | B270: 0 | D270: 582355 | E270: 0.115243 | G270: 0.010694504 | H270: 0.010064602 | I270: 0.009966373 | J270: 0.009999037 | K270: 0.010211468 | L270: 0.010121584 | M270: 0.010066748 | N270: 0.009955168 | O270: 0.009990454 | P270: 0.009995461 | R270: =PERCENTILE(G270:P270,0.9) -> 0.010259772 | S270: =spmv_1!R$18/R270 -> 7.5575492 | T270: =S270/64 -> 0.11808671
A271: Pflow_742.mtx | B271: 1 | D271: 575611 | E271: 0.123287 | G271: 0.009773731 | H271: 0.009278297 | I271: 0.009167194 | J271: 0.009252548 | K271: 0.009421587 | L271: 0.009319544 | M271: 0.009279728 | N271: 0.009192467 | O271: 0.009337425 | P271: 0.009354591 | R271: =PERCENTILE(G271:P271,0.9) -> 0.0094568014 | S271: =spmv_1!R$18/R271 -> 8.1992553 | T271: =S271/64 -> 0.12811336
A272: Pflow_742.mtx | B272: 2 | D272: 571734 | E272: 0.119009 | G272: 0.010154724 | H272: 0.009564877 | I272: 0.00948 | J272: 0.009533644 | K272: 0.009666443 | L272: 0.009598017 | M272: 0.009561777 | N272: 0.009440184 | O272: 0.009539127 | P272: 0.009543896 | R272: =PERCENTILE(G272:P272,0.9) -> 0.0097152711 | S272: =spmv_1!R$18/R272 -> 7.9811184 | T272: =S272/64 -> 0.12470497
A273: Pflow_742.mtx | B273: 3 | D273: 594990 | E273: 0.116298 | G273: 0.010734558 | H273: 0.0102458 | I273: 0.010058165 | J273: 0.010159254 | K273: 0.010344982 | L273: 0.010222435 | M273: 0.010192633 | N273: 0.010121822 | O273: 0.010103703 | P273: 0.010138035 | R273: =PERCENTILE(G273:P273,0.9) -> 0.01038394 | S273: =spmv_1!R$18/R273 -> 7.4671783 | T273: =S273/64 -> 0.11667466
A274: Pflow_742.mtx | B274: 4 | D274: 582226 | E274: 0.122759 | G274: 0.010120869 | H274: 0.009468555 | I274: 0.009387016 | J274: 0.009426594 | K274: 0.009525537 | L274: 0.009416103 | M274: 0.009429455 | N274: 0.009333372 | O274: 0.009374619 | P274: 0.009374857 | R274: =PERCENTILE(G274:P274,0.9) -> 0.0095850702 | S274: =spmv_1!R$18/R274 -> 8.0895317 | T274: =S274/64 -> 0.12639893
A275: Pflow_742.mtx | B275: 5 | D275: 574954 | E275: 0.11173 | G275: 0.010850906 | H275: 0.010318279 | I275: 0.010092735 | J275: 0.010216951 | K275: 0.010390043 | L275: 0.01026082 | M275: 0.010256767 | N275: 0.010170937 | O275: 0.010164261 | P275: 0.010196924 | R275: =PERCENTILE(G275:P275,0.9) -> 0.010436129 | S275: =spmv_1!R$18/R275 -> 7.429836 | T275: =S275/64 -> 0.11609119
A276: Pflow_742.mtx | B276: 6 | D276: 570053 | E276: 0.1171 | G276: 0.01014781 | H276: 0.0097785 | I276: 0.009585381 | J276: 0.009689808 | K276: 0.009830475 | L276: 0.009685755 | M276: 0.009745598 | N276: 0.009580851 | O276: 0.009625673 | P276: 0.009691954 | R276: =PERCENTILE(G276:P276,0.9) -> 0.0098622085 | S276: =spmv_1!R$18/R276 -> 7.8622074 | T276: =S276/64 -> 0.12284699
A277: Pflow_742.mtx | B277: 7 | D277: 594070 | E277: 0.114697 | G277: 0.010813236 | H277: 0.010405779 | I277: 0.010151148 | J277: 0.010305166 | K277: 0.010477066 | L277: 0.010338545 | M277: 0.010346889 | N277: 0.010263443 | O277: 0.01021409 | P277: 0.010274172 | R277: =PERCENTILE(G277:P277,0.9) -> 0.010510683 | S277: =spmv_1!R$18/R277 -> 7.3771351 | T277: =S277/64 -> 0.11526774
A278: Pflow_742.mtx | B278: 8 | D278: 581177 | E278: 0.117943 | G278: 0.010349035 | H278: 0.009891033 | I278: 0.009649515 | J278: 0.009808302 | K278: 0.009938955 | L278: 0.009787083 | M278: 0.009865284 | N278: 0.009687662 | O278: 0.009706974 | P278: 0.009868622 | R278: =PERCENTILE(G278:P278,0.9) -> 0.009979963 | S278: =spmv_1!R$18/R278 -> 7.7694405 | T278: =S278/64 -> 0.12139751
A279: Pflow_742.mtx | B279: 9 | D279: 574153 | E279: 0.11879 | G279: 0.010043383 | H279: 0.009711027 | I279: 0.009386301 | J279: 0.009681702 | K279: 0.009768724 | L279: 0.009627581 | M279: 0.009704351 | N279: 0.009506464 | O279: 0.009525537 | P279: 0.009712219 | R279: =PERCENTILE(G279:P279,0.9) -> 0.0097961899 | S279: =spmv_1!R$18/R279 -> 7.9151925 | T279: =S279/64 -> 0.12367488
A280: Pflow_742.mtx | B280: 10 | D280: 570535 | E280: 0.109759 | G280: 0.01082015 | H280: 0.010423183 | I280: 0.010160446 | J280: 0.010378838 | K280: 0.010507107 | L280: 0.010409117 | M280: 0.010405064 | N280: 0.010291815 | O280: 0.01022768 | P280: 0.010338306 | R280: =PERCENTILE(G280:P280,0.9) -> 0.010538411 | S280: =spmv_1!R$18/R280 -> 7.3577247 | T280: =S280/64 -> 0.11496445
A281: Pflow_742.mtx | B281: 11 | D281: 594554 | E281: 0.122506 | G281: 0.010126114 | H281: 0.009750843 | I281: 0.009524345 | J281: 0.009667635 | K281: 0.009788513 | L281: 0.009685755 | M281: 0.009696484 | N281: 0.009660244 | O281: 0.009504795 | P281: 0.009660721 | R281: =PERCENTILE(G281:P281,0.9) -> 0.0098222731 | S281: =spmv_1!R$18/R281 -> 7.8941736 | T281: =S281/64 -> 0.12334646
... A333: Pflow_742.mtx | B333: 63 | D333: 595349 | E333: 0.198384 | G333: 0.007069826 | H333: 0.005873919 | I333: 0.005895376 | J333: 0.005857468 | K333: 0.005756378 | L333: 0.005879164 | M333: 0.005927563 | N333: 0.005900145 | O333: 0.005913258 | P333: 0.005946636 | R333: =PERCENTILE(G333:P333,0.9) -> 0.006058955 | S333: =spmv_1!R$18/R333 -> 12.797377 | T333: =S333/64 -> 0.19995901

Sheet spmv_8x16
A1: Matrix | B1: Rank | D1: Local NNZ | E1: GFLOPS | G1: Iter_0 | H1: Iter_1 | I1: Iter_2 | J1: Iter_3 | K1: Iter_4 | L1: Iter_5 | M1: Iter_6 | N1: Iter_7 | O1: Iter_8 | P1: Iter_9 | R1: 90 percentile | S1: Speedup | T1: Efficiency
A2: bmwcra_1.mtx | B2: 0 | D2: 84788 | E2: 0.043537 | G2: 0.005342722 | H2: 0.004157782 | I2: 0.00366497 | J2: 0.003679037 | K2: 0.003547907 | L2: 0.003806114 | M2: 0.003496885 | N2: 0.00345993 | O2: 0.00361228 | P2: 0.0041821 | R2: =PERCENTILE(G2:P2,0.9) -> 0.0042981622 | S2: =spmv_1!R$2/R2 -> 4.0536507 | T2: =S2/128 -> 0.031669146
A3: bmwcra_1.mtx | B3: 1 | D3: 84471 | E3: 0.044051 | G3: 0.005228996 | H3: 0.004104614 | I3: 0.003626347 | J3: 0.003611326 | K3: 0.003503084 | L3: 0.003738165 | M3: 0.003445864 | N3: 0.003398895 | O3: 0.00356555 | P3: 0.004128456 | R3: =PERCENTILE(G3:P3,0.9) -> 0.00423851 | S3: =spmv_1!R$2/R3 -> 4.1107013 | T3: =S3/128 -> 0.032114854
A4: bmwcra_1.mtx | B4: 2 | D4: 84398 | E4: 0.041904 | G4: 0.005577803 | H4: 0.004320145 | I4: 0.003825188 | J4: 0.003796816 | K4: 0.003714085 | L4: 0.003926516 | M4: 0.003611088 | N4: 0.003578663 | O4: 0.003720284 | P4: 0.004210711 | R4: =PERCENTILE(G4:P4,0.9) -> 0.0044459108 | S4: =spmv_1!R$2/R4 -> 3.9189379 | T4: =S4/128 -> 0.030616702
A5: bmwcra_1.mtx | B5: 3 | D5: 83229 | E5: 0.041783 | G5: 0.005484581 | H5: 0.004300594 | I5: 0.003820896 | J5: 0.003791332 | K5: 0.00370717 | L5: 0.00391674 | M5: 0.00359869 | N5: 0.003568411 | O5: 0.003748417 | P5: 0.00390172 | R5: =PERCENTILE(G5:P5,0.9) -> 0.0044189927 | S5: =spmv_1!R$2/R5 -> 3.94281 | T5: =S5/128 -> 0.030803203
A6: bmwcra_1.mtx | B6: 4 | D6: 83097 | E6: 0.044323 | G6: 0.005288839 | H6: 0.00399065 | I6: 0.003560781 | J6: 0.003551245 | K6: 0.003437757 | L6: 0.00368762 | M6: 0.003396988 | N6: 0.003352642 | O6: 0.003501177 | P6: 0.00372839 | R6: =PERCENTILE(G6:P6,0.9) -> 0.0041204689 | S6: =spmv_1!R$2/R6 -> 4.2284625 | T6: =S6/128 -> 0.033034864
A7: bmwcra_1.mtx | B7: 5 | D7: 83185 | E7: 0.042033 | G7: 0.005454779 | H7: 0.004276991 | I7: 0.003794909 | J7: 0.003761292 | K7: 0.003682613 | L7: 0.003895283 | M7: 0.003580809 | N7: 0.00356102 | O7: 0.003695726 | P7: 0.003877163 | R7: =PERCENTILE(G7:P7,0.9) -> 0.0043947698 | S7: =spmv_1!R$2/R7 -> 3.9645418 | T7: =S7/128 -> 0.030972983
A8: bmwcra_1.mtx | B8: 6 | D8: 82696 | E8: 0.04198 | G8: 0.005414963 | H8: 0.004253149 | I8: 0.003776312 | J8: 0.003748894 | K8: 0.003664732 | L8: 0.003878117 | M8: 0.003568172 | N8: 0.003555059 | O8: 0.003680229 | P8: 0.003858566 | R8: =PERCENTILE(G8:P8,0.9) -> 0.0043693304 | S8: =spmv_1!R$2/R8 -> 3.9876244 | T8: =S8/128 -> 0.031153315
A9: bmwcra_1.mtx | B9: 7 | D9: 82836 | E9: 0.042231 | G9: 0.00541091 | H9: 0.004224062 | I9: 0.00376153 | J9: 0.003733635 | K9: 0.003656387 | L9: 0.003866434 | M9: 0.003539324 | N9: 0.003544569 | O9: 0.003647566 | P9: 0.003845453 | R9: =PERCENTILE(G9:P9,0.9) -> 0.0043427468 | S9: =spmv_1!R$2/R9 -> 4.0120341 | T9: =S9/128 -> 0.031344017
A10: bmwcra_1.mtx | B10: 8 | D10: 82791 | E10: 0.045259 | G10: 0.005111694 | H10: 0.003895521 | I10: 0.003489017 | J10: 0.003465176 | K10: 0.003369331 | L10: 0.003615141 | M10: 0.003315687 | N10: 0.003277302 | O10: 0.003415108 | P10: 0.003631592 | R10: =PERCENTILE(G10:P10,0.9) -> 0.0040171383 | S10: =spmv_1!R$2/R10 -> 4.3372289 | T10: =S10/128 -> 0.033884601
A11: bmwcra_1.mtx | B11: 9 | D11: 82835 | E11: 0.045364 | G11: 0.005206347 | H11: 0.003868341 | I11: 0.003471613 | J11: 0.003448725 | K11: 0.003352642 | L11: 0.003600836 | M11: 0.003299713 | N11: 0.003261089 | O11: 0.00339365 | P11: 0.003617287 | R11: =PERCENTILE(G11:P11,0.9) -> 0.0040021416 | S11: =spmv_1!R$2/R11 -> 4.3534812 | T11: =S11/128 -> 0.034011572
A12: bmwcra_1.mtx | B12: 10 | D12: 82711 | E12: 0.044594 | G12: 0.005172729 | H12: 0.003951073 | I12: 0.003567457 | J12: 0.00354743 | K12: 0.003419161 | L12: 0.00366807 | M12: 0.003373623 | N12: 0.003303051 | O12: 0.003441572 | P12: 0.003650904 | R12: =PERCENTILE(G12:P12,0.9) -> 0.0040732386 | S12: =spmv_1!R$2/R12 -> 4.2774927 | T12: =S12/128 -> 0.033417912
A13: bmwcra_1.mtx | B13: 11 | D13: 82828 | E13: 0.046123 | G13: 0.005021811 | H13: 0.003794909 | I13: 0.003436804 | J13: 0.003389835 | K13: 0.003309011 | L13: 0.003561497 | M13: 0.003264427 | N13: 0.003213644 | O13: 0.003353834 | P13: 0.00357008 | R13: =PERCENTILE(G13:P13,0.9) -> 0.0039175992 | S13: =spmv_1!R$2/R13 -> 4.44743 | T13: =S13/128 -> 0.034745547
... A129: bmwcra_1.mtx | B129: 127 | D129: 83409 | E129: 0.077354 | G129: 0.004840136 | H129: 0.004037857 | I129: 0.002187252 | J129: 0.001802206 | K129: 0.001482964 | L129: 0.001398802 | M129: 0.001594067 | N129: 0.001405001 | O129: 0.001394749 | P129: 0.001422405 | R129: =PERCENTILE(G129:P129,0.9) -> 0.0041180849 | S129: =spmv_1!R$2/R129 -> 4.2309104 | T129: =S129/128 -> 0.033053988
A132: Matrix | B132: Rank | D132: Local NNZ | E132: GFLOPS | G132: Iter_0 | H132: Iter_1 | I132: Iter_2 | J132: Iter_3 | K132: Iter_4 | L132: Iter_5 | M132: Iter_6 | N132: Iter_7 | O132: Iter_8 | P132: Iter_9 | R132: 90 percentile | S132: Speedup | T132: Efficiency
A133: ML_Geer.mtx | B133: 0 | D133: 866294 | E133: 0.07611 | G133: 0.023957729 | H133: 0.022907257 | I133: 0.023103952 | J133: 0.022654772 | K133: 0.022586346 | L133: 0.022607565 | M133: 0.022428751 | N133: 0.022380114 | O133: 0.022414684 | P133: 0.022601604 | R133: =PERCENTILE(G133:P133,0.9) -> 0.02318933 | S133: =spmv_1!R$6/R133 -> 7.2548285 | T133: =S133/128 -> 0.056678348
A134: ML_Geer.mtx | B134: 1 | D134: 866312 | E134: 0.075869 | G134: 0.023740292 | H134: 0.022670507 | I134: 0.02299118 | J134: 0.022646189 | K134: 0.022462845 | L134: 0.022734165 | M134: 0.022808075 | N134: 0.022820234 | O134: 0.022641659 | P134: 0.022856712 | R134: =PERCENTILE(G134:P134,0.9) -> 0.023066091 | S134: =spmv_1!R$6/R134 -> 7.2935899 | T134: =S134/128 -> 0.056981171
A135: ML_Geer.mtx | B135: 2 | D135: 866138 | E135: 0.08155 | G135: 0.021695375 | H135: 0.021042585 | I135: 0.021417618 | J135: 0.021322727 | K135: 0.021000147 | L135: 0.02117753 | M135: 0.02112174 | N135: 0.021139622 | O135: 0.021313667 | P135: 0.021186829 | R135: =PERCENTILE(G135:P135,0.9) -> 0.021445394 | S135: =spmv_1!R$6/R135 -> 7.84479 | T135: =S135/128 -> 0.061287422
A136: ML_Geer.mtx | B136: 3 | D136: 866152 | E136: 0.081249 | G136: 0.021721363 | H136: 0.021144867 | I136: 0.021472454 | J136: 0.021425962 | K136: 0.021092415 | L136: 0.021244049 | M136: 0.021184444 | N136: 0.021232367 | O136: 0.021397114 | P136: 0.021295309 | R136: =PERCENTILE(G136:P136,0.9) -> 0.021497345 | S136: =spmv_1!R$6/R136 -> 7.825832 | T136: =S136/128 -> 0.061139313
A137: ML_Geer.mtx | B137: 4 | D137: 865948 | E137: 0.074376 | G137: 0.024256468 | H137: 0.023186207 | I137: 0.023421049 | J137: 0.023205996 | K137: 0.023034573 | L137: 0.023185253 | M137: 0.023217201 | N137: 0.023257256 | O137: 0.023091316 | P137: 0.023002625 | R137: =PERCENTILE(G137:P137,0.9) -> 0.023504591 | S137: =spmv_1!R$6/R137 -> 7.1575213 | T137: =S137/128 -> 0.055918135
A138: ML_Geer.mtx | B138: 5 | D138: 865930 | E138: 0.080717 | G138: 0.021874189 | H138: 0.021267176 | I138: 0.021564722 | J138: 0.021593571 | K138: 0.02124548 | L138: 0.0213449 | M138: 0.021339178 | N138: 0.02137661 | O138: 0.02155304 | P138: 0.021400928 | R138: =PERCENTILE(G138:P138,0.9) -> 0.021621633 | S138: =spmv_1!R$6/R138 -> 7.7808467 | T138: =S138/128 -> 0.060787865
A139: ML_Geer.mtx | B139: 6 | D139: 866424 | E139: 0.073681 | G139: 0.024543285 | H139: 0.023382187 | I139: 0.023524046 | J139: 0.023454905 | K139: 0.023173332 | L139: 0.023309469 | M139: 0.023398876 | N139: 0.023525 | O139: 0.023292065 | P139: 0.023578405 | R139: =PERCENTILE(G139:P139,0.9) -> 0.023674893 | S139: =spmv_1!R$6/R139 -> 7.1060347 | T139: =S139/128 -> 0.055515896
A140: ML_Geer.mtx | B140: 7 | D140: 866436 | E140: 0.073577 | G140: 0.024528027 | H140: 0.023444653 | I140: 0.02359271 | J140: 0.023532867 | K140: 0.023284912 | L140: 0.023376703 | M140: 0.023470402 | N140: 0.023594379 | O140: 0.023393869 | P140: 0.023299932 | R140: =PERCENTILE(G140:P140,0.9) -> 0.023687744 | S140: =spmv_1!R$6/R140 -> 7.1021796 | T140: =S140/128 -> 0.055485778
A141: ML_Geer.mtx | B141: 8 | D141: 866362 | E141: 0.067739 | G141: 0.026306152 | H141: 0.025361776 | I141: 0.025659561 | J141: 0.025514841 | K141: 0.025286198 | L141: 0.025376797 | M141: 0.025467396 | N141: 0.025571585 | O141: 0.02563715 | P141: 0.025612116 | R141: =PERCENTILE(G141:P141,0.9) -> 0.02572422 | S141: =spmv_1!R$6/R141 -> 6.5399305 | T141: =S141/128 -> 0.051093207
A142: ML_Geer.mtx | B142: 9 | D142: 866372 | E142: 0.080297 | G142: 0.0220263 | H142: 0.021392345 | I142: 0.021679401 | J142: 0.021720409 | K142: 0.021354198 | L142: 0.021452427 | M142: 0.021458149 | N142: 0.021488428 | O142: 0.02167654 | P142: 0.021543741 | R142: =PERCENTILE(G142:P142,0.9) -> 0.021750998 | S142: =spmv_1!R$6/R142 -> 7.7345697 | T142: =S142/128 -> 0.060426326
A143: ML_Geer.mtx | B143: 10 | D143: 866434 | E143: 0.067627 | G143: 0.026405811 | H143: 0.025403023 | I143: 0.025712967 | J143: 0.025597811 | K143: 0.025319338 | L143: 0.025388241 | M143: 0.025492191 | N143: 0.025601387 | O143: 0.025674105 | P143: 0.025644302 | R143: =PERCENTILE(G143:P143,0.9) -> 0.025782251 | S143: =spmv_1!R$6/R143 -> 6.5252102 | T143: =S143/128 -> 0.050978205
A144: ML_Geer.mtx | B144: 11 | D144: 866406 | E144: 0.073382 | G144: 0.024656773 | H144: 0.023511648 | I144: 0.023646593 | J144: 0.023581743 | K144: 0.023312807 | L144: 0.023425817 | M144: 0.023533583 | N144: 0.02367568 | O144: 0.023445129 | P144: 0.023346424 | R144: =PERCENTILE(G144:P144,0.9) -> 0.023773789 | S144: =spmv_1!R$6/R144 -> 7.0764744 | T144: =S144/128 -> 0.055284956
... A260: ML_Geer.mtx | B260: 127 | D260: 865644 | E260: 0.087844 | G260: 0.02106452 | H260: 0.019155979 | I260: 0.019078732 | J260: 0.019935131 | K260: 0.019634247 | L260: 0.01952219 | M260: 0.019180298 | N260: 0.020346642 | O260: 0.019124985 | P260: 0.02004385 | R260: =PERCENTILE(G260:P260,0.9) -> 0.02041843 | S260: =spmv_1!R$6/R260 -> 8.239351 | T260: =S260/128 -> 0.06436993
E261: =PERCENTILE(E133:E260,0.9) -> 0.0864991
A263: Matrix | B263: Rank | D263: Local NNZ | E263: GFLOPS | G263: Iter_0 | H263: Iter_1 | I263: Iter_2 | J263: Iter_3 | K263: Iter_4 | L263: Iter_5 | M263: Iter_6 | N263: Iter_7 | O263: Iter_8 | P263: Iter_9 | R263: 90 percentile | S263: Speedup | T263: Efficiency
A264: msdoor.mtx | B264: 0 | D264: 158175 | E264: 0.041025 | G264: 0.010877371 | H264: 0.01262641 | I264: 0.009538889 | J264: 0.006326437 | K264: 0.006127119 | L264: 0.006198883 | M264: 0.006075144 | N264: 0.006256819 | O264: 0.006169319 | P264: 0.006915331 | R264: =PERCENTILE(G264:P264,0.9) -> 0.011052275 | S264: =spmv_1!R$10/R264 -> 3.1696392 | T264: =S264/128 -> 0.024762807
A265: msdoor.mtx | B265: 1 | D265: 158114 | E265: 0.040447 | G265: 0.012867928 | H265: 0.012397766 | I265: 0.009459257 | J265: 0.006283522 | K265: 0.006078482 | L265: 0.006118774 | M265: 0.006019592 | N265: 0.006153345 | O265: 0.006095886 | P265: 0.006708622 | R265: =PERCENTILE(G265:P265,0.9) -> 0.012444782 | S265: =spmv_1!R$10/R265 -> 2.8149729 | T265: =S265/128 -> 0.021991976
A266: msdoor.mtx | B266: 2 | D266: 158224 | E266: 0.040459 | G266: 0.013062239 | H266: 0.012320518 | I266: 0.009457111 | J266: 0.006280184 | K266: 0.006076574 | L266: 0.006118536 | M266: 0.006013155 | N266: 0.006141663 | O266: 0.006084442 | P266: 0.006659746 | R266: =PERCENTILE(G266:P266,0.9) -> 0.01239469 | S266: =spmv_1!R$10/R266 -> 2.8263493 | T266: =S266/128 -> 0.022080854
A267: msdoor.mtx | B267: 3 | D267: 158511 | E267: 0.041318 | G267: 0.013382912 | H267: 0.012231112 | I267: 0.009233952 | J267: 0.006040573 | K267: 0.005923986 | L267: 0.005866051 | M267: 0.005814552 | N267: 0.005933523 | O267: 0.005870342 | P267: 0.006430864 | R267: =PERCENTILE(G267:P267,0.9) -> 0.012346292 | S267: =spmv_1!R$10/R267 -> 2.8374288 | T267: =S267/128 -> 0.022167412
A268: msdoor.mtx | B268: 4 | D268: 157981 | E268: 0.041296 | G268: 0.013473511 | H268: 0.012113571 | I268: 0.009191751 | J268: 0.006022692 | K268: 0.005903244 | L268: 0.0058496 | M268: 0.005806684 | N268: 0.005902529 | O268: 0.005850792 | P268: 0.006396532 | R268: =PERCENTILE(G268:P268,0.9) -> 0.012249565 | S268: =spmv_1!R$10/R268 -> 2.8598341 | T268: =S268/128 -> 0.022342454
A269: msdoor.mtx | B269: 5 | D269: 157992 | E269: 0.040489 | G269: 0.013436794 | H269: 0.012119055 | I269: 0.009430408 | J269: 0.006254196 | K269: 0.006040335 | L269: 0.006074905 | M269: 0.005974531 | N269: 0.006097078 | O269: 0.006052017 | P269: 0.006563425 | R269: =PERCENTILE(G269:P269,0.9) -> 0.012250829 | S269: =spmv_1!R$10/R269 -> 2.8595391 | T269: =S269/128 -> 0.022340149
A270: msdoor.mtx | B270: 6 | D270: 157918 | E270: 0.040596 | G270: 0.01351285 | H270: 0.011996984 | I270: 0.009368896 | J270: 0.006226301 | K270: 0.006026983 | L270: 0.006061792 | M270: 0.00595808 | N270: 0.006075144 | O270: 0.006032228 | P270: 0.00654006 | R270: =PERCENTILE(G270:P270,0.9) -> 0.012148571 | S270: =spmv_1!R$10/R270 -> 2.8836087 | T270: =S270/128 -> 0.022528193
A271: msdoor.mtx | B271: 7 | D271: 158475 | E271: 0.040839 | G271: 0.013623476 | H271: 0.011904478 | I271: 0.009337664 | J271: 0.006195068 | K271: 0.006004095 | L271: 0.006044149 | M271: 0.00593996 | N271: 0.00605011 | O271: 0.006012917 | P271: 0.006497145 | R271: =PERCENTILE(G271:P271,0.9) -> 0.012076378 | S271: =spmv_1!R$10/R271 -> 2.900847 | T271: =S271/128 -> 0.022662867
A272: msdoor.mtx | B272: 8 | D272: 159252 | E272: 0.041186 | G272: 0.013710499 | H272: 0.011711121 | I272: 0.00929451 | J272: 0.006186724 | K272: 0.005983353 | L272: 0.006023884 | M272: 0.005922794 | N272: 0.006032705 | O272: 0.005992174 | P272: 0.006476164 | R272: =PERCENTILE(G272:P272,0.9) -> 0.011911059 | S272: =spmv_1!R$10/R272 -> 2.9411092 | T272: =S272/128 -> 0.022977415
A273: msdoor.mtx | B273: 9 | D273: 159097 | E273: 0.041249 | G273: 0.013765574 | H273: 0.011674881 | I273: 0.009260178 | J273: 0.006180286 | K273: 0.005966425 | L273: 0.005996466 | M273: 0.005888939 | N273: 0.006009579 | O273: 0.005987644 | P273: 0.006409883 | R273: =PERCENTILE(G273:P273,0.9) -> 0.01188395 | S273: =spmv_1!R$10/R273 -> 2.9478181 | T273: =S273/128 -> 0.023029829
A274: msdoor.mtx | B274: 10 | D274: 158326 | E274: 0.043372 | G274: 0.013378382 | H274: 0.011363506 | I274: 0.008849382 | J274: 0.005703926 | K274: 0.005482912 | L274: 0.005539179 | M274: 0.005473852 | N274: 0.005622149 | O274: 0.005540609 | P274: 0.006055117 | R274: =PERCENTILE(G274:P274,0.9) -> 0.011564994 | S274: =spmv_1!R$10/R274 -> 3.0291175 | T274: =S274/128 -> 0.02366498
A275: msdoor.mtx | B275: 11 | D275: 158250 | E275: 0.042355 | G275: 0.013723612 | H275: 0.011436462 | I275: 0.008990526 | J275: 0.005877972 | K275: 0.005784512 | L275: 0.005702496 | M275: 0.005652428 | N275: 0.005730867 | O275: 0.005711079 | P275: 0.00611496 | R275: =PERCENTILE(G275:P275,0.9) -> 0.011665177 | S275: =spmv_1!R$10/R275 -> 3.0031027 | T275: =S275/128 -> 0.02346174
... A391: msdoor.mtx | B391: 127 | D391: 157698 | E391: 0.054557 | G391: 0.009889364 | H391: 0.012474298 | I391: 0.009225368 | J391: 0.004109859 | K391: 0.003643751 | L391: 0.003564596 | M391: 0.003600597 | N391: 0.003572941 | O391: 0.003710985 | P391: 0.004018545 | R391: =PERCENTILE(G391:P391,0.9) -> 0.010147857 | S391: =spmv_1!R$10/R391 -> 3.4521301 | T391: =S391/128 -> 0.026969767
A394: Matrix | B394: Rank | D394: Local NNZ | E394: GFLOPS | G394: Iter_0 | H394: Iter_1 | I394: Iter_2 | J394: Iter_3 | K394: Iter_4 | L394: Iter_5 | M394: Iter_6 | N394: Iter_7 | O394: Iter_8 | P394: Iter_9 | R394: 90 percentile | S394: Speedup | T394: Efficiency
A395: nlpkkt240.mtx | B395: 0 | D395: 6049231 | E395: 0.032709 | G395: 0.37434888 | H395: 0.36202598 | I395: 0.37405968 | J395: 0.37564468 | K395: 0.3721025 | L395: 0.36320615 | M395: 0.36236 | N395: 0.37005758 | O395: 0.37229705 | P395: 0.37267613 | R395: =PERCENTILE(G395:P395,0.9) -> 0.37447846 | S395: =spmv_1!R$14/R395 -> 2.9495533 | T395: =S395/128 -> 0.023043385
A396: nlpkkt240.mtx | B396: 1 | D396: 6051741 | E396: 0.032811 | G396: 0.37359333 | H396: 0.36086655 | I396: 0.37311292 | J396: 0.37500691 | K396: 0.37134647 | L396: 0.3621304 | M396: 0.36080694 | N396: 0.36912703 | O396: 0.37123728 | P396: 0.37158012 | R396: =PERCENTILE(G396:P396,0.9) -> 0.37373469 | S396: =spmv_1!R$14/R396 -> 2.9554232 | T396: =S396/128 -> 0.023089244
A397: nlpkkt240.mtx | B397: 2 | D397: 6052818 | E397: 0.032919 | G397: 0.37264252 | H397: 0.35956025 | I397: 0.37187767 | J397: 0.3737607 | K397: 0.37005496 | L397: 0.36107636 | M397: 0.35937691 | N397: 0.36842203 | O397: 0.37018323 | P397: 0.37045073 | R397: =PERCENTILE(G397:P397,0.9) -> 0.37275434 | S397: =spmv_1!R$14/R397 -> 2.963196 | T397: =S397/128 -> 0.023149969
A398: nlpkkt240.mtx | B398: 3 | D398: 6052818 | E398: 0.034664 | G398: 0.35202479 | H398: 0.34179878 | I398: 0.35418701 | J398: 0.35534692 | K398: 0.35182715 | L398: 0.34219813 | M398: 0.34074664 | N398: 0.34854913 | O398: 0.35299516 | P398: 0.35258985 | R398: =PERCENTILE(G398:P398,0.9) -> 0.354303 | S398: =spmv_1!R$14/R398 -> 3.1175128 | T398: =S398/128 -> 0.024355569
A399: nlpkkt240.mtx | B399: 4 | D399: 6051741 | E399: 0.034837 | G399: 0.35038757 | H399: 0.3400147 | I399: 0.3525455 | J399: 0.35347557 | K399: 0.35012722 | L399: 0.34057093 | M399: 0.33859992 | N399: 0.3467598 | O399: 0.35116935 | P399: 0.35063791 | R399: =PERCENTILE(G399:P399,0.9) -> 0.35263851 | S399: =spmv_1!R$14/R399 -> 3.1322279 | T399: =S399/128 -> 0.02447053
A400: nlpkkt240.mtx | B400: 5 | D400: 6050664 | E400: 0.034497 | G400: 0.35458016 | H400: 0.34308839 | I400: 0.35490704 | J400: 0.35674477 | K400: 0.35296655 | L400: 0.34397387 | M400: 0.34303474 | N400: 0.35057378 | O400: 0.35400701 | P400: 0.35402894 | R400: =PERCENTILE(G400:P400,0.9) -> 0.35509081 | S400: =spmv_1!R$14/R400 -> 3.1105963 | T400: =S400/128 -> 0.024301534
A401: nlpkkt240.mtx | B401: 6 | D401: 6049587 | E401: 0.035236 | G401: 0.34736848 | H401: 0.33526373 | I401: 0.34867621 | J401: 0.34932876 | K401: 0.34599471 | L401: 0.33680558 | M401: 0.33412314 | N401: 0.34256935 | O401: 0.3469913 | P401: 0.34664035 | R401: =PERCENTILE(G401:P401,0.9) -> 0.34874146 | S401: =spmv_1!R$14/R401 -> 3.1672293 | T401: =S401/128 -> 0.024743979
A402: nlpkkt240.mtx | B402: 7 | D402: 6049587 | E402: 0.035274 | G402: 0.34723139 | H402: 0.33576679 | I402: 0.34836554 | J402: 0.34913301 | K402: 0.34457541 | L402: 0.33569384 | M402: 0.33432365 | N402: 0.34255838 | O402: 0.34590411 | P402: 0.34647131 | R402: =PERCENTILE(G402:P402,0.9) -> 0.34844229 | S402: =spmv_1!R$14/R402 -> 3.1699486 | T402: =S402/128 -> 0.024765224
A403: nlpkkt240.mtx | B403: 8 | D403: 6050664 | E403: 0.033644 | G403: 0.3660841 | H403: 0.3496902 | I403: 0.36409831 | J403: 0.36672258 | K403: 0.36134362 | L403: 0.35163784 | M403: 0.34979844 | N403: 0.3605032 | O403: 0.36333847 | P403: 0.36361361 | R403: =PERCENTILE(G403:P403,0.9) -> 0.36614795 | S403: =spmv_1!R$14/R403 -> 3.0166608 | T403: =S403/128 -> 0.023567663
A404: nlpkkt240.mtx | B404: 9 | D404: 6051741 | E404: 0.03506 | G404: 0.35021567 | H404: 0.33642149 | I404: 0.34935927 | J404: 0.35194159 | K404: 0.34680247 | L404: 0.3380475 | M404: 0.33662081 | N404: 0.34485316 | O404: 0.34910893 | P404: 0.34882951 | R404: =PERCENTILE(G404:P404,0.9) -> 0.35038826 | S404: =spmv_1!R$14/R404 -> 3.1523435 | T404: =S404/128 -> 0.024627683
A405: nlpkkt240.mtx | B405: 10 | D405: 6052818 | E405: 0.033997 | G405: 0.36371565 | H405: 0.34496832 | I405: 0.3605504 | J405: 0.36363816 | K405: 0.35722518 | L405: 0.3471241 | M405: 0.34649134 | N405: 0.35719967 | O405: 0.35969615 | P405: 0.36014509 | R405: =PERCENTILE(G405:P405,0.9) -> 0.36364591 | S405: =spmv_1!R$14/R405 -> 3.0374167 | T405: =S405/128 -> 0.023729818
A406: nlpkkt240.mtx | B406: 11 | D406: 6052818 | E406: 0.035471 | G406: 0.34712624 | H406: 0.33135319 | I406: 0.34539104 | J406: 0.34794593 | K406: 0.34260321 | L406: 0.33292222 | M406: 0.33342934 | N406: 0.34168315 | O406: 0.34550881 | P406: 0.34490728 | R406: =PERCENTILE(G406:P406,0.9) -> 0.34720821 | S406: =spmv_1!R$14/R406 -> 3.1812155 | T406: =S406/128 -> 0.024853246
