Workbook

Sheet overall
A1: SEQUENTIAL
A2: matrice | B2: metrica | C2: Test 1 | D2: Test 2 | E2: Test 3 | F2: Test 4 | G2: Test 5 | H2: Test 6 | I2: Test 7 | J2: Test 8 | K2: Test 9 | L2: Test 10 | N2: 90 percentile
A3: ML_Geer.mtx | B3: CPU | C3: 330 | D3: 330 | E3: 310 | F3: 280 | G3: 280 | H3: 290 | I3: 290 | J3: 280 | K3: 290 | L3: 290 | N3: =PERCENTILE(C3:L3,0.9) -> 330
B4: REAL | C4: 337.897 | D4: 334.885 | E4: 315.053 | F4: 281.009 | G4: 285.559 | H4: 293.576 | I4: 296.252 | J4: 287.828 | K4: 289.84 | L4: 287.972 | N4: =PERCENTILE(C4:L4,0.9) -> 335.1862
A5: PFlow_742.mtx | B5: CPU | C5: 110 | D5: 110 | E5: 100 | F5: 100 | G5: 100 | H5: 100 | I5: 90 | J5: 90 | K5: 90 | L5: 90 | N5: =PERCENTILE(C5:L5,0.9) -> 110
B6: REAL | C6: 103.778 | D6: 107.721 | E6: 91.308 | F6: 93.819 | G6: 91.619 | H6: 94.419 | I6: 90.331 | J6: 92.612 | K6: 91.259 | L6: 93.925 | N6: =PERCENTILE(C6:L6,0.9) -> 104.1723
A7: bmwcra_1.mtx | B7: CPU | C7: 30 | D7: 30 | E7: 30 | F7: 30 | G7: 30 | H7: 30 | I7: 30 | J7: 30 | K7: 30 | L7: 20 | N7: =PERCENTILE(C7:L7,0.9) -> 30
B8: REAL | C8: 32.572 | D8: 31.383 | E8: 31.859 | F8: 29.893 | G8: 28.124 | H8: 28.328 | I8: 28.366 | J8: 28.933 | K8: 28.085 | L8: 27.885 | N8: =PERCENTILE(C8:L8,0.9) -> 31.9303
A9: msdoor.mtx | B9: CPU | C9: 60 | D9: 60 | E9: 60 | F9: 50 | G9: 40 | H9: 60 | I9: 50 | J9: 50 | K9: 50 | L9: 50 | N9: =PERCENTILE(C9:L9,0.9) -> 60
B10: REAL | C10: 109.421 | D10: 59.474 | E10: 58.849 | F10: 50.369 | G10: 49.794 | H10: 51.653 | I10: 52.727 | J10: 50.733 | K10: 51.269 | L10: 50.823 | N10: =PERCENTILE(C10:L10,0.9) -> 64.4687
A11: nlpkkt240.mtx | B11: CPU | C11: 1840 | D11: 1880 | E11: 1690 | F11: 1840 | G11: 1620 | H11: 1800 | I11: 1770 | J11: 1660 | K11: 1650 | L11: 1670 | N11: =PERCENTILE(C11:L11,0.9) -> 1844
B12: REAL | C12: 1844.783 | D12: 1883.559 | E12: 1695.884 | F12: 1844.39 | G12: 1630.52 | H12: 1801.218 | I12: 1775.783 | J12: 1658.855 | K12: 1653.927 | L12: 1672.572 | N12: =PERCENTILE(C12:L12,0.9) -> 1848.6606
T16: CHUNK_SIZE = AUTO (1) | AM16: CHUNK_SIZE = AUTO (iterazioni rimaste/#theads)
A18: STATIC – 4 | T18: DYNAMIC – 4 | AM18: GUIDED – 4
A19: matrice | B19: metrica | C19: Test 1 | D19: Test 2 | E19: Test 3 | F19: Test 4 | G19: Test 5 | H19: Test 6 | I19: Test 7 | J19: Test 8 | K19: Test 9 | L19: Test 10 | N19: 90 percentile | O19: Speedup | P19: Efficiency | T19: matrice | U19: metrica | V19: Test 1 | W19: Test 2 | X19: Test 3 | Y19: Test 4 | Z19: Test 5 | AA19: Test 6 | AB19: Test 7 | AC19: Test 8 | AD19: Test 9 | AE19: Test 10 | AG19: 90 percentile | AH19: Speedup | AI19: Efficiency | AM19: matrice | AN19: metrica | AO19: Test 1 | AP19: Test 2 | AQ19: Test 3 | AR19: Test 4 | AS19: Test 5 | AT19: Test 6 | AU19: Test 7 | AV19: Test 8 | AW19: Test 9 | AX19: Test 10 | AZ19: 90 percentile | BA19: Speedup | BB19: Efficiency
A20: ML_Geer.mtx | B20: CPU | C20: 160 | D20: 170 | E20: 160 | F20: 150 | G20: 180 | H20: 2040 | I20: 160 | J20: 160 | K20: 160 | L20: 150 | N20: =PERCENTILE(C20:L20,0.9) -> 366 | T20: ML_Geer.mtx | U20: CPU | V20: 1460 | W20: 1450 | X20: 1450 | Y20: 1380 | Z20: 1440 | AA20: 1710 | AB20: 1460 | AC20: 1220 | AD20: 1310 | AE20: 1120 | AG20: =PERCENTILE(V20:AE20,0.9) -> 1485 | AM20: ML_Geer.mtx | AN20: CPU | AO20: 1010 | AP20: 440 | AQ20: 400 | AR20: 500 | AS20: 510 | AT20: 690 | AU20: 460 | AV20: 800 | AW20: 530 | AX20: 2570 | AZ20: =PERCENTILE(AO20:AX20,0.9) -> 1166
B21: REAL | C21: 41.969 | D21: 41.731 | E21: 41.918 | F21: 37.43 | G21: 48.763 | H21: 782.105 | I21: 42.062 | J21: 41.185 | K21: 41.278 | L21: 40.574 | N21: =PERCENTILE(C21:L21,0.9) -> 122.0972 | O21: =N4/N21 -> 2.7452407 | P21: =O21/4 -> 0.68631017 | U21: REAL | V21: 365.342 | W21: 364.068 | X21: 365.226 | Y21: 346.562 | Z21: 362.534 | AA21: 428.369 | AB21: 366.158 | AC21: 307.163 | AD21: 336.303 | AE21: 280.71 | AG21: =PERCENTILE(V21:AE21,0.9) -> 372.3791 | AH21: =N4/AG21 -> 0.90012087 | AI21: =AH21/4 -> 0.22503022 | AN21: REAL | AO21: 379.34 | AP21: 208.954 | AQ21: 195.569 | AR21: 238.803 | AS21: 212.555 | AT21: 206.07 | AU21: 233.166 | AV21: 400.443 | AW21: 220.402 | AX21: 727.669 | AZ21: =PERCENTILE(AO21:AX21,0.9) -> 433.1656 | BA21: =N4/AZ21 -> 0.77380614 | BB21: =BA21/4 -> 0.19345153
A22: PFlow_742.mtx | B22: CPU | C22: 70 | D22: 70 | E22: 70 | F22: 60 | G22: 110 | H22: 70 | I22: 50 | J22: 60 | K22: 60 | L22: 60 | N22: =PERCENTILE(C22:L22,0.9) -> 74 | T22: PFlow_742.mtx | U22: CPU | V22: 650 | W22: 630 | X22: 650 | Y22: 500 | Z22: 650 | AA22: 640 | AB22: 490 | AC22: 480 | AD22: 1370 | AE22: 480 | AG22: =PERCENTILE(V22:AE22,0.9) -> 722 | AM22: PFlow_742.mtx | AN22: CPU | AO22: 170 | AP22: 260 | AQ22: 170 | AR22: 160 | AS22: 200 | AT22: 210 | AU22: 220 | AV22: 160 | AW22: 520 | AX22: 660 | AZ22: =PERCENTILE(AO22:AX22,0.9) -> 534
B23: REAL | C23: 17.16 | D23: 17.433 | E23: 17.494 | F23: 14.029 | G23: 34.694 | H23: 17.442 | I23: 13.808 | J23: 15.99 | K23: 16.954 | L23: 15.945 | N23: =PERCENTILE(C23:L23,0.9) -> 19.214 | O23: =N6/N23 -> 5.4216873 | P23: =O23/4 -> 1.3554218 | U23: REAL | V23: 161.398 | W23: 159.687 | X23: 163.299 | Y23: 124.532 | Z23: 162.618 | AA23: 160.575 | AB23: 120.616 | AC23: 121.187 | AD23: 401.593 | AE23: 121.325 | AG23: =PERCENTILE(V23:AE23,0.9) -> 187.1284 | AH23: =N6/AG23 -> 0.55668888 | AI23: =AH23/4 -> 0.13917222 | AN23: REAL | AO23: 81.977 | AP23: 80.517 | AQ23: 90.874 | AR23: 84.765 | AS23: 77.15 | AT23: 82.719 | AU23: 102.134 | AV23: 80.363 | AW23: 128.259 | AX23: 165.009 | AZ23: =PERCENTILE(AO23:AX23,0.9) -> 131.934 | BA23: =N6/AZ23 -> 0.78957888 | BB23: =BA23/4 -> 0.19739472
A24: bmwcra_1.mtx | B24: CPU | C24: 20 | D24: 100 | E24: 20 | F24: 20 | G24: 20 | H24: 90 | I24: 30 | J24: 20 | K24: 20 | L24: 20 | N24: =PERCENTILE(C24:L24,0.9) -> 91 | T24: bmwcra_1.mtx | U24: CPU | V24: 140 | W24: 140 | X24: 140 | Y24: 150 | Z24: 150 | AA24: 170 | AB24: 150 | AC24: 110 | AD24: 110 | AE24: 110 | AG24: =PERCENTILE(V24:AE24,0.9) -> 152 | AM24: bmwcra_1.mtx | AN24: CPU | AO24: 70 | AP24: 60 | AQ24: 60 | AR24: 60 | AS24: 50 | AT24: 50 | AU24: 60 | AV24: 60 | AW24: 60 | AX24: 110 | AZ24: =PERCENTILE(AO24:AX24,0.9) -> 74
B25: REAL | C25: 4.571 | D25: 44.046 | E25: 5.123 | F25: 5.124 | G25: 5.197 | H25: 47.409 | I25: 9.815 | J25: 5.545 | K25: 4.364 | L25: 4.625 | N25: =PERCENTILE(C25:L25,0.9) -> 44.3823 | O25: =N8/N25 -> 0.7194377 | P25: =O25/4 -> 0.17985943 | U25: REAL | V25: 36.094 | W25: 35.925 | X25: 36.208 | Y25: 36.347 | Z25: 36.184 | AA25: 42.437 | AB25: 36.572 | AC25: 27.661 | AD25: 27.306 | AE25: 27.401 | AG25: =PERCENTILE(V25:AE25,0.9) -> 37.1585 | AH25: =N8/AG25 -> 0.85930003 | AI25: =AH25/4 -> 0.21482501 | AN25: REAL | AO25: 34.565 | AP25: 34.723 | AQ25: 27.891 | AR25: 35.471 | AS25: 25.394 | AT25: 27.817 | AU25: 34.534 | AV25: 27.582 | AW25: 27.898 | AX25: 28.556 | AZ25: =PERCENTILE(AO25:AX25,0.9) -> 34.7978 | BA25: =N8/AZ25 -> 0.91759537 | BB25: =BA25/4 -> 0.22939884
A26: msdoor.mtx | B26: CPU | C26: 30 | D26: 40 | E26: 40 | F26: 30 | G26: 40 | H26: 40 | I26: 50 | J26: 30 | K26: 30 | L26: 30 | N26: =PERCENTILE(C26:L26,0.9) -> 41 | T26: msdoor.mtx | U26: CPU | V26: 770 | W26: 620 | X26: 270 | Y26: 350 | Z26: 360 | AA26: 370 | AB26: 360 | AC26: 270 | AD26: 260 | AE26: 270 | AG26: =PERCENTILE(V26:AE26,0.9) -> 635 | AM26: msdoor.mtx | AN26: CPU | AO26: 210 | AP26: 130 | AQ26: 120 | AR26: 130 | AS26: 100 | AT26: 160 | AU26: 110 | AV26: 120 | AW26: 110 | AX26: 290 | AZ26: =PERCENTILE(AO26:AX26,0.9) -> 218
B27: REAL | C27: 8.59 | D27: 8.468 | E27: 10.105 | F27: 7.56 | G27: 10.099 | H27: 10.3 | I27: 9.78 | J27: 9.54 | K27: 9.443 | L27: 8.446 | N27: =PERCENTILE(C27:L27,0.9) -> 10.1245 | O27: =N10/N27 -> 6.3675935 | P27: =O27/4 -> 1.5918984 | U27: REAL | V27: 219.52 | W27: 170.692 | X27: 70.273 | Y27: 86.188 | Z27: 90.421 | AA27: 92.326 | AB27: 91.573 | AC27: 67.044 | AD27: 67.72 | AE27: 68.534 | AG27: =PERCENTILE(V27:AE27,0.9) -> 175.5748 | AH27: =N10/AG27 -> 0.36718652 | AI27: =AH27/4 -> 0.09179663 | AN27: REAL | AO27: 94.217 | AP27: 51.032 | AQ27: 60.917 | AR27: 54.348 | AS27: 50.037 | AT27: 71.977 | AU27: 61.117 | AV27: 62.411 | AW27: 60.923 | AX27: 73.257 | AZ27: =PERCENTILE(AO27:AX27,0.9) -> 75.353 | BA27: =N10/AZ27 -> 0.85555585 | BB27: =BA27/4 -> 0.21388896
A28: nlpkkt240.mtx | B28: CPU | C28: 5260 | D28: 1250 | E28: 5790 | F28: 3730 | G28: 2430 | H28: 5000 | I28: 1050 | J28: 8500 | K28: 1150 | L28: 1050 | N28: =PERCENTILE(C28:L28,0.9) -> 6061 | T28: nlpkkt240.mtx | U28: CPU | V28: 21260 | W28: 35350 | X28: 57500 | Y28: 68140 | Z28: 20580 | AA28: 38870 | AB28: 21770 | AC28: 45230 | AD28: 59580 | AE28: 50020 | AG28: =PERCENTILE(V28:AE28,0.9) -> 60436 | AM28: nlpkkt240.mtx | AN28: CPU | AO28: 34630 | AP28: 16220 | AQ28: 15640 | AR28: 15880 | AS28: 15640 | AT28: 8550 | AU28: 26660 | AV28: 8280 | AW28: 31470 | AX28: 52370 | AZ28: =PERCENTILE(AO28:AX28,0.9) -> 36404
B29: REAL | C29: 1873.344 | D29: 345.6 | E29: 2491.296 | F29: 1234.578 | G29: 832.239 | H29: 2186.588 | I29: 292.841 | J29: 3530.571 | K29: 324.268 | L29: 288.956 | N29: =PERCENTILE(C29:L29,0.9) -> 2595.2235 | O29: =N12/N29 -> 0.71233194 | P29: =O29/4 -> 0.17808299 | U29: REAL | V29: 6002.818 | W29: 10307.937 | X29: 16757.794 | Y29: 19599.747 | Z29: 5165.61 | AA29: 11407.926 | AB29: 6056.375 | AC29: 12704.355 | AD29: 17251.298 | AE29: 13983.424 | AG29: =PERCENTILE(V29:AE29,0.9) -> 17486.143 | AH29: =N12/AG29 -> 0.10572146 | AI29: =AH29/4 -> 0.026430366 | AN29: REAL | AO29: 12423.998 | AP29: 5023.034 | AQ29: 4328.091 | AR29: 4056.046 | AS29: 4203.333 | AT29: 2208.453 | AU29: 8329.773 | AV29: 2209.656 | AW29: 8873.681 | AX29: 15184.945 | AZ29: =PERCENTILE(AO29:AX29,0.9) -> 12700.093 | BA29: =N12/AZ29 -> 0.14556276 | BB29: =BA29/4 -> 0.036390691
A33: STATIC – 8 | T33: DYNAMIC – 8 | AM33: GUIDED – 8
A34: matrice | B34: metrica | C34: Test 1 | D34: Test 2 | E34: Test 3 | F34: Test 4 | G34: Test 5 | H34: Test 6 | I34: Test 7 | J34: Test 8 | K34: Test 9 | L34: Test 10 | N34: 90 percentile | O34: Speedup | P34: Efficiency | T34: matrice | U34: metrica | V34: Test 1 | W34: Test 2 | X34: Test 3 | Y34: Test 4 | Z34: Test 5 | AA34: Test 6 | AB34: Test 7 | AC34: Test 8 | AD34: Test 9 | AE34: Test 10 | AG34: 90 percentile | AH34: Speedup | AI34: Efficiency | AM34: matrice | AN34: metrica | AO34: Test 1 | AP34: Test 2 | AQ34: Test 3 | AR34: Test 4 | AS34: Test 5 | AT34: Test 6 | AU34: Test 7 | AV34: Test 8 | AW34: Test 9 | AX34: Test 10 | AZ34: 90 percentile | BA34: Speedup | BB34: Efficiency
A35: ML_Geer.mtx | B35: CPU | C35: 500 | D35: 500 | E35: 500 | F35: 510 | G35: 490 | H35: 500 | I35: 490 | J35: 500 | K35: 500 | L35: 500 | N35: =PERCENTILE(C35:L35,0.9) -> 501 | T35: ML_Geer.mtx | U35: CPU | V35: 2140 | W35: 2280 | X35: 2210 | Y35: 3460 | Z35: 2220 | AA35: 2290 | AB35: 2270 | AC35: 2260 | AD35: 2230 | AE35: 2240 | AG35: =PERCENTILE(V35:AE35,0.9) -> 2407 | AM35: ML_Geer.mtx | AN35: CPU | AO35: 2080 | AP35: 1940 | AQ35: 850 | AR35: 1560 | AS35: 1190 | AT35: 930 | AU35: 1320 | AV35: 1210 | AW35: 1230 | AX35: 2210 | AZ35: =PERCENTILE(AO35:AX35,0.9) -> 2093
B36: REAL | C36: 62.336 | D36: 62.127 | E36: 62.003 | F36: 62.127 | G36: 62.452 | H36: 62.316 | I36: 61.911 | J36: 61.912 | K36: 63.208 | L36: 62.443 | N36: =PERCENTILE(C36:L36,0.9) -> 62.5276 | O36: =N4/N36 -> 5.360612 | P36: =O36/8 -> 0.67007649 | U36: REAL | V36: 268.887 | W36: 285.317 | X36: 277.165 | Y36: 472.389 | Z36: 279.299 | AA36: 287.782 | AB36: 284.56 | AC36: 283.272 | AD36: 279.935 | AE36: 281.369 | AG36: =PERCENTILE(V36:AE36,0.9) -> 306.2427 | AH36: =N4/AG36 -> 1.0945116 | AI36: =AH36/8 -> 0.13681396 | AN36: REAL | AO36: 518.591 | AP36: 359.484 | AQ36: 208.164 | AR36: 315.3 | AS36: 249.867 | AT36: 222.34 | AU36: 250.995 | AV36: 274.293 | AW36: 268.533 | AX36: 277.032 | AZ36: =PERCENTILE(AO36:AX36,0.9) -> 375.3947 | BA36: =N4/AZ36 -> 0.89289007 | BB36: =BA36/8 -> 0.11161126
A37: PFlow_742.mtx | B37: CPU | C37: 170 | D37: 160 | E37: 180 | F37: 180 | G37: 180 | H37: 180 | I37: 170 | J37: 180 | K37: 190 | L37: 180 | N37: =PERCENTILE(C37:L37,0.9) -> 181 | T37: PFlow_742.mtx | U37: CPU | V37: 980 | W37: 1010 | X37: 1150 | Y37: 1080 | Z37: 1010 | AA37: 1030 | AB37: 990 | AC37: 1000 | AD37: 1040 | AE37: 1010 | AG37: =PERCENTILE(V37:AE37,0.9) -> 1087 | AM37: PFlow_742.mtx | AN37: CPU | AO37: 430 | AP37: 560 | AQ37: 440 | AR37: 640 | AS37: 590 | AT37: 750 | AU37: 880 | AV37: 640 | AW37: 990 | AX37: 990 | AZ37: =PERCENTILE(AO37:AX37,0.9) -> 990
B38: REAL | C38: 22.201 | D38: 21.052 | E38: 22.158 | F38: 22.283 | G38: 22.343 | H38: 22.216 | I38: 22.273 | J38: 22.185 | K38: 22.193 | L38: 23.223 | N38: =PERCENTILE(C38:L38,0.9) -> 22.431 | O38: =N6/N38 -> 4.644122 | P38: =O38/8 -> 0.58051525 | U38: REAL | V38: 123.017 | W38: 126.703 | X38: 231.395 | Y38: 209.109 | Z38: 125.663 | AA38: 129.601 | AB38: 124.017 | AC38: 125.809 | AD38: 130.269 | AE38: 126.311 | AG38: =PERCENTILE(V38:AE38,0.9) -> 211.3376 | AH38: =N6/AG38 -> 0.49291891 | AI38: =AH38/8 -> 0.061614864 | AN38: REAL | AO38: 99.202 | AP38: 110.803 | AQ38: 104.959 | AR38: 119.442 | AS38: 113.134 | AT38: 127.368 | AU38: 124.971 | AV38: 156.529 | AW38: 123.229 | AX38: 124.838 | AZ38: =PERCENTILE(AO38:AX38,0.9) -> 130.2841 | BA38: =N6/AZ38 -> 0.799578 | BB38: =BA38/8 -> 0.09994725
A39: bmwcra_1.mtx | B39: CPU | C39: 50 | D39: 40 | E39: 50 | F39: 50 | G39: 40 | H39: 50 | I39: 50 | J39: 50 | K39: 50 | L39: 50 | N39: =PERCENTILE(C39:L39,0.9) -> 50 | T39: bmwcra_1.mtx | U39: CPU | V39: 220 | W39: 220 | X39: 220 | Y39: 270 | Z39: 350 | AA39: 220 | AB39: 220 | AC39: 230 | AD39: 220 | AE39: 220 | AG39: =PERCENTILE(V39:AE39,0.9) -> 278 | AM39: bmwcra_1.mtx | AN39: CPU | AO39: 150 | AP39: 90 | AQ39: 200 | AR39: 150 | AS39: 150 | AT39: 170 | AU39: 140 | AV39: 130 | AW39: 150 | AX39: 210 | AZ39: =PERCENTILE(AO39:AX39,0.9) -> 201
B40: REAL | C40: 6.133 | D40: 6.249 | E40: 6.237 | F40: 6.195 | G40: 6.249 | H40: 6.109 | I40: 6.23 | J40: 6.191 | K40: 6.214 | L40: 6.228 | N40: =PERCENTILE(C40:L40,0.9) -> 6.249 | O40: =N8/N40 -> 5.1096655 | P40: =O40/8 -> 0.63870819 | U40: REAL | V40: 28.296 | W40: 26.964 | X40: 27.966 | Y40: 54.898 | Z40: 68.488 | AA40: 27.787 | AB40: 28.103 | AC40: 28.927 | AD40: 28.39 | AE40: 27.781 | AG40: =PERCENTILE(V40:AE40,0.9) -> 56.257 | AH40: =N8/AG40 -> 0.56757915 | AI40: =AH40/8 -> 0.070947393 | AN40: REAL | AO40: 39.588 | AP40: 24.545 | AQ40: 25.421 | AR40: 40.786 | AS40: 38.557 | AT40: 40.568 | AU40: 36.275 | AV40: 30.548 | AW40: 32.82 | AX40: 27.403 | AZ40: =PERCENTILE(AO40:AX40,0.9) -> 40.5898 | BA40: =N8/AZ40 -> 0.78665822 | BB40: =BA40/8 -> 0.098332278
A41: msdoor.mtx | B41: CPU | C41: 100 | D41: 100 | E41: 100 | F41: 90 | G41: 90 | H41: 100 | I41: 90 | J41: 110 | K41: 100 | L41: 100 | N41: =PERCENTILE(C41:L41,0.9) -> 101 | T41: msdoor.mtx | U41: CPU | V41: 590 | W41: 580 | X41: 580 | Y41: 570 | Z41: 560 | AA41: 560 | AB41: 600 | AC41: 580 | AD41: 610 | AE41: 580 | AG41: =PERCENTILE(V41:AE41,0.9) -> 601 | AM41: msdoor.mtx | AN41: CPU | AO41: 260 | AP41: 270 | AQ41: 280 | AR41: 220 | AS41: 310 | AT41: 440 | AU41: 220 | AV41: 270 | AW41: 230 | AX41: 570 | AZ41: =PERCENTILE(AO41:AX41,0.9) -> 453
B42: REAL | C42: 12.399 | D42: 12.105 | E42: 12.109 | F42: 12.124 | G42: 12.162 | H42: 12.321 | I42: 12.083 | J42: 12.107 | K42: 12.079 | L42: 12.116 | N42: =PERCENTILE(C42:L42,0.9) -> 12.3288 | O42: =N10/N42 -> 5.2291139 | P42: =O42/8 -> 0.65363924 | U42: REAL | V42: 74.059 | W42: 73.035 | X42: 72.112 | Y42: 96.733 | Z42: 71.057 | AA42: 70.799 | AB42: 75.101 | AC42: 73.002 | AD42: 75.848 | AE42: 72.082 | AG42: =PERCENTILE(V42:AE42,0.9) -> 77.9365 | AH42: =N10/AG42 -> 0.82719522 | AI42: =AH42/8 -> 0.1033994 | AN42: REAL | AO42: 67.251 | AP42: 63.333 | AQ42: 66.852 | AR42: 56.028 | AS42: 76.006 | AT42: 100.218 | AU42: 59.359 | AV42: 60.697 | AW42: 57.887 | AX42: 70.837 | AZ42: =PERCENTILE(AO42:AX42,0.9) -> 78.4272 | BA42: =N10/AZ42 -> 0.82201966 | BB42: =BA42/8 -> 0.10275246
A43: nlpkkt240.mtx | B43: CPU | C43: 3660 | D43: 2820 | E43: 2830 | F43: 2850 | G43: 2840 | H43: 3630 | I43: 2830 | J43: 2820 | K43: 2830 | L43: 3190 | N43: =PERCENTILE(C43:L43,0.9) -> 3633 | T43: nlpkkt240.mtx | U43: CPU | V43: 40800 | W43: 33860 | X43: 44860 | Y43: 30340 | Z43: 35280 | AA43: 35350 | AB43: 35270 | AC43: 35730 | AD43: 35690 | AE43: 34420 | AG43: =PERCENTILE(V43:AE43,0.9) -> 41206 | AM43: nlpkkt240.mtx | AN43: CPU | AO43: 28110 | AP43: 17730 | AQ43: 27280 | AR43: 23450 | AS43: 24800 | AT43: 23060 | AU43: 29400 | AV43: 20650 | AW43: 94260 | AX43: 55600 | AZ43: =PERCENTILE(AO43:AX43,0.9) -> 59466
B44: REAL | C44: 466.598 | D44: 391.003 | E44: 390.656 | F44: 391.992 | G44: 392.102 | H44: 461.876 | I44: 391.163 | J44: 391.264 | K44: 391.172 | L44: 439.941 | N44: =PERCENTILE(C44:L44,0.9) -> 462.3482 | O44: =N12/N44 -> 3.9984163 | P44: =O44/8 -> 0.49980204 | U44: REAL | V44: 5233.24 | W44: 4252.426 | X44: 6510.184 | Y44: 3910.162 | Z44: 4420.59 | AA44: 4440.839 | AB44: 4430.698 | AC44: 4488.114 | AD44: 4480.684 | AE44: 4322.436 | AG44: =PERCENTILE(V44:AE44,0.9) -> 5360.9344 | AH44: =N12/AG44 -> 0.34483925 | AI44: =AH44/8 -> 0.043104906 | AN44: REAL | AO44: 3549.218 | AP44: 2367.393 | AQ44: 3696.341 | AR44: 3029.196 | AS44: 3183.944 | AT44: 3099.597 | AU44: 4079.037 | AV44: 2754.894 | AW44: 12574.075 | AX44: 7220.296 | AZ44: =PERCENTILE(AO44:AX44,0.9) -> 7755.6739 | BA44: =N12/AZ44 -> 0.23836234 | BB44: =BA44/8 -> 0.029795293
A48: STATIC – 16 | T48: DYNAMIC – 16 | AM48: GUIDED – 16
A49: matrice | B49: metrica | C49: Test 1 | D49: Test 2 | E49: Test 3 | F49: Test 4 | G49: Test 5 | H49: Test 6 | I49: Test 7 | J49: Test 8 | K49: Test 9 | L49: Test 10 | N49: 90 percentile | O49: Speedup | P49: Efficiency | T49: matrice | U49: metrica | V49: Test 1 | W49: Test 2 | X49: Test 3 | Y49: Test 4 | Z49: Test 5 | AA49: Test 6 | AB49: Test 7 | AC49: Test 8 | AD49: Test 9 | AE49: Test 10 | AG49: 90 percentile | AH49: Speedup | AI49: Efficiency | AM49: matrice | AN49: metrica | AO49: Test 1 | AP49: Test 2 | AQ49: Test 3 | AR49: Test 4 | AS49: Test 5 | AT49: Test 6 | AU49: Test 7 | AV49: Test 8 | AW49: Test 9 | AX49: Test 10 | AZ49: 90 percentile | BA49: Speedup | BB49: Efficiency
A50: ML_Geer.mtx | B50: CPU | C50: 880 | D50: 740 | E50: 870 | F50: 780 | G50: 890 | H50: 880 | I50: 830 | J50: 930 | K50: 890 | L50: 930 | N50: =PERCENTILE(C50:L50,0.9) -> 930 | T50: ML_Geer.mtx | U50: CPU | V50: 3240 | W50: 3250 | X50: 3280 | Y50: 3210 | Z50: 3350 | AA50: 3270 | AB50: 3260 | AC50: 3350 | AD50: 3240 | AE50: 3270 | AG50: =PERCENTILE(V50:AE50,0.9) -> 3350 | AM50: ML_Geer.mtx | AN50: CPU | AO50: 2910 | AP50: 3110 | AQ50: 3090 | AR50: 3150 | AS50: 3100 | AT50: 3100 | AU50: 3120 | AV50: 3140 | AW50: 2870 | AX50: 3050 | AZ50: =PERCENTILE(AO50:AX50,0.9) -> 3141
B51: REAL | C51: 60.258 | D51: 50.04 | E51: 59.812 | F51: 52.349 | G51: 59.793 | H51: 59.222 | I51: 55.301 | J51: 66.137 | K51: 59.124 | L51: 66.143 | N51: =PERCENTILE(C51:L51,0.9) -> 66.1376 | O51: =N4/N51 -> 5.0680127 | P51: =O51/16 -> 0.3167508 | U51: REAL | V51: 233.016 | W51: 203.631 | X51: 205.86 | Y51: 201.053 | Z51: 210.609 | AA51: 205.564 | AB51: 204.63 | AC51: 209.428 | AD51: 203.284 | AE51: 204.68 | AG51: =PERCENTILE(V51:AE51,0.9) -> 212.8497 | AH51: =N4/AG51 -> 1.5747553 | AI51: =AH51/16 -> 0.098422208 | AN51: REAL | AO51: 182.381 | AP51: 194.802 | AQ51: 193.575 | AR51: 198.081 | AS51: 194.841 | AT51: 194.982 | AU51: 195.514 | AV51: 196.857 | AW51: 179.805 | AX51: 191.55 | AZ51: =PERCENTILE(AO51:AX51,0.9) -> 196.9794 | BA51: =N4/AZ51 -> 1.7016307 | BB51: =BA51/16 -> 0.10635192
A52: PFlow_742.mtx | B52: CPU | C52: 310 | D52: 340 | E52: 320 | F52: 310 | G52: 340 | H52: 310 | I52: 310 | J52: 280 | K52: 260 | L52: 340 | N52: =PERCENTILE(C52:L52,0.9) -> 340 | T52: PFlow_742.mtx | U52: CPU | V52: 1560 | W52: 1500 | X52: 1540 | Y52: 1530 | Z52: 1500 | AA52: 1550 | AB52: 1570 | AC52: 1550 | AD52: 1530 | AE52: 1560 | AG52: =PERCENTILE(V52:AE52,0.9) -> 1561 | AM52: PFlow_742.mtx | AN52: CPU | AO52: 1460 | AP52: 1480 | AQ52: 1470 | AR52: 1460 | AS52: 7540 | AT52: 1360 | AU52: 1480 | AV52: 1420 | AW52: 1460 | AX52: 1480 | AZ52: =PERCENTILE(AO52:AX52,0.9) -> 2086
B53: REAL | C53: 21.3 | D53: 24.444 | E53: 21.4 | F53: 21.153 | G53: 24.858 | H53: 21.282 | I53: 21.377 | J53: 18.673 | K53: 17.779 | L53: 24.495 | N53: =PERCENTILE(C53:L53,0.9) -> 24.5313 | O53: =N6/N53 -> 4.2465055 | P53: =O53/16 -> 0.26540659 | U53: REAL | V53: 98.562 | W53: 94.404 | X53: 96.958 | Y53: 96.559 | Z53: 94.612 | AA53: 97.759 | AB53: 98.091 | AC53: 96.772 | AD53: 96.597 | AE53: 98.358 | AG53: =PERCENTILE(V53:AE53,0.9) -> 98.3784 | AH53: =N6/AG53 -> 1.058894 | AI53: =AH53/16 -> 0.066180877 | AN53: REAL | AO53: 92.22 | AP53: 93.115 | AQ53: 92.54 | AR53: 91.753 | AS53: 476.968 | AT53: 85.845 | AU53: 93.407 | AV53: 89.789 | AW53: 91.657 | AX53: 93.074 | AZ53: =PERCENTILE(AO53:AX53,0.9) -> 131.7631 | BA53: =N6/AZ53 -> 0.79060298 | BB53: =BA53/16 -> 0.049412686
A54: bmwcra_1.mtx | B54: CPU | C54: 80 | D54: 100 | E54: 90 | F54: 100 | G54: 90 | H54: 90 | I54: 90 | J54: 90 | K54: 90 | L54: 90 | N54: =PERCENTILE(C54:L54,0.9) -> 100 | T54: bmwcra_1.mtx | U54: CPU | V54: 490 | W54: 2530 | X54: 930 | Y54: 2110 | Z54: 310 | AA54: 330 | AB54: 310 | AC54: 290 | AD54: 350 | AE54: 310 | AG54: =PERCENTILE(V54:AE54,0.9) -> 2152 | AM54: bmwcra_1.mtx | AN54: CPU | AO54: 330 | AP54: 310 | AQ54: 320 | AR54: 320 | AS54: 310 | AT54: 310 | AU54: 320 | AV54: 320 | AW54: 320 | AX54: 320 | AZ54: =PERCENTILE(AO54:AX54,0.9) -> 321
B55: REAL | C55: 5.326 | D55: 7.051 | E55: 5.93 | F55: 7.046 | G55: 5.935 | H55: 5.87 | I55: 6.081 | J55: 5.596 | K55: 5.395 | L55: 5.923 | N55: =PERCENTILE(C55:L55,0.9) -> 7.0465 | O55: =N8/N55 -> 4.5313702 | P55: =O55/16 -> 0.28321064 | U55: REAL | V55: 32.803 | W55: 163.518 | X55: 59.752 | Y55: 136.513 | Z55: 20.108 | AA55: 21.196 | AB55: 19.886 | AC55: 18.631 | AD55: 22.259 | AE55: 19.473 | AG55: =PERCENTILE(V55:AE55,0.9) -> 139.2135 | AH55: =N8/AG55 -> 0.22936209 | AI55: =AH55/16 -> 0.014335131 | AN55: REAL | AO55: 20.207 | AP55: 20.294 | AQ55: 20.128 | AR55: 20.257 | AS55: 20.185 | AT55: 19.934 | AU55: 20.38 | AV55: 20.155 | AW55: 20.264 | AX55: 20.366 | AZ55: =PERCENTILE(AO55:AX55,0.9) -> 20.3674 | BA55: =N8/AZ55 -> 1.5677161 | BB55: =BA55/16 -> 0.097982254
A56: msdoor.mtx | B56: CPU | C56: 160 | D56: 170 | E56: 190 | F56: 170 | G56: 190 | H56: 190 | I56: 170 | J56: 170 | K56: 190 | L56: 170 | N56: =PERCENTILE(C56:L56,0.9) -> 190 | T56: msdoor.mtx | U56: CPU | V56: 980 | W56: 870 | X56: 850 | Y56: 860 | Z56: 880 | AA56: 880 | AB56: 900 | AC56: 870 | AD56: 900 | AE56: 890 | AG56: =PERCENTILE(V56:AE56,0.9) -> 908 | AM56: msdoor.mtx | AN56: CPU | AO56: 820 | AP56: 820 | AQ56: 820 | AR56: 800 | AS56: 830 | AT56: 850 | AU56: 830 | AV56: 800 | AW56: 830 | AX56: 830 | AZ56: =PERCENTILE(AO56:AX56,0.9) -> 832
B57: REAL | C57: 10.158 | D57: 10.58 | E57: 13.346 | F57: 10.857 | G57: 11.383 | H57: 13.454 | I57: 11.545 | J57: 11.49 | K57: 13.459 | L57: 10.883 | N57: =PERCENTILE(C57:L57,0.9) -> 13.4545 | O57: =N10/N57 -> 4.7916088 | P57: =O57/16 -> 0.29947555 | U57: REAL | V57: 66.008 | W57: 55.233 | X57: 53.856 | Y57: 54.405 | Z57: 55.932 | AA57: 55.529 | AB57: 56.676 | AC57: 54.724 | AD57: 57.259 | AE57: 56.293 | AG57: =PERCENTILE(V57:AE57,0.9) -> 58.1339 | AH57: =N10/AG57 -> 1.1089691 | AI57: =AH57/16 -> 0.06931057 | AN57: REAL | AO57: 51.866 | AP57: 51.894 | AQ57: 51.617 | AR57: 50.076 | AS57: 52.577 | AT57: 52.999 | AU57: 52.423 | AV57: 50.69 | AW57: 52.337 | AX57: 52.629 | AZ57: =PERCENTILE(AO57:AX57,0.9) -> 52.666 | BA57: =N10/AZ57 -> 1.2241047 | BB57: =BA57/16 -> 0.076506546
A58: nlpkkt240.mtx | B58: CPU | C58: 5520 | D58: 6460 | E58: 6260 | F58: 5440 | G58: 6230 | H58: 6180 | I58: 6410 | J58: 5800 | K58: 6090 | L58: 6160 | N58: =PERCENTILE(C58:L58,0.9) -> 6415 | T58: nlpkkt240.mtx | U58: CPU | V58: 55140 | W58: 55420 | X58: 54230 | Y58: 55530 | Z58: 54840 | AA58: 55600 | AB58: 56760 | AC58: 55090 | AD58: 56200 | AE58: 56460 | AG58: =PERCENTILE(V58:AE58,0.9) -> 56490 | AM58: nlpkkt240.mtx | AN58: CPU | AO58: 211870 | AP58: 198370 | AQ58: 192990 | AR58: 219900 | AS58: 53080 | AT58: 52310 | AU58: 210130 | AV58: 52700 | AW58: 202640 | AX58: 53210 | AZ58: =PERCENTILE(AO58:AX58,0.9) -> 212673
B59: REAL | C59: 383.365 | D59: 477.952 | E59: 428.643 | F59: 387.09 | G59: 426.959 | H59: 421.729 | I59: 475.175 | J59: 410.935 | K59: 422.29 | L59: 429.194 | N59: =PERCENTILE(C59:L59,0.9) -> 475.4527 | O59: =N12/N59 -> 3.8882114 | P59: =O59/16 -> 0.24301321 | U59: REAL | V59: 3454.396 | W59: 3471.803 | X59: 3397.921 | Y59: 3478.948 | Z59: 3435.938 | AA59: 3483.275 | AB59: 3556.131 | AC59: 3452.089 | AD59: 3521.699 | AE59: 3536.942 | AG59: =PERCENTILE(V59:AE59,0.9) -> 3538.8609 | AH59: =N12/AG59 -> 0.5223886 | AI59: =AH59/16 -> 0.032649288 | AN59: REAL | AO59: 13438.606 | AP59: 12565.975 | AQ59: 12184.784 | AR59: 13994.418 | AS59: 3325.9 | AT59: 3277.048 | AU59: 13302.701 | AV59: 3307.541 | AW59: 12823.885 | AX59: 3333.151 | AZ59: =PERCENTILE(AO59:AX59,0.9) -> 13494.187 | BA59: =N12/AZ59 -> 0.13699681 | BB59: =BA59/16 -> 0.0085623006
A63: STATIC – 32 | N63: =#VALUE! -> #VALUE! | T63: DYNAMIC – 32 | AM63: GUIDED – 32
A64: matrice | B64: metrica | C64: Test 1 | D64: Test 2 | E64: Test 3 | F64: Test 4 | G64: Test 5 | H64: Test 6 | I64: Test 7 | J64: Test 8 | K64: Test 9 | L64: Test 10 | N64: 90 percentile | O64: Speedup | P64: Efficiency | T64: matrice | U64: metrica | V64: Test 1 | W64: Test 2 | X64: Test 3 | Y64: Test 4 | Z64: Test 5 | AA64: Test 6 | AB64: Test 7 | AC64: Test 8 | AD64: Test 9 | AE64: Test 10 | AG64: 90 percentile | AH64: Speedup | AI64: Efficiency | AM64: matrice | AN64: metrica | AO64: Test 1 | AP64: Test 2 | AQ64: Test 3 | AR64: Test 4 | AS64: Test 5 | AT64: Test 6 | AU64: Test 7 | AV64: Test 8 | AW64: Test 9 | AX64: Test 10 | AZ64: 90 percentile | BA64: Speedup | BB64: Efficiency
A65: ML_Geer.mtx | B65: CPU | C65: 1120 | D65: 840 | E65: 1160 | F65: 1010 | G65: 870 | H65: 1060 | I65: 1360 | J65: 1090 | K65: 930 | L65: 1050 | N65: =PERCENTILE(C65:L65,0.9) -> 1180 | T65: ML_Geer.mtx | U65: CPU | V65: 6010 | W65: 6220 | X65: 3930 | Y65: 3190 | Z65: 3880 | AA65: 3780 | AB65: 3520 | AC65: 3600 | AD65: 3780 | AE65: 4320 | AG65: =PERCENTILE(V65:AE65,0.9) -> 6031 | AM65: ML_Geer.mtx | AN65: CPU | AO65: 4170 | AP65: 4170 | AQ65: 4150 | AR65: 4010 | AS65: 4080 | AT65: 4040 | AU65: 4100 | AV65: 4050 | AW65: 4130 | AX65: 4040 | AZ65: =PERCENTILE(AO65:AX65,0.9) -> 4170
B66: REAL | C66: 36.014 | D66: 26.914 | E66: 36.971 | F66: 31.75 | G66: 27.684 | H66: 33.601 | I66: 43.451 | J66: 34.655 | K66: 29.716 | L66: 33.314 | N66: =PERCENTILE(C66:L66,0.9) -> 37.619 | O66: =N4/N66 -> 8.9100242 | P66: =O66/32 -> 0.27843826 | U66: REAL | V66: 372.081 | W66: 388.2 | X66: 188.002 | Y66: 191.138 | Z66: 169.874 | AA66: 180.514 | AB66: 194.325 | AC66: 183.058 | AD66: 173.216 | AE66: 135.742 | AG66: =PERCENTILE(V66:AE66,0.9) -> 373.6929 | AH66: =N4/AG66 -> 0.8969563 | AI66: =AH66/32 -> 0.028029884 | AN66: REAL | AO66: 131.055 | AP66: 131.033 | AQ66: 130.621 | AR66: 125.881 | AS66: 128.441 | AT66: 127.427 | AU66: 128.956 | AV66: 127.255 | AW66: 129.983 | AX66: 127.027 | AZ66: =PERCENTILE(AO66:AX66,0.9) -> 131.0352 | BA66: =N4/AZ66 -> 2.5579859 | BB66: =BA66/32 -> 0.079937061
A67: PFlow_742.mtx | B67: CPU | C67: 290 | D67: 450 | E67: 400 | F67: 340 | G67: 380 | H67: 370 | I67: 330 | J67: 390 | K67: 380 | L67: 330 | N67: =PERCENTILE(C67:L67,0.9) -> 405 | T67: PFlow_742.mtx | U67: CPU | V67: 1710 | W67: 1800 | X67: 1660 | Y67: 2290 | Z67: 1700 | AA67: 2290 | AB67: 1630 | AC67: 1740 | AD67: 1830 | AE67: 2010 | AG67: =PERCENTILE(V67:AE67,0.9) -> 2290 | AM67: PFlow_742.mtx | AN67: CPU | AO67: 1990 | AP67: 1980 | AQ67: 1960 | AR67: 1980 | AS67: 2020 | AT67: 1950 | AU67: 1980 | AV67: 2020 | AW67: 2010 | AX67: 1990 | AZ67: =PERCENTILE(AO67:AX67,0.9) -> 2020
B68: REAL | C68: 9.553 | D68: 14.89 | E68: 12.897 | F68: 11.237 | G68: 12.657 | H68: 11.944 | I68: 10.5 | J68: 12.811 | K68: 12.632 | L68: 11.111 | N68: =PERCENTILE(C68:L68,0.9) -> 13.0963 | O68: =N6/N68 -> 7.9543306 | P68: =O68/32 -> 0.24857283 | U68: REAL | V68: 112.863 | W68: 107.775 | X68: 106.544 | Y68: 76.744 | Z68: 89.543 | AA68: 84.012 | AB68: 95.681 | AC68: 110.689 | AD68: 118.356 | AE68: 63.467 | AG68: =PERCENTILE(V68:AE68,0.9) -> 113.4123 | AH68: =N6/AG68 -> 0.91852736 | AI68: =AH68/32 -> 0.02870398 | AN68: REAL | AO68: 63.083 | AP68: 62.429 | AQ68: 61.927 | AR68: 62.436 | AS68: 64.111 | AT68: 61.717 | AU68: 62.121 | AV68: 64.115 | AW68: 63.592 | AX68: 63.046 | AZ68: =PERCENTILE(AO68:AX68,0.9) -> 64.1114 | BA68: =N6/AZ68 -> 1.6248639 | BB68: =BA68/32 -> 0.050776997
A69: bmwcra_1.mtx | B69: CPU | C69: 100 | D69: 130 | E69: 110 | F69: 110 | G69: 120 | H69: 100 | I69: 110 | J69: 130 | K69: 100 | L69: 90 | N69: =PERCENTILE(C69:L69,0.9) -> 130 | T69: bmwcra_1.mtx | U69: CPU | V69: 670 | W69: 600 | X69: 600 | Y69: 550 | Z69: 530 | AA69: 710 | AB69: 570 | AC69: 620 | AD69: 540 | AE69: 460 | AG69: =PERCENTILE(V69:AE69,0.9) -> 674 | AM69: bmwcra_1.mtx | AN69: CPU | AO69: 430 | AP69: 580 | AQ69: 430 | AR69: 430 | AS69: 480 | AT69: 1100 | AU69: 420 | AV69: 420 | AW69: 440 | AX69: 790 | AZ69: =PERCENTILE(AO69:AX69,0.9) -> 821
B70: REAL | C70: 3.788 | D70: 4.737 | E70: 3.99 | F70: 3.906 | G70: 4.486 | H70: 3.637 | I70: 3.674 | J70: 4.645 | K70: 3.967 | L70: 3.656 | N70: =PERCENTILE(C70:L70,0.9) -> 4.6542 | O70: =N8/N70 -> 6.8605346 | P70: =O70/32 -> 0.21439171 | U70: REAL | V70: 35.859 | W70: 39.631 | X70: 39.408 | Y70: 34.769 | Z70: 35.153 | AA70: 49.641 | AB70: 39.868 | AC70: 38.605 | AD70: 30.104 | AE70: 15.132 | AG70: =PERCENTILE(V70:AE70,0.9) -> 40.8453 | AH70: =N8/AG70 -> 0.78173743 | AI70: =AH70/32 -> 0.024429295 | AN70: REAL | AO70: 13.999 | AP70: 18.592 | AQ70: 14.022 | AR70: 13.854 | AS70: 15.328 | AT70: 39.279 | AU70: 13.815 | AV70: 13.653 | AW70: 14.427 | AX70: 26.507 | AZ70: =PERCENTILE(AO70:AX70,0.9) -> 27.7842 | BA70: =N8/AZ70 -> 1.1492251 | BB70: =BA70/32 -> 0.035913284
A71: msdoor.mtx | B71: CPU | C71: 200 | D71: 200 | E71: 190 | F71: 250 | G71: 230 | H71: 180 | I71: 220 | J71: 180 | K71: 180 | L71: 220 | N71: =PERCENTILE(C71:L71,0.9) -> 232 | T71: msdoor.mtx | U71: CPU | V71: 1080 | W71: 1120 | X71: 980 | Y71: 1010 | Z71: 1260 | AA71: 1050 | AB71: 1010 | AC71: 1070 | AD71: 990 | AE71: 1170 | AG71: =PERCENTILE(V71:AE71,0.9) -> 1179 | AM71: msdoor.mtx | AN71: CPU | AO71: 1110 | AP71: 1110 | AQ71: 1130 | AR71: 1130 | AS71: 1130 | AT71: 1120 | AU71: 1120 | AV71: 1100 | AW71: 1150 | AX71: 1100 | AZ71: =PERCENTILE(AO71:AX71,0.9) -> 1132
B72: REAL | C72: 6.563 | D72: 6.513 | E72: 6.298 | F72: 8.497 | G72: 7.516 | H72: 6.001 | I72: 7.353 | J72: 6.42 | K72: 6.189 | L72: 7.598 | N72: =PERCENTILE(C72:L72,0.9) -> 7.6879 | O72: =N10/N72 -> 8.385736 | P72: =O72/32 -> 0.26205425 | U72: REAL | V72: 67.285 | W72: 66.167 | X72: 63.086 | Y72: 55.117 | Z72: 73.032 | AA72: 67.401 | AB72: 61.09 | AC72: 68.706 | AD72: 65.393 | AE72: 37.478 | AG72: =PERCENTILE(V72:AE72,0.9) -> 69.1386 | AH72: =N10/AG72 -> 0.93245597 | AI72: =AH72/32 -> 0.029139249 | AN72: REAL | AO72: 35.248 | AP72: 35.368 | AQ72: 35.88 | AR72: 35.958 | AS72: 36.035 | AT72: 35.549 | AU72: 35.752 | AV72: 34.922 | AW72: 36.356 | AX72: 35.351 | AZ72: =PERCENTILE(AO72:AX72,0.9) -> 36.0671 | BA72: =N10/AZ72 -> 1.7874656 | BB72: =BA72/32 -> 0.0558583
A73: nlpkkt240.mtx | B73: CPU | C73: 6180 | D73: 6680 | E73: 8190 | F73: 8120 | G73: 6780 | H73: 8390 | I73: 7040 | J73: 6660 | K73: 9550 | L73: 6850 | N73: =PERCENTILE(C73:L73,0.9) -> 8506 | T73: nlpkkt240.mtx | U73: CPU | V73: 343930 | W73: 66220 | X73: 70920 | Y73: 64990 | Z73: 63300 | AA73: 65430 | AB73: 70350 | AC73: 69290 | AD73: 75940 | AE73: 556900 | AG73: =PERCENTILE(V73:AE73,0.9) -> 365227 | AM73: nlpkkt240.mtx | AN73: CPU | AO73: 73690 | AP73: 74500 | AQ73: 73200 | AR73: 75560 | AS73: 72660 | AT73: 72780 | AU73: 73110 | AV73: 72070 | AW73: 72930 | AX73: 72670 | AZ73: =PERCENTILE(AO73:AX73,0.9) -> 74606
B74: REAL | C74: 251.746 | D74: 225.269 | E74: 272.97 | F74: 276.233 | G74: 225.726 | H74: 282.343 | I74: 243.303 | J74: 224.068 | K74: 302.007 | L74: 217.137 | N74: =PERCENTILE(C74:L74,0.9) -> 284.3094 | O74: =N12/N74 -> 6.5022845 | P74: =O74/32 -> 0.20319639 | U74: REAL | V74: 12904.904 | W74: 2463.31 | X74: 2435.216 | Y74: 2695.657 | Z74: 2697.168 | AA74: 2520.675 | AB74: 2291.2 | AC74: 2398.199 | AD74: 2641.425 | AE74: 17517.084 | AG74: =PERCENTILE(V74:AE74,0.9) -> 13366.122 | AH74: =N12/AG74 -> 0.13830942 | AI74: =AH74/32 -> 0.0043221694 | AN74: REAL | AO74: 2310.232 | AP74: 2335.979 | AQ74: 2293.662 | AR74: 2368.131 | AS74: 2276.923 | AT74: 2280.412 | AU74: 2290.689 | AV74: 2258.147 | AW74: 2285.033 | AX74: 2276.909 | AZ74: =PERCENTILE(AO74:AX74,0.9) -> 2339.1942 | BA74: =N12/AZ74 -> 0.79029804 | BB74: =BA74/32 -> 0.024696814
A78: STATIC – 64 | N78: =#VALUE! -> #VALUE! | T78: DYNAMIC – 64 | AM78: GUIDED – 64
A79: matrice | B79: metrica | C79: Test 1 | D79: Test 2 | E79: Test 3 | F79: Test 4 | G79: Test 5 | H79: Test 6 | I79: Test 7 | J79: Test 8 | K79: Test 9 | L79: Test 10 | N79: 90 percentile | O79: Speedup | P79: Efficiency | T79: matrice | U79: metrica | V79: Test 1 | W79: Test 2 | X79: Test 3 | Y79: Test 4 | Z79: Test 5 | AA79: Test 6 | AB79: Test 7 | AC79: Test 8 | AD79: Test 9 | AE79: Test 10 | AG79: 90 percentile | AH79: Speedup | AI79: Efficiency | AM79: matrice | AN79: metrica | AO79: Test 1 | AP79: Test 2 | AQ79: Test 3 | AR79: Test 4 | AS79: Test 5 | AT79: Test 6 | AU79: Test 7 | AV79: Test 8 | AW79: Test 9 | AX79: Test 10 | AZ79: 90 percentile | BA79: Speedup | BB79: Efficiency
A80: ML_Geer.mtx | B80: CPU | C80: 3970 | D80: 5130 | E80: 4970 | F80: 5040 | G80: 5100 | H80: 4110 | I80: 4830 | J80: 4870 | K80: 4330 | L80: 4850 | N80: =PERCENTILE(C80:L80,0.9) -> 5103 | T80: ML_Geer.mtx | U80: CPU | V80: 8130 | W80: 8020 | X80: 8140 | Y80: 7400 | Z80: 8910 | AA80: 8140 | AB80: 7420 | AC80: 7300 | AD80: 8100 | AE80: 7540 | AG80: =PERCENTILE(V80:AE80,0.9) -> 8217 | AM80: ML_Geer.mtx | AN80: CPU | AO80: 5890 | AP80: 5590 | AQ80: 7090 | AR80: 7200 | AS80: 6490 | AT80: 7120 | AU80: 6770 | AV80: 6490 | AW80: 7330 | AX80: 6660 | AZ80: =PERCENTILE(AO80:AX80,0.9) -> 7213
B81: REAL | C81: 74.572 | D81: 90.927 | E81: 87.825 | F81: 95.958 | G81: 92.086 | H81: 75.396 | I81: 87.006 | J81: 86.197 | K81: 77.656 | L81: 87.797 | N81: =PERCENTILE(C81:L81,0.9) -> 92.4732 | O81: =N4/N81 -> 3.6246848 | P81: =O81/64 -> 0.0566357 | U81: REAL | V81: 128.831 | W81: 128.451 | X81: 128.819 | Y81: 117.033 | Z81: 143.85 | AA81: 129.94 | AB81: 117.136 | AC81: 115.402 | AD81: 129.678 | AE81: 119.336 | AG81: =PERCENTILE(V81:AE81,0.9) -> 131.331 | AH81: =N4/AG81 -> 2.5522245 | AI81: =AH81/64 -> 0.039878508 | AN81: REAL | AO81: 182.094 | AP81: 283.597 | AQ81: 188.444 | AR81: 212.001 | AS81: 221.738 | AT81: 160.633 | AU81: 220.281 | AV81: 204.858 | AW81: 169.75 | AX81: 157.356 | AZ81: =PERCENTILE(AO81:AX81,0.9) -> 227.9239 | BA81: =N4/AZ81 -> 1.4706058 | BB81: =BA81/64 -> 0.022978215
A82: PFlow_742.mtx | B82: CPU | C82: 2230 | D82: 2250 | E82: 1660 | F82: 2250 | G82: 1620 | H82: 1660 | I82: 2190 | J82: 1570 | K82: 2310 | L82: 1990 | N82: =PERCENTILE(C82:L82,0.9) -> 2256 | T82: PFlow_742.mtx | U82: CPU | V82: 4420 | W82: 5020 | X82: 3620 | Y82: 3590 | Z82: 3570 | AA82: 3630 | AB82: 3600 | AC82: 4490 | AD82: 4340 | AE82: 3640 | AG82: =PERCENTILE(V82:AE82,0.9) -> 4543 | AM82: PFlow_742.mtx | AN82: CPU | AO82: 3690 | AP82: 3840 | AQ82: 3300 | AR82: 3420 | AS82: 3960 | AT82: 3910 | AU82: 4310 | AV82: 3950 | AW82: 4470 | AX82: 57570 | AZ82: =PERCENTILE(AO82:AX82,0.9) -> 9780
B83: REAL | C83: 38.163 | D83: 39.513 | E83: 28.15 | F83: 39.678 | G83: 27.958 | H83: 28.918 | I83: 39.281 | J83: 26.409 | K83: 38.723 | L83: 36.644 | N83: =PERCENTILE(C83:L83,0.9) -> 39.5295 | O83: =N6/N83 -> 2.6353053 | P83: =O83/64 -> 0.041176645 | U83: REAL | V83: 70.557 | W83: 81.136 | X83: 57.618 | Y83: 57.25 | Z83: 57.109 | AA83: 58.056 | AB83: 57.678 | AC83: 73.848 | AD83: 69.857 | AE83: 58.245 | AG83: =PERCENTILE(V83:AE83,0.9) -> 74.5768 | AH83: =N6/AG83 -> 1.3968459 | AI83: =AH83/64 -> 0.021825718 | AN83: REAL | AO83: 108.72 | AP83: 153.259 | AQ83: 197.559 | AR83: 139.344 | AS83: 136.498 | AT83: 116.684 | AU83: 114.063 | AV83: 102.857 | AW83: 98.076 | AX83: 1817.362 | AZ83: =PERCENTILE(AO83:AX83,0.9) -> 359.5393 | BA83: =N6/AZ83 -> 0.28973828 | BB83: =BA83/64 -> 0.0045271607
A84: bmwcra_1.mtx | B84: CPU | C84: 1710 | D84: 560 | E84: 1510 | F84: 1480 | G84: 1300 | H84: 540 | I84: 1130 | J84: 1480 | K84: 1040 | L84: 1660 | N84: =PERCENTILE(C84:L84,0.9) -> 1665 | T84: bmwcra_1.mtx | U84: CPU | V84: 800 | W84: 2050 | X84: 1400 | Y84: 1560 | Z84: 1430 | AA84: 1590 | AB84: 800 | AC84: 800 | AD84: 810 | AE84: 1580 | AG84: =PERCENTILE(V84:AE84,0.9) -> 1636 | AM84: bmwcra_1.mtx | AN84: CPU | AO84: 2310 | AP84: 1980 | AQ84: 2230 | AR84: 1840 | AS84: 2210 | AT84: 2280 | AU84: 1960 | AV84: 3120 | AW84: 2220 | AX84: 2350 | AZ84: =PERCENTILE(AO84:AX84,0.9) -> 2427
B85: REAL | C85: 28.252 | D85: 9.738 | E85: 28.517 | F85: 28.752 | G85: 25.15 | H85: 9.693 | I85: 20.956 | J85: 27.941 | K85: 20.732 | L85: 27.596 | N85: =PERCENTILE(C85:L85,0.9) -> 28.5405 | O85: =N8/N85 -> 1.1187716 | P85: =O85/64 -> 0.017480806 | U85: REAL | V85: 13.65 | W85: 40.432 | X85: 27.881 | Y85: 25.994 | Z85: 25.544 | AA85: 26.185 | AB85: 13.788 | AC85: 13.717 | AD85: 13.625 | AE85: 26.103 | AG85: =PERCENTILE(V85:AE85,0.9) -> 29.1361 | AH85: =N8/AG85 -> 1.0959016 | AI85: =AH85/64 -> 0.017123463 | AN85: REAL | AO85: 61.113 | AP85: 81.679 | AQ85: 90.81 | AR85: 38.932 | AS85: 101.621 | AT85: 116.966 | AU85: 61.782 | AV85: 113.589 | AW85: 87.999 | AX85: 57.324 | AZ85: =PERCENTILE(AO85:AX85,0.9) -> 113.9267 | BA85: =N8/AZ85 -> 0.28027056 | BB85: =BA85/64 -> 0.0043792275
A86: msdoor.mtx | B86: CPU | C86: 1540 | D86: 1610 | E86: 1560 | F86: 1920 | G86: 930 | H86: 1600 | I86: 1650 | J86: 2060 | K86: 2750 | L86: 1880 | N86: =PERCENTILE(C86:L86,0.9) -> 2129 | T86: msdoor.mtx | U86: CPU | V86: 2090 | W86: 2050 | X86: 2010 | Y86: 2810 | Z86: 2040 | AA86: 2770 | AB86: 2030 | AC86: 1980 | AD86: 2020 | AE86: 2010 | AG86: =PERCENTILE(V86:AE86,0.9) -> 2774 | AM86: msdoor.mtx | AN86: CPU | AO86: 2770 | AP86: 2580 | AQ86: 3370 | AR86: 3140 | AS86: 2690 | AT86: 19970 | AU86: 4080 | AV86: 3200 | AW86: 2820 | AX86: 3210 | AZ86: =PERCENTILE(AO86:AX86,0.9) -> 5669
B87: REAL | C87: 28.064 | D87: 28.753 | E87: 27.201 | F87: 34.594 | G87: 15.716 | H87: 29.677 | I87: 27.613 | J87: 34.94 | K87: 48.552 | L87: 33.783 | N87: =PERCENTILE(C87:L87,0.9) -> 36.3012 | O87: =N10/N87 -> 1.7759385 | P87: =O87/64 -> 0.02774904 | U87: REAL | V87: 33.687 | W87: 33.497 | X87: 32.66 | Y87: 45.192 | Z87: 32.95 | AA87: 44.925 | AB87: 32.998 | AC87: 32.146 | AD87: 32.886 | AE87: 32.574 | AG87: =PERCENTILE(V87:AE87,0.9) -> 44.9517 | AH87: =N10/AG87 -> 1.4341771 | AI87: =AH87/64 -> 0.022409018 | AN87: REAL | AO87: 117.767 | AP87: 107.793 | AQ87: 142.529 | AR87: 94.843 | AS87: 93.975 | AT87: 810.202 | AU87: 119.728 | AV87: 87.128 | AW87: 91.085 | AX87: 84.213 | AZ87: =PERCENTILE(AO87:AX87,0.9) -> 209.2963 | BA87: =N10/AZ87 -> 0.30802599 | BB87: =BA87/64 -> 0.0048129061
A88: nlpkkt240.mtx | B88: CPU | C88: 28930 | D88: 29360 | E88: 28540 | F88: 31410 | G88: 27560 | H88: 27120 | I88: 29160 | J88: 29570 | K88: 28310 | L88: 28320 | N88: =PERCENTILE(C88:L88,0.9) -> 29754 | T88: nlpkkt240.mtx | U88: CPU | V88: 133740 | W88: 130470 | X88: 133810 | Y88: 131160 | Z88: 133280 | AA88: 130720 | AB88: 130990 | AC88: 132700 | AD88: 131900 | AE88: 134730 | AG88: =PERCENTILE(V88:AE88,0.9) -> 133902 | AM88: nlpkkt240.mtx | AN88: CPU | AO88: 104160 | AP88: 98380 | AQ88: 86040 | AR88: 98240 | AS88: 95620 | AT88: 915620 | AU88: 115700 | AV88: 101150 | AW88: 122500 | AX88: 1059620 | AZ88: =PERCENTILE(AO88:AX88,0.9) -> 930020
B89: REAL | C89: 554.602 | D89: 566.846 | E89: 551.981 | F89: 580.256 | G89: 545.426 | H89: 543.92 | I89: 555.849 | J89: 565.683 | K89: 550.975 | L89: 552.372 | N89: =PERCENTILE(C89:L89,0.9) -> 568.187 | O89: =N12/N89 -> 3.253613 | P89: =O89/64 -> 0.050837703 | U89: REAL | V89: 2104.336 | W89: 2050.279 | X89: 2103.535 | Y89: 2060.012 | Z89: 2092.412 | AA89: 2053.796 | AB89: 2059.254 | AC89: 2086.746 | AD89: 2072.427 | AE89: 2119.529 | AG89: =PERCENTILE(V89:AE89,0.9) -> 2105.8553 | AH89: =N12/AG89 -> 0.87786687 | AI89: =AH89/64 -> 0.01371667 | AN89: REAL | AO89: 2457.306 | AP89: 2400.43 | AQ89: 2329.38 | AR89: 2331.809 | AS89: 2289.925 | AT89: 37260.197 | AU89: 2220.387 | AV89: 2363.26 | AW89: 2165.275 | AX89: 37062.099 | AZ89: =PERCENTILE(AO89:AX89,0.9) -> 37081.909 | BA89: =N12/AZ89 -> 0.049853437 | BB89: =BA89/64 -> 0.00077895995
T93: CHUNK_SIZE = 100 | AM93: CHUNK_SIZE = 100
A94: BEST TIME PER MATRIX
A95: matrix | B95: best time | C95: speedup | D95: config | T95: DYNAMIC – 4 – 100 | AM95: GUIDED – 4 – 100
A96: ML_Geer.mtx | B96: =AG143 -> 31.5145 | C96: =AH143 -> 10.635936 | D96: D-32-100 | T96: matrice | U96: metrica | V96: Test 1 | W96: Test 2 | X96: Test 3 | Y96: Test 4 | Z96: Test 5 | AA96: Test 6 | AB96: Test 7 | AC96: Test 8 | AD96: Test 9 | AE96: Test 10 | AG96: 90 percentile | AH96: Speedup | AI96: Efficiency | AM96: matrice | AN96: metrica | AO96: Test 1 | AP96: Test 2 | AQ96: Test 3 | AR96: Test 4 | AS96: Test 5 | AT96: Test 6 | AU96: Test 7 | AV96: Test 8 | AW96: Test 9 | AX96: Test 10 | AZ96: 90 percentile | BA96: Speedup | BB96: Efficiency
A97: PFlow_742.mtx | B97: =AG145 -> 10.667 | C97: =AH145 -> 9.7658479 | D97: D-32-100 | T97: ML_Geer.mtx | U97: CPU | V97: 180 | W97: 180 | X97: 170 | Y97: 170 | Z97: 170 | AA97: 170 | AB97: 170 | AC97: 160 | AD97: 170 | AE97: 170 | AG97: =PERCENTILE(V97:AE97,0.9) -> 180 | AM97: ML_Geer.mtx | AN97: CPU | AO97: 240 | AP97: 150 | AQ97: 170 | AR97: 170 | AS97: 170 | AT97: 160 | AU97: 180 | AV97: 170 | AW97: 150 | AX97: 1430 | AZ97: =PERCENTILE(AO97:AX97,0.9) -> 359
A98: bmwcra_1.mtx | B98: =AG132 -> 3.4504 | C98: =AH132 -> 9.2540865 | D98: D-16-100 | U98: REAL | V98: 44.445 | W98: 43.067 | X98: 43 | Y98: 41.044 | Z98: 42.478 | AA98: 42.293 | AB98: 42.827 | AC98: 41.858 | AD98: 42.18 | AE98: 43.024 | AG98: =PERCENTILE(V98:AE98,0.9) -> 43.2048 | AH98: =N4/AG98 -> 7.7580778 | AI98: =AH98/4 -> 1.9395195 | AN98: REAL | AO98: 60.257 | AP98: 38.021 | AQ98: 41.527 | AR98: 41.558 | AS98: 41.905 | AT98: 40.169 | AU98: 45.737 | AV98: 41.4 | AW98: 38.504 | AX98: 461.502 | AZ98: =PERCENTILE(AO98:AX98,0.9) -> 100.3815 | BA98: =N4/AZ98 -> 3.3391232 | BB98: =BA98/4 -> 0.83478081
A99: msdoor.mtx | B99: =AZ119 -> 5.6368 | C99: =BA119 -> 11.43711 | D99: G-8-100 | T99: PFlow_742.mtx | U99: CPU | V99: 60 | W99: 60 | X99: 60 | Y99: 60 | Z99: 60 | AA99: 60 | AB99: 60 | AC99: 60 | AD99: 60 | AE99: 60 | AG99: =PERCENTILE(V99:AE99,0.9) -> 60 | AM99: PFlow_742.mtx | AN99: CPU | AO99: 50 | AP99: 50 | AQ99: 60 | AR99: 60 | AS99: 60 | AT99: 60 | AU99: 60 | AV99: 60 | AW99: 50 | AX99: 60 | AZ99: =PERCENTILE(AO99:AX99,0.9) -> 60
A100: nlpkkt240.mtx | B100: =AG151 -> 220.578 | C100: =AH151 -> 8.3809836 | D100: D-32-100 | U100: REAL | V100: 15.374 | W100: 15.1 | X100: 14.214 | Y100: 15.153 | Z100: 15.433 | AA100: 15.136 | AB100: 15.035 | AC100: 15.127 | AD100: 14.253 | AE100: 14.352 | AG100: =PERCENTILE(V100:AE100,0.9) -> 15.3799 | AH100: =N6/AG100 -> 6.7732755 | AI100: =AH100/4 -> 1.6933189 | AN100: REAL | AO100: 13.939 | AP100: 14.786 | AQ100: 14.78 | AR100: 17.142 | AS100: 15.143 | AT100: 14.929 | AU100: 13.959 | AV100: 13.761 | AW100: 13.863 | AX100: 15.171 | AZ100: =PERCENTILE(AO100:AX100,0.9) -> 15.3681 | BA100: =N6/AZ100 -> 6.7784762 | BB100: =BA100/4 -> 1.694619
T101: bmwcra_1.mtx | U101: CPU | V101: 20 | W101: 30 | X101: 30 | Y101: 20 | Z101: 20 | AA101: 20 | AB101: 50 | AC101: 20 | AD101: 20 | AE101: 40 | AG101: =PERCENTILE(V101:AE101,0.9) -> 41 | AM101: bmwcra_1.mtx | AN101: CPU | AO101: 10 | AP101: 10 | AQ101: 10 | AR101: 70 | AS101: 50 | AT101: 20 | AU101: 130 | AV101: 20 | AW101: 10 | AX101: 90 | AZ101: =PERCENTILE(AO101:AX101,0.9) -> 94
U102: REAL | V102: 4.474 | W102: 9.308 | X102: 8.83 | Y102: 4.411 | Z102: 4.43 | AA102: 4.457 | AB102: 10.861 | AC102: 6.625 | AD102: 4.655 | AE102: 9.3 | AG102: =PERCENTILE(V102:AE102,0.9) -> 9.4633 | AH102: =N8/AG102 -> 3.374119 | AI102: =AH102/4 -> 0.84352974 | AN102: REAL | AO102: 4.264 | AP102: 4.272 | AQ102: 3.963 | AR102: 33.761 | AS102: 11.452 | AT102: 4.469 | AU102: 56.443 | AV102: 4.275 | AW102: 4.178 | AX102: 30.934 | AZ102: =PERCENTILE(AO102:AX102,0.9) -> 36.0292 | BA102: =N8/AZ102 -> 0.88623394 | BB102: =BA102/4 -> 0.22155849
T103: msdoor.mtx | U103: CPU | V103: 40 | W103: 40 | X103: 30 | Y103: 40 | Z103: 30 | AA103: 30 | AB103: 30 | AC103: 40 | AD103: 30 | AE103: 30 | AG103: =PERCENTILE(V103:AE103,0.9) -> 40 | AM103: msdoor.mtx | AN103: CPU | AO103: 30 | AP103: 30 | AQ103: 30 | AR103: 40 | AS103: 30 | AT103: 30 | AU103: 30 | AV103: 40 | AW103: 30 | AX103: 30 | AZ103: =PERCENTILE(AO103:AX103,0.9) -> 40
U104: REAL | V104: 10.674 | W104: 8.485 | X104: 8.162 | Y104: 8.913 | Z104: 8.865 | AA104: 8.633 | AB104: 8.678 | AC104: 9.183 | AD104: 8.694 | AE104: 8.341 | AG104: =PERCENTILE(V104:AE104,0.9) -> 9.3321 | AH104: =N10/AG104 -> 6.9082736 | AI104: =AH104/4 -> 1.7270684 | AN104: REAL | AO104: 7.866 | AP104: 7.918 | AQ104: 8.698 | AR104: 9.151 | AS104: 8.704 | AT104: 8.672 | AU104: 8.474 | AV104: 8.383 | AW104: 8.188 | AX104: 8.237 | AZ104: =PERCENTILE(AO104:AX104,0.9) -> 8.7487 | BA104: =N10/AZ104 -> 7.3689462 | BB104: =BA104/4 -> 1.8422366
T105: nlpkkt240.mtx | U105: CPU | V105: 2130 | W105: 1350 | X105: 1310 | Y105: 1300 | Z105: 1310 | AA105: 1300 | AB105: 1310 | AC105: 1300 | AD105: 1310 | AE105: 1310 | AG105: =PERCENTILE(V105:AE105,0.9) -> 1428 | AM105: nlpkkt240.mtx | AN105: CPU | AO105: 6360 | AP105: 1110 | AQ105: 7780 | AR105: 2060 | AS105: 9150 | AT105: 1940 | AU105: 1040 | AV105: 1060 | AW105: 1050 | AX105: 7050 | AZ105: =PERCENTILE(AO105:AX105,0.9) -> 7917
U106: REAL | V106: 534.373 | W106: 339.646 | X106: 329.666 | Y106: 328.161 | Z106: 328.582 | AA106: 328.077 | AB106: 327.185 | AC106: 327.867 | AD106: 327.434 | AE106: 328.438 | AG106: =PERCENTILE(V106:AE106,0.9) -> 359.1187 | AH106: =N12/AG106 -> 5.1477704 | AI106: =AH106/4 -> 1.2869426 | AN106: REAL | AO106: 2069.975 | AP106: 278.892 | AQ106: 2022.358 | AR106: 827.041 | AS106: 2435.627 | AT106: 745.913 | AU106: 262.716 | AV106: 264.686 | AW106: 261.527 | AX106: 3311.32 | AZ106: =PERCENTILE(AO106:AX106,0.9) -> 2523.1963 | BA106: =N12/AZ106 -> 0.73266618 | BB106: =BA106/4 -> 0.18316655
T110: DYNAMIC – 8 – 100 | AM110: GUIDED – 8 – 100
T111: matrice | U111: metrica | V111: Test 1 | W111: Test 2 | X111: Test 3 | Y111: Test 4 | Z111: Test 5 | AA111: Test 6 | AB111: Test 7 | AC111: Test 8 | AD111: Test 9 | AE111: Test 10 | AG111: 90 percentile | AH111: Speedup | AI111: Efficiency | AM111: matrice | AN111: metrica | AO111: Test 1 | AP111: Test 2 | AQ111: Test 3 | AR111: Test 4 | AS111: Test 5 | AT111: Test 6 | AU111: Test 7 | AV111: Test 8 | AW111: Test 9 | AX111: Test 10 | AZ111: 90 percentile | BA111: Speedup | BB111: Efficiency
T112: ML_Geer.mtx | U112: CPU | V112: 1150 | W112: 210 | X112: 220 | Y112: 230 | Z112: 220 | AA112: 2240 | AB112: 230 | AC112: 190 | AD112: 220 | AE112: 200 | AG112: =PERCENTILE(V112:AE112,0.9) -> 1259 | AM112: ML_Geer.mtx | AN112: CPU | AO112: 200 | AP112: 180 | AQ112: 580 | AR112: 190 | AS112: 220 | AT112: 1990 | AU112: 270 | AV112: 200 | AW112: 190 | AX112: 1370 | AZ112: =PERCENTILE(AO112:AX112,0.9) -> 1432
U113: REAL | V113: 143.871 | W113: 26.041 | X113: 28.065 | Y113: 29.798 | Z113: 27.602 | AA113: 280.684 | AB113: 28.837 | AC113: 23.981 | AD113: 27.761 | AE113: 25.404 | AG113: =PERCENTILE(V113:AE113,0.9) -> 157.5523 | AH113: =N4/AG113 -> 2.1274599 | AI113: =AH113/8 -> 0.26593249 | AN113: REAL | AO113: 24.999 | AP113: 22.756 | AQ113: 226.959 | AR113: 24.938 | AS113: 29.728 | AT113: 352.591 | AU113: 36.019 | AV113: 24.871 | AW113: 24.51 | AX113: 258.771 | AZ113: =PERCENTILE(AO113:AX113,0.9) -> 268.153 | BA113: =N4/AZ113 -> 1.2499812 | BB113: =BA113/8 -> 0.15624765
T114: PFlow_742.mtx | U114: CPU | V114: 90 | W114: 760 | X114: 80 | Y114: 100 | Z114: 90 | AA114: 80 | AB114: 80 | AC114: 80 | AD114: 80 | AE114: 210 | AG114: =PERCENTILE(V114:AE114,0.9) -> 265 | AM114: PFlow_742.mtx | AN114: CPU | AO114: 60 | AP114: 70 | AQ114: 70 | AR114: 80 | AS114: 70 | AT114: 410 | AU114: 70 | AV114: 70 | AW114: 70 | AX114: 60 | AZ114: =PERCENTILE(AO114:AX114,0.9) -> 113
U115: REAL | V115: 10.718 | W115: 95.034 | X115: 10.995 | Y115: 12.984 | Z115: 10.796 | AA115: 9.797 | AB115: 10.575 | AC115: 10.478 | AD115: 10.428 | AE115: 25.782 | AG115: =PERCENTILE(V115:AE115,0.9) -> 32.7072 | AH115: =N6/AG115 -> 3.184996 | AI115: =AH115/8 -> 0.3981245 | AN115: REAL | AO115: 7.676 | AP115: 8.315 | AQ115: 9.001 | AR115: 11.245 | AS115: 9.303 | AT115: 69.383 | AU115: 8.878 | AV115: 9.02 | AW115: 9.134 | AX115: 8.199 | AZ115: =PERCENTILE(AO115:AX115,0.9) -> 17.0588 | BA115: =N6/AZ115 -> 6.1066605 | BB115: =BA115/8 -> 0.76333256
T116: bmwcra_1.mtx | U116: CPU | V116: 20 | W116: 20 | X116: 310 | Y116: 170 | Z116: 30 | AA116: 20 | AB116: 150 | AC116: 20 | AD116: 30 | AE116: 20 | AG116: =PERCENTILE(V116:AE116,0.9) -> 184 | AM116: bmwcra_1.mtx | AN116: CPU | AO116: 80 | AP116: 140 | AQ116: 60 | AR116: 30 | AS116: 30 | AT116: 30 | AU116: 20 | AV116: 20 | AW116: 20 | AX116: 20 | AZ116: =PERCENTILE(AO116:AX116,0.9) -> 86
U117: REAL | V117: 2.97 | W117: 3.337 | X117: 38.092 | Y117: 21.118 | Z117: 2.994 | AA117: 3.293 | AB117: 19.739 | AC117: 3.247 | AD117: 3.289 | AE117: 3.154 | AG117: =PERCENTILE(V117:AE117,0.9) -> 22.8154 | AH117: =N8/AG117 -> 1.3995065 | AI117: =AH117/8 -> 0.17493831 | AN117: REAL | AO117: 17.18 | AP117: 23.171 | AQ117: 8.224 | AR117: 4.222 | AS117: 3.438 | AT117: 2.887 | AU117: 2.777 | AV117: 3.024 | AW117: 3.114 | AX117: 3.254 | AZ117: =PERCENTILE(AO117:AX117,0.9) -> 17.7791 | BA117: =N8/AZ117 -> 1.7959458 | BB117: =BA117/8 -> 0.22449323
T118: msdoor.mtx | U118: CPU | V118: 50 | W118: 50 | X118: 50 | Y118: 50 | Z118: 50 | AA118: 50 | AB118: 50 | AC118: 50 | AD118: 50 | AE118: 50 | AG118: =PERCENTILE(V118:AE118,0.9) -> 50 | AM118: msdoor.mtx | AN118: CPU | AO118: 40 | AP118: 40 | AQ118: 40 | AR118: 40 | AS118: 40 | AT118: 40 | AU118: 40 | AV118: 40 | AW118: 40 | AX118: 40 | AZ118: =PERCENTILE(AO118:AX118,0.9) -> 40
U119: REAL | V119: 6.797 | W119: 5.853 | X119: 6.233 | Y119: 6.14 | Z119: 6.322 | AA119: 6.518 | AB119: 6.413 | AC119: 6.367 | AD119: 6.138 | AE119: 6.297 | AG119: =PERCENTILE(V119:AE119,0.9) -> 6.5459 | AH119: =N10/AG119 -> 9.8487145 | AI119: =AH119/8 -> 1.2310893 | AN119: REAL | AO119: 5.086 | AP119: 5.698 | AQ119: 4.954 | AR119: 5.222 | AS119: 5.213 | AT119: 5.081 | AU119: 5.185 | AV119: 5.328 | AW119: 5.195 | AX119: 5.63 | AZ119: =PERCENTILE(AO119:AX119,0.9) -> 5.6368 | BA119: =N10/AZ119 -> 11.43711 | BB119: =BA119/8 -> 1.4296387
T120: nlpkkt240.mtx | U120: CPU | V120: 2370 | W120: 7620 | X120: 7620 | Y120: 5740 | Z120: 9710 | AA120: 8720 | AB120: 2040 | AC120: 2140 | AD120: 2160 | AE120: 11180 | AG120: =PERCENTILE(V120:AE120,0.9) -> 9857 | AM120: nlpkkt240.mtx | AN120: CPU | AO120: 2430 | AP120: 4920 | AQ120: 17550 | AR120: 8750 | AS120: 5940 | AT120: 1280 | AU120: 1470 | AV120: 1240 | AW120: 1580 | AX120: 12650 | AZ120: =PERCENTILE(AO120:AX120,0.9) -> 13140
U121: REAL | V121: 297.686 | W121: 955.281 | X121: 954.55 | Y121: 719.946 | Z121: 1217.696 | AA121: 1092.403 | AB121: 255.094 | AC121: 268.292 | AD121: 271.756 | AE121: 1401.501 | AG121: =PERCENTILE(V121:AE121,0.9) -> 1236.0765 | AH121: =N12/AG121 -> 1.4955875 | AI121: =AH121/8 -> 0.18694844 | AN121: REAL | AO121: 488.974 | AP121: 728.083 | AQ121: 2952.714 | AR121: 1415.377 | AS121: 954.818 | AT121: 158.825 | AU121: 199.092 | AV121: 155.68 | AW121: 202.379 | AX121: 2130.991 | AZ121: =PERCENTILE(AO121:AX121,0.9) -> 2213.1633 | BA121: =N12/AZ121 -> 0.83530239 | BB121: =BA121/8 -> 0.1044128
T125: DYNAMIC – 16 -100 | AM125: GUIDED – 16 – 100
...

Sheet speedup_tables
A1: ML_Geer
A2: Number of threads | B2: Static | C2: Dynamic (default) | D2: Guided (default) | E2: Dynamic (100) | F2: Guided (100)
A3: 4 | B3: =INDEX(overall!O$21:O$1000, 1 + (ROWS($B$3:B3)-1)*15) -> 2.7452407 | C3: =INDEX(overall!AH$21:AH$1000, 1 + (ROWS($C$3:C3)-1)*15) -> 0.90012087 | D3: =INDEX(overall!BA$21:BA$1000, 1 + (ROWS($D$3:D3)-1)*15) -> 0.77380614 | E3: =INDEX(overall!AH$98:AH$1000, 1 + (ROWS($E$3:E3)-1)*15) -> 7.7580778 | F3: =INDEX(overall!BA$98:BA$1000, 1 + (ROWS($F$3:F3)-1)*15) -> 3.3391232
A4: 8 | B4: =INDEX(overall!O$21:O$1000, 1 + (ROWS($B$3:B4)-1)*15) -> 5.360612 | C4: =INDEX(overall!AH$21:AH$1000, 1 + (ROWS($C$3:C4)-1)*15) -> 1.0945116 | D4: =INDEX(overall!BA$21:BA$1000, 1 + (ROWS($D$3:D4)-1)*15) -> 0.89289007 | E4: =INDEX(overall!AH$98:AH$1000, 1 + (ROWS($E$3:E4)-1)*15) -> 2.1274599 | F4: =INDEX(overall!BA$98:BA$1000, 1 + (ROWS($F$3:F4)-1)*15) -> 1.2499812
A5: 16 | B5: =INDEX(overall!O$21:O$1000, 1 + (ROWS($B$3:B5)-1)*15) -> 5.0680127 | C5: =INDEX(overall!AH$21:AH$1000, 1 + (ROWS($C$3:C5)-1)*15) -> 1.5747553 | D5: =INDEX(overall!BA$21:BA$1000, 1 + (ROWS($D$3:D5)-1)*15) -> 1.7016307 | E5: =INDEX(overall!AH$98:AH$1000, 1 + (ROWS($E$3:E5)-1)*15) -> 0.83926195 | F5: =INDEX(overall!BA$98:BA$1000, 1 + (ROWS($F$3:F5)-1)*15) -> 5.3653142
A6: 32 | B6: =INDEX(overall!O$21:O$1000, 1 + (ROWS($B$3:B6)-1)*15) -> 8.9100242 | C6: =INDEX(overall!AH$21:AH$1000, 1 + (ROWS($C$3:C6)-1)*15) -> 0.8969563 | D6: =INDEX(overall!BA$21:BA$1000, 1 + (ROWS($D$3:D6)-1)*15) -> 2.5579859 | E6: =INDEX(overall!AH$98:AH$1000, 1 + (ROWS($E$3:E6)-1)*15) -> 10.635936 | F6: =INDEX(overall!BA$98:BA$1000, 1 + (ROWS($F$3:F6)-1)*15) -> 4.8061915
A7: 64 | B7: =INDEX(overall!O$21:O$1000, 1 + (ROWS($B$3:B7)-1)*15) -> 3.6246848 | C7: =INDEX(overall!AH$21:AH$1000, 1 + (ROWS($C$3:C7)-1)*15) -> 2.5522245 | D7: =INDEX(overall!BA$21:BA$1000, 1 + (ROWS($D$3:D7)-1)*15) -> 1.4706058 | E7: =INDEX(overall!AH$98:AH$1000, 1 + (ROWS($E$3:E7)-1)*15) -> 1.0390297 | F7: =INDEX(overall!BA$98:BA$1000, 1 + (ROWS($F$3:F7)-1)*15) -> 6.7772709
A13: Pflow_742
A14: Number of threads | B14: Static | C14: Dynamic (default) | D14: Guided (default) | E14: Dynamic (100) | F14: Guided (100)
A15: 4 | B15: =INDEX(overall!O$23:O$1000, 1 + (ROWS($B$15:B15)-1)*15) -> 5.4216873 | C15: =INDEX(overall!AH$23:AH$1000, 1 + (ROWS($C$15:C15)-1)*15) -> 0.55668888 | D15: =INDEX(overall!BA$23:BA$1000, 1 + (ROWS($D$15:D15)-1)*15) -> 0.78957888 | E15: =INDEX(overall!AH$100:AH$1000, 1 + (ROWS($E$15:E15)-1)*15) -> 6.7732755 | F15: =INDEX(overall!BA$100:BA$1000, 1 + (ROWS($F$15:F15)-1)*15) -> 6.7784762
A16: 8 | B16: =INDEX(overall!O$23:O$1000, 1 + (ROWS($B$15:B16)-1)*15) -> 4.644122 | C16: =INDEX(overall!AH$23:AH$1000, 1 + (ROWS($C$15:C16)-1)*15) -> 0.49291891 | D16: =INDEX(overall!BA$23:BA$1000, 1 + (ROWS($D$15:D16)-1)*15) -> 0.799578 | E16: =INDEX(overall!AH$100:AH$1000, 1 + (ROWS($E$15:E16)-1)*15) -> 3.184996 | F16: =INDEX(overall!BA$100:BA$1000, 1 + (ROWS($F$15:F16)-1)*15) -> 6.1066605
A17: 16 | B17: =INDEX(overall!O$23:O$1000, 1 + (ROWS($B$15:B17)-1)*15) -> 4.2465055 | C17: =INDEX(overall!AH$23:AH$1000, 1 + (ROWS($C$15:C17)-1)*15) -> 1.058894 | D17: =INDEX(overall!BA$23:BA$1000, 1 + (ROWS($D$15:D17)-1)*15) -> 0.79060298 | E17: =INDEX(overall!AH$100:AH$1000, 1 + (ROWS($E$15:E17)-1)*15) -> 1.6838077 | F17: =INDEX(overall!BA$100:BA$1000, 1 + (ROWS($F$15:F17)-1)*15) -> 5.767133
A18: 32 | B18: =INDEX(overall!O$23:O$1000, 1 + (ROWS($B$15:B18)-1)*15) -> 7.9543306 | C18: =INDEX(overall!AH$23:AH$1000, 1 + (ROWS($C$15:C18)-1)*15) -> 0.91852736 | D18: =INDEX(overall!BA$23:BA$1000, 1 + (ROWS($D$15:D18)-1)*15) -> 1.6248639 | E18: =INDEX(overall!AH$100:AH$1000, 1 + (ROWS($E$15:E18)-1)*15) -> 9.7658479 | F18: =INDEX(overall!BA$100:BA$1000, 1 + (ROWS($F$15:F18)-1)*15) -> 4.9204024
A19: 64 | B19: =INDEX(overall!O$23:O$1000, 1 + (ROWS($B$15:B19)-1)*15) -> 2.6353053 | C19: =INDEX(overall!AH$23:AH$1000, 1 + (ROWS($C$15:C19)-1)*15) -> 1.3968459 | D19: =INDEX(overall!BA$23:BA$1000, 1 + (ROWS($D$15:D19)-1)*15) -> 0.28973828 | E19: =INDEX(overall!AH$100:AH$1000, 1 + (ROWS($E$15:E19)-1)*15) -> 0.93418437 | F19: =INDEX(overall!BA$100:BA$1000, 1 + (ROWS($F$15:F19)-1)*15) -> 3.9206294
A25: bmwcra_1
A26: Number of threads | B26: Static | C26: Dynamic (default) | D26: Guided (default) | E26: Dynamic (100) | F26: Guided (100)
A27: 4 | B27: =INDEX(overall!O$25:O$1000, 1 + (ROWS($B$27:B27)-1)*15) -> 0.7194377 | C27: =INDEX(overall!AH$25:AH$1000, 1 + (ROWS($C$27:C27)-1)*15) -> 0.85930003 | D27: =INDEX(overall!BA$25:BA$1000, 1 + (ROWS($D$27:D27)-1)*15) -> 0.91759537 | E27: =INDEX(overall!AH$102:AH$1000, 1 + (ROWS($E$27:E27)-1)*15) -> 3.374119 | F27: =INDEX(overall!BA$102:BA$1000, 1 + (ROWS($F$27:F27)-1)*15) -> 0.88623394
A28: 8 | B28: =INDEX(overall!O$25:O$1000, 1 + (ROWS($B$27:B28)-1)*15) -> 5.1096655 | C28: =INDEX(overall!AH$25:AH$1000, 1 + (ROWS($C$27:C28)-1)*15) -> 0.56757915 | D28: =INDEX(overall!BA$25:BA$1000, 1 + (ROWS($D$27:D28)-1)*15) -> 0.78665822 | E28: =INDEX(overall!AH$102:AH$1000, 1 + (ROWS($E$27:E28)-1)*15) -> 1.3995065 | F28: =INDEX(overall!BA$102:BA$1000, 1 + (ROWS($F$27:F28)-1)*15) -> 1.7959458
A29: 16 | B29: =INDEX(overall!O$25:O$1000, 1 + (ROWS($B$27:B29)-1)*15) -> 4.5313702 | C29: =INDEX(overall!AH$25:AH$1000, 1 + (ROWS($C$27:C29)-1)*15) -> 0.22936209 | D29: =INDEX(overall!BA$25:BA$1000, 1 + (ROWS($D$27:D29)-1)*15) -> 1.5677161 | E29: =INDEX(overall!AH$102:AH$1000, 1 + (ROWS($E$27:E29)-1)*15) -> 9.2540865 | F29: =INDEX(overall!BA$102:BA$1000, 1 + (ROWS($F$27:F29)-1)*15) -> 5.5227446
A30: 32 | B30: =INDEX(overall!O$25:O$1000, 1 + (ROWS($B$27:B30)-1)*15) -> 6.8605346 | C30: =INDEX(overall!AH$25:AH$1000, 1 + (ROWS($C$27:C30)-1)*15) -> 0.78173743 | D30: =INDEX(overall!BA$25:BA$1000, 1 + (ROWS($D$27:D30)-1)*15) -> 1.1492251 | E30: =INDEX(overall!AH$102:AH$1000, 1 + (ROWS($E$27:E30)-1)*15) -> 7.6039007 | F30: =INDEX(overall!BA$102:BA$1000, 1 + (ROWS($F$27:F30)-1)*15) -> 4.5565243
A31: 64 | B31: =INDEX(overall!O$25:O$1000, 1 + (ROWS($B$27:B31)-1)*15) -> 1.1187716 | C31: =INDEX(overall!AH$25:AH$1000, 1 + (ROWS($C$27:C31)-1)*15) -> 1.0959016 | D31: =INDEX(overall!BA$25:BA$1000, 1 + (ROWS($D$27:D31)-1)*15) -> 0.28027056 | E31: =INDEX(overall!AH$102:AH$1000, 1 + (ROWS($E$27:E31)-1)*15) -> 0.38284951 | F31: =INDEX(overall!BA$102:BA$1000, 1 + (ROWS($F$27:F31)-1)*15) -> 1.1111216
A37: msdoor
A38: Number of threads | B38: Static | C38: Dynamic (default) | D38: Guided (default) | E38: Dynamic (100) | F38: Guided (100)
A39: 4 | B39: =INDEX(overall!O$27:O$1000, 1 + (ROWS($B$39:B39)-1)*15) -> 6.3675935 | C39: =INDEX(overall!AH$27:AH$1000, 1 + (ROWS($C$39:C39)-1)*15) -> 0.36718652 | D39: =INDEX(overall!BA$27:BA$1000, 1 + (ROWS($D$39:D39)-1)*15) -> 0.85555585 | E39: =INDEX(overall!AH$104:AH$1000, 1 + (ROWS($E$39:E39)-1)*15) -> 6.9082736 | F39: =INDEX(overall!BA$104:BA$1000, 1 + (ROWS($F$39:F39)-1)*15) -> 7.3689462
A40: 8 | B40: =INDEX(overall!O$27:O$1000, 1 + (ROWS($B$39:B40)-1)*15) -> 5.2291139 | C40: =INDEX(overall!AH$27:AH$1000, 1 + (ROWS($C$39:C40)-1)*15) -> 0.82719522 | D40: =INDEX(overall!BA$27:BA$1000, 1 + (ROWS($D$39:D40)-1)*15) -> 0.82201966 | E40: =INDEX(overall!AH$104:AH$1000, 1 + (ROWS($E$39:E40)-1)*15) -> 9.8487145 | F40: =INDEX(overall!BA$104:BA$1000, 1 + (ROWS($F$39:F40)-1)*15) -> 11.43711
A41: 16 | B41: =INDEX(overall!O$27:O$1000, 1 + (ROWS($B$39:B41)-1)*15) -> 4.7916088 | C41: =INDEX(overall!AH$27:AH$1000, 1 + (ROWS($C$39:C41)-1)*15) -> 1.1089691 | D41: =INDEX(overall!BA$27:BA$1000, 1 + (ROWS($D$39:D41)-1)*15) -> 1.2241047 | E41: =INDEX(overall!AH$104:AH$1000, 1 + (ROWS($E$39:E41)-1)*15) -> 10.509031 | F41: =INDEX(overall!BA$104:BA$1000, 1 + (ROWS($F$39:F41)-1)*15) -> 2.5249662
A42: 32 | B42: =INDEX(overall!O$27:O$1000, 1 + (ROWS($B$39:B42)-1)*15) -> 8.385736 | C42: =INDEX(overall!AH$27:AH$1000, 1 + (ROWS($C$39:C42)-1)*15) -> 0.93245597 | D42: =INDEX(overall!BA$27:BA$1000, 1 + (ROWS($D$39:D42)-1)*15) -> 1.7874656 | E42: =INDEX(overall!AH$104:AH$1000, 1 + (ROWS($E$39:E42)-1)*15) -> 10.140893 | F42: =INDEX(overall!BA$104:BA$1000, 1 + (ROWS($F$39:F42)-1)*15) -> 4.6380026
A43: 64 | B43: =INDEX(overall!O$27:O$1000, 1 + (ROWS($B$39:B43)-1)*15) -> 1.7759385 | C43: =INDEX(overall!AH$27:AH$1000, 1 + (ROWS($C$39:C43)-1)*15) -> 1.4341771 | D43: =INDEX(overall!BA$27:BA$1000, 1 + (ROWS($D$39:D43)-1)*15) -> 0.30802599 | E43: =INDEX(overall!AH$104:AH$1000, 1 + (ROWS($E$39:E43)-1)*15) -> 0.55320893 | F43: =INDEX(overall!BA$104:BA$1000, 1 + (ROWS($F$39:F43)-1)*15) -> 2.8644735
A49: nlpkkt240
A50: Number of threads | B50: Static | C50: Dynamic (default) | D50: Guided (default) | E50: Dynamic (100) | F50: Guided (100)
A51: 4 | B51: =INDEX(overall!O$29:O$1000, 1 + (ROWS($B$51:B51)-1)*15) -> 0.71233194 | C51: =INDEX(overall!AH$29:AH$1000, 1 + (ROWS($C$51:C51)-1)*15) -> 0.10572146 | D51: =INDEX(overall!BA$29:BA$1000, 1 + (ROWS($D$51:D51)-1)*15) -> 0.14556276 | E51: =INDEX(overall!AH$106:AH$1000, 1 + (ROWS($E$51:E51)-1)*15) -> 5.1477704 | F51: =INDEX(overall!BA$106:BA$1000, 1 + (ROWS($F$51:F51)-1)*15) -> 0.73266618
A52: 8 | B52: =INDEX(overall!O$29:O$1000, 1 + (ROWS($B$51:B52)-1)*15) -> 3.9984163 | C52: =INDEX(overall!AH$29:AH$1000, 1 + (ROWS($C$51:C52)-1)*15) -> 0.34483925 | D52: =INDEX(overall!BA$29:BA$1000, 1 + (ROWS($D$51:D52)-1)*15) -> 0.23836234 | E52: =INDEX(overall!AH$106:AH$1000, 1 + (ROWS($E$51:E52)-1)*15) -> 1.4955875 | F52: =INDEX(overall!BA$106:BA$1000, 1 + (ROWS($F$51:F52)-1)*15) -> 0.83530239
A53: 16 | B53: =INDEX(overall!O$29:O$1000, 1 + (ROWS($B$51:B53)-1)*15) -> 3.8882114 | C53: =INDEX(overall!AH$29:AH$1000, 1 + (ROWS($C$51:C53)-1)*15) -> 0.5223886 | D53: =INDEX(overall!BA$29:BA$1000, 1 + (ROWS($D$51:D53)-1)*15) -> 0.13699681 | E53: =INDEX(overall!AH$106:AH$1000, 1 + (ROWS($E$51:E53)-1)*15) -> 0.3539452 | F53: =INDEX(overall!BA$106:BA$1000, 1 + (ROWS($F$51:F53)-1)*15) -> 2.1084234
A54: 32 | B54: =INDEX(overall!O$29:O$1000, 1 + (ROWS($B$51:B54)-1)*15) -> 6.5022845 | C54: =INDEX(overall!AH$29:AH$1000, 1 + (ROWS($C$51:C54)-1)*15) -> 0.13830942 | D54: =INDEX(overall!BA$29:BA$1000, 1 + (ROWS($D$51:D54)-1)*15) -> 0.79029804 | E54: =INDEX(overall!AH$106:AH$1000, 1 + (ROWS($E$51:E54)-1)*15) -> 8.3809836 | F54: =INDEX(overall!BA$106:BA$1000, 1 + (ROWS($F$51:F54)-1)*15) -> 4.2769705
A55: 64 | B55: =INDEX(overall!O$29:O$1000, 1 + (ROWS($B$51:B55)-1)*15) -> 3.253613 | C55: =INDEX(overall!AH$29:AH$1000, 1 + (ROWS($C$51:C55)-1)*15) -> 0.87786687 | D55: =INDEX(overall!BA$29:BA$1000, 1 + (ROWS($D$51:D55)-1)*15) -> 0.049853437 | E55: =INDEX(overall!AH$106:AH$1000, 1 + (ROWS($E$51:E55)-1)*15) -> 0.20605012 | F55: =INDEX(overall!BA$106:BA$1000, 1 + (ROWS($F$51:F55)-1)*15) -> 7.8515859
